season_id,game_date,team_name_home,team_name_away,pts_home,pts_away,pred_pts_home,pred_pts_away
22018,2018-10-16,Boston Celtics,Philadelphia 76ers,105.0,87.0,108.69449,106.3128
22018,2018-10-16,Golden State Warriors,Oklahoma City Thunder,108.0,100.0,110.97765,107.01253
22018,2018-10-17,Toronto Raptors,Cleveland Cavaliers,116.0,104.0,114.40733,109.34644
22018,2018-10-17,Charlotte Hornets,Milwaukee Bucks,112.0,113.0,110.32298,107.71587
22018,2018-10-17,Detroit Pistons,Brooklyn Nets,103.0,100.0,111.05322,108.24636
22018,2018-10-17,Indiana Pacers,Memphis Grizzlies,111.0,83.0,109.589096,103.579185
22018,2018-10-17,Orlando Magic,Miami Heat,104.0,101.0,103.279015,104.8424
22018,2018-10-17,Phoenix Suns,Dallas Mavericks,121.0,100.0,107.991646,107.96417
22018,2018-10-17,Sacramento Kings,Utah Jazz,117.0,123.0,99.33382,102.45551
22018,2018-10-17,New York Knicks,Atlanta Hawks,126.0,107.0,107.042915,103.3713
22018,2018-10-17,LA Clippers,Denver Nuggets,98.0,107.0,109.25306,107.68441
22018,2018-10-17,San Antonio Spurs,Minnesota Timberwolves,112.0,108.0,107.939476,104.672714
22018,2018-10-17,Houston Rockets,New Orleans Pelicans,112.0,131.0,124.26683,116.866035
22018,2018-10-18,Portland Trail Blazers,Los Angeles Lakers,128.0,119.0,112.53593,105.41472
22018,2018-10-18,Washington Wizards,Miami Heat,112.0,113.0,102.99608,101.79997
22018,2018-10-18,Philadelphia 76ers,Chicago Bulls,127.0,108.0,105.5306,99.94861
22018,2018-10-19,New Orleans Pelicans,Sacramento Kings,149.0,129.0,115.07871,107.18746
22018,2018-10-19,Memphis Grizzlies,Atlanta Hawks,131.0,117.0,101.464935,98.63961
22018,2018-10-19,Utah Jazz,Golden State Warriors,123.0,124.0,103.37898,100.586395
22018,2018-10-19,Toronto Raptors,Boston Celtics,113.0,101.0,109.705765,106.10376
22018,2018-10-19,Minnesota Timberwolves,Cleveland Cavaliers,131.0,123.0,110.119705,108.817825
22018,2018-10-19,Orlando Magic,Charlotte Hornets,88.0,120.0,109.85389,109.04814
22018,2018-10-19,Brooklyn Nets,New York Knicks,107.0,105.0,119.392624,115.20654
22018,2018-10-19,LA Clippers,Oklahoma City Thunder,108.0,92.0,107.37359,107.11847
22018,2018-10-19,Milwaukee Bucks,Indiana Pacers,118.0,101.0,105.88974,103.34981
22018,2018-10-20,Washington Wizards,Toronto Raptors,113.0,117.0,104.455574,104.98089
22018,2018-10-20,Philadelphia 76ers,Orlando Magic,116.0,115.0,111.08913,103.698
22018,2018-10-20,Denver Nuggets,Phoenix Suns,119.0,91.0,122.01361,114.351
22018,2018-10-20,New York Knicks,Boston Celtics,101.0,103.0,103.82348,105.51932
22018,2018-10-20,Chicago Bulls,Detroit Pistons,116.0,118.0,109.66568,107.87099
22018,2018-10-20,Portland Trail Blazers,San Antonio Spurs,121.0,108.0,103.91599,99.48163
22018,2018-10-20,Dallas Mavericks,Minnesota Timberwolves,140.0,136.0,109.13122,109.86156
22018,2018-10-20,Indiana Pacers,Brooklyn Nets,132.0,112.0,114.172325,109.62981
22018,2018-10-20,Los Angeles Lakers,Houston Rockets,115.0,124.0,110.41263,112.62283
22018,2018-10-20,Miami Heat,Charlotte Hornets,112.0,113.0,107.850876,104.26451
22018,2018-10-21,Denver Nuggets,Golden State Warriors,100.0,98.0,112.21518,112.24573
22018,2018-10-21,LA Clippers,Houston Rockets,115.0,112.0,109.348694,111.415245
22018,2018-10-21,Cleveland Cavaliers,Atlanta Hawks,111.0,133.0,110.78761,103.938965
22018,2018-10-21,Oklahoma City Thunder,Sacramento Kings,120.0,131.0,114.23554,105.11768
22018,2018-10-22,Minnesota Timberwolves,Indiana Pacers,101.0,91.0,109.28667,107.54736
22018,2018-10-22,Utah Jazz,Memphis Grizzlies,84.0,92.0,105.01032,96.80048
22018,2018-10-22,Boston Celtics,Orlando Magic,90.0,93.0,116.31397,108.16931
22018,2018-10-22,Golden State Warriors,Phoenix Suns,123.0,103.0,117.91838,107.567345
22018,2018-10-22,Dallas Mavericks,Chicago Bulls,115.0,109.0,106.73114,104.33761
22018,2018-10-22,Toronto Raptors,Charlotte Hornets,127.0,106.0,112.31097,105.49217
22018,2018-10-22,Los Angeles Lakers,San Antonio Spurs,142.0,143.0,103.581245,102.2643
22018,2018-10-22,Portland Trail Blazers,Washington Wizards,124.0,125.0,111.72419,105.708824
22018,2018-10-22,Milwaukee Bucks,New York Knicks,124.0,113.0,108.72759,102.85991
22018,2018-10-23,Denver Nuggets,Sacramento Kings,126.0,112.0,114.83365,108.33768
22018,2018-10-23,New Orleans Pelicans,LA Clippers,116.0,109.0,118.6242,113.96236
22018,2018-10-23,Detroit Pistons,Philadelphia 76ers,133.0,132.0,104.414444,103.664734
22018,2018-10-24,Cleveland Cavaliers,Brooklyn Nets,86.0,102.0,115.38067,110.77857
22018,2018-10-24,Miami Heat,New York Knicks,110.0,87.0,111.42913,105.605225
22018,2018-10-24,Golden State Warriors,Washington Wizards,144.0,122.0,112.9295,106.16176
22018,2018-10-24,Atlanta Hawks,Dallas Mavericks,111.0,104.0,105.92138,103.094574
22018,2018-10-24,Houston Rockets,Utah Jazz,89.0,100.0,116.70238,110.97301
22018,2018-10-24,Toronto Raptors,Minnesota Timberwolves,112.0,105.0,117.46613,111.02474
22018,2018-10-24,Milwaukee Bucks,Philadelphia 76ers,123.0,108.0,105.09588,103.18107
22018,2018-10-24,Chicago Bulls,Charlotte Hornets,112.0,110.0,109.596825,108.75403
22018,2018-10-24,Sacramento Kings,Memphis Grizzlies,97.0,92.0,105.44494,103.82966
22018,2018-10-24,Phoenix Suns,Los Angeles Lakers,113.0,131.0,115.43422,114.78424
22018,2018-10-24,San Antonio Spurs,Indiana Pacers,96.0,116.0,104.33834,101.63524
22018,2018-10-25,Los Angeles Lakers,Denver Nuggets,121.0,114.0,111.65365,110.81657
22018,2018-10-25,Oklahoma City Thunder,Boston Celtics,95.0,101.0,106.55296,103.78862
22018,2018-10-25,Orlando Magic,Portland Trail Blazers,114.0,128.0,108.965034,110.39036
22018,2018-10-25,Detroit Pistons,Cleveland Cavaliers,110.0,103.0,106.751884,104.49103
22018,2018-10-26,Houston Rockets,LA Clippers,113.0,133.0,128.67764,121.13273
22018,2018-10-26,Charlotte Hornets,Chicago Bulls,135.0,106.0,112.14558,106.26463
22018,2018-10-26,Sacramento Kings,Washington Wizards,116.0,112.0,106.9166,107.29881
22018,2018-10-26,Minnesota Timberwolves,Milwaukee Bucks,95.0,125.0,109.42109,108.09517
22018,2018-10-26,Toronto Raptors,Dallas Mavericks,116.0,107.0,112.66478,103.70173
22018,2018-10-26,New Orleans Pelicans,Brooklyn Nets,117.0,115.0,115.91875,110.78037
22018,2018-10-26,New York Knicks,Golden State Warriors,100.0,128.0,107.500946,109.4341
22018,2018-10-27,New Orleans Pelicans,Utah Jazz,111.0,132.0,107.29412,104.945404
22018,2018-10-27,Detroit Pistons,Boston Celtics,89.0,109.0,101.102394,101.484184
22018,2018-10-27,Milwaukee Bucks,Orlando Magic,113.0,91.0,112.56416,104.18018
22018,2018-10-27,Cleveland Cavaliers,Indiana Pacers,107.0,119.0,112.01627,110.00803
22018,2018-10-27,Atlanta Hawks,Chicago Bulls,85.0,97.0,110.314445,106.11399
22018,2018-10-27,Miami Heat,Portland Trail Blazers,120.0,111.0,109.0874,106.45835
22018,2018-10-27,San Antonio Spurs,Los Angeles Lakers,110.0,106.0,107.33959,102.84574
22018,2018-10-27,Memphis Grizzlies,Phoenix Suns,117.0,96.0,111.82356,106.57214
22018,2018-10-27,Philadelphia 76ers,Charlotte Hornets,105.0,103.0,106.10859,102.444275
22018,2018-10-28,Oklahoma City Thunder,Phoenix Suns,117.0,110.0,122.03223,111.99393
22018,2018-10-28,LA Clippers,Washington Wizards,136.0,104.0,111.52099,107.11919
22018,2018-10-28,Brooklyn Nets,Golden State Warriors,114.0,120.0,116.17635,117.96556
22018,2018-10-28,Dallas Mavericks,Utah Jazz,104.0,113.0,100.5867,103.694565
22018,2018-10-29,Philadelphia 76ers,Atlanta Hawks,113.0,92.0,103.7406,98.0618
22018,2018-10-29,Denver Nuggets,New Orleans Pelicans,116.0,111.0,113.14122,110.26245
22018,2018-10-29,San Antonio Spurs,Dallas Mavericks,113.0,108.0,102.7825,97.29728
22018,2018-10-29,Minnesota Timberwolves,Los Angeles Lakers,124.0,120.0,111.53487,108.1525
22018,2018-10-29,Miami Heat,Sacramento Kings,113.0,123.0,110.723595,104.40699
22018,2018-10-29,Chicago Bulls,Golden State Warriors,124.0,149.0,105.675896,108.973206
22018,2018-10-29,Milwaukee Bucks,Toronto Raptors,124.0,109.0,102.16586,101.0228
22018,2018-10-29,New York Knicks,Brooklyn Nets,115.0,96.0,114.52156,112.87527
22018,2018-10-29,Indiana Pacers,Portland Trail Blazers,93.0,103.0,112.009636,108.35876
22018,2018-10-30,Memphis Grizzlies,Washington Wizards,107.0,95.0,104.30575,102.245674
22018,2018-10-30,Orlando Magic,Sacramento Kings,99.0,107.0,110.309906,108.64316
22018,2018-10-30,Oklahoma City Thunder,LA Clippers,128.0,110.0,116.21279,111.562454
22018,2018-10-30,Toronto Raptors,Philadelphia 76ers,129.0,112.0,111.97029,107.02849
22018,2018-10-30,Houston Rockets,Portland Trail Blazers,85.0,104.0,124.01622,117.362816
22018,2018-10-30,Cleveland Cavaliers,Atlanta Hawks,136.0,114.0,111.30543,105.64746
22018,2018-10-30,Charlotte Hornets,Miami Heat,125.0,113.0,105.82094,104.370544
22018,2018-10-30,Boston Celtics,Detroit Pistons,108.0,105.0,110.902405,105.92118
22018,2018-10-31,Phoenix Suns,San Antonio Spurs,90.0,120.0,105.35543,107.662025
22018,2018-10-31,Golden State Warriors,New Orleans Pelicans,131.0,121.0,112.3205,106.02273
22018,2018-10-31,Minnesota Timberwolves,Utah Jazz,128.0,125.0,101.19969,102.3583
22018,2018-10-31,New York Knicks,Indiana Pacers,101.0,107.0,109.23689,108.74289
22018,2018-10-31,Brooklyn Nets,Detroit Pistons,120.0,119.0,114.40535,111.43912
22018,2018-10-31,Chicago Bulls,Denver Nuggets,107.0,108.0,111.03372,111.74689
22018,2018-10-31,Los Angeles Lakers,Dallas Mavericks,114.0,113.0,108.90683,104.407845
22018,2018-11-01,Philadelphia 76ers,LA Clippers,122.0,113.0,116.32415,112.830185
22018,2018-11-01,Atlanta Hawks,Sacramento Kings,115.0,146.0,113.36273,110.3232
22018,2018-11-01,Charlotte Hornets,Oklahoma City Thunder,107.0,111.0,111.72213,110.069824
22018,2018-11-01,Boston Celtics,Milwaukee Bucks,117.0,113.0,111.99897,109.64523
22018,2018-11-01,Portland Trail Blazers,New Orleans Pelicans,132.0,119.0,111.82539,106.58001
22018,2018-11-01,Cleveland Cavaliers,Denver Nuggets,91.0,110.0,115.39107,113.47727
22018,2018-11-02,Washington Wizards,Oklahoma City Thunder,111.0,134.0,111.251785,110.313644
22018,2018-11-02,Orlando Magic,LA Clippers,95.0,120.0,117.0494,118.0911
22018,2018-11-02,Phoenix Suns,Toronto Raptors,98.0,107.0,111.177605,115.25204
22018,2018-11-02,Dallas Mavericks,New York Knicks,106.0,118.0,115.395,112.39909
22018,2018-11-02,Brooklyn Nets,Houston Rockets,111.0,119.0,119.78691,121.33583
22018,2018-11-02,Chicago Bulls,Indiana Pacers,105.0,107.0,111.78753,111.96211
22018,2018-11-02,Golden State Warriors,Minnesota Timberwolves,116.0,99.0,117.60883,110.903435
22018,2018-11-02,Utah Jazz,Memphis Grizzlies,100.0,110.0,107.84524,99.920074
22018,2018-11-03,Portland Trail Blazers,Los Angeles Lakers,110.0,114.0,114.88911,107.51746
22018,2018-11-03,San Antonio Spurs,New Orleans Pelicans,109.0,95.0,105.67879,102.03724
22018,2018-11-03,Chicago Bulls,Houston Rockets,88.0,96.0,112.5491,115.90049
22018,2018-11-03,Denver Nuggets,Utah Jazz,103.0,88.0,109.59554,107.84127
22018,2018-11-03,Charlotte Hornets,Cleveland Cavaliers,126.0,94.0,115.67378,112.10633
22018,2018-11-03,Philadelphia 76ers,Detroit Pistons,109.0,99.0,107.527916,102.521675
22018,2018-11-03,Atlanta Hawks,Miami Heat,123.0,118.0,107.43031,108.063034
22018,2018-11-03,Indiana Pacers,Boston Celtics,102.0,101.0,108.30506,106.4561
22018,2018-11-04,San Antonio Spurs,Orlando Magic,110.0,117.0,113.01708,105.30376
22018,2018-11-04,Brooklyn Nets,Philadelphia 76ers,122.0,97.0,114.334465,114.59578
22018,2018-11-04,Portland Trail Blazers,Minnesota Timberwolves,111.0,81.0,115.767746,110.10309
22018,2018-11-04,Phoenix Suns,Memphis Grizzlies,102.0,100.0,113.265686,113.38091
22018,2018-11-04,Washington Wizards,New York Knicks,108.0,95.0,116.68254,111.51074
22018,2018-11-04,Milwaukee Bucks,Sacramento Kings,144.0,109.0,108.3937,101.46795
22018,2018-11-04,Los Angeles Lakers,Toronto Raptors,107.0,121.0,107.30074,107.79298
22018,2018-11-05,Utah Jazz,Toronto Raptors,111.0,124.0,105.55128,102.78695
22018,2018-11-05,Detroit Pistons,Miami Heat,115.0,120.0,101.09547,99.65996
22018,2018-11-05,Orlando Magic,Cleveland Cavaliers,102.0,100.0,113.73989,113.677475
22018,2018-11-05,New York Knicks,Chicago Bulls,115.0,116.0,111.1626,107.34717
22018,2018-11-05,Golden State Warriors,Memphis Grizzlies,117.0,101.0,111.98981,104.4645
22018,2018-11-05,Oklahoma City Thunder,New Orleans Pelicans,122.0,116.0,114.6369,108.5545
22018,2018-11-05,Denver Nuggets,Boston Celtics,115.0,107.0,111.727,110.03749
22018,2018-11-05,LA Clippers,Minnesota Timberwolves,120.0,109.0,115.53821,110.335014
22018,2018-11-05,Indiana Pacers,Houston Rockets,94.0,98.0,111.42474,110.8773
22018,2018-11-06,Dallas Mavericks,Washington Wizards,119.0,100.0,112.66038,111.75416
22018,2018-11-06,Phoenix Suns,Brooklyn Nets,82.0,104.0,116.40607,118.1618
22018,2018-11-06,Portland Trail Blazers,Milwaukee Bucks,118.0,103.0,110.85023,107.6263
22018,2018-11-06,Charlotte Hornets,Atlanta Hawks,113.0,102.0,112.53962,106.23286
22018,2018-11-07,Miami Heat,San Antonio Spurs,95.0,88.0,105.49262,102.178566
22018,2018-11-07,Sacramento Kings,Toronto Raptors,105.0,114.0,103.26223,106.49892
22018,2018-11-07,Orlando Magic,Detroit Pistons,96.0,103.0,110.00497,109.063576
22018,2018-11-07,Atlanta Hawks,New York Knicks,107.0,112.0,115.98886,112.66204
22018,2018-11-07,New Orleans Pelicans,Chicago Bulls,107.0,98.0,113.99729,107.546936
22018,2018-11-07,Utah Jazz,Dallas Mavericks,117.0,102.0,105.628296,97.98032
22018,2018-11-07,Cleveland Cavaliers,Oklahoma City Thunder,86.0,95.0,110.76473,111.2749
22018,2018-11-07,Los Angeles Lakers,Minnesota Timberwolves,114.0,110.0,116.23453,113.4675
22018,2018-11-07,Memphis Grizzlies,Denver Nuggets,89.0,87.0,103.20208,104.30189
22018,2018-11-07,Indiana Pacers,Philadelphia 76ers,94.0,100.0,110.94821,107.24962
22018,2018-11-08,Portland Trail Blazers,LA Clippers,116.0,105.0,115.835686,110.561134
22018,2018-11-08,Phoenix Suns,Boston Celtics,109.0,116.0,108.145706,113.46262
22018,2018-11-08,Golden State Warriors,Milwaukee Bucks,111.0,134.0,113.964005,109.148994
22018,2018-11-08,Oklahoma City Thunder,Houston Rockets,98.0,80.0,114.451935,112.24535
22018,2018-11-09,Miami Heat,Indiana Pacers,102.0,110.0,110.713806,107.55079
22018,2018-11-09,Denver Nuggets,Brooklyn Nets,110.0,112.0,118.957,114.508064
22018,2018-11-09,Philadelphia 76ers,Charlotte Hornets,133.0,132.0,107.77289,104.79104
22018,2018-11-09,Sacramento Kings,Minnesota Timberwolves,121.0,110.0,110.90928,110.238106
22018,2018-11-09,Utah Jazz,Boston Celtics,123.0,115.0,102.60473,99.40702
22018,2018-11-09,Atlanta Hawks,Detroit Pistons,109.0,124.0,110.52686,109.00425
22018,2018-11-09,Orlando Magic,Washington Wizards,117.0,108.0,112.09458,111.51746
22018,2018-11-10,Miami Heat,Washington Wizards,110.0,116.0,113.02413,107.56058
22018,2018-11-10,Memphis Grizzlies,Philadelphia 76ers,112.0,106.0,101.480774,101.32235
22018,2018-11-10,LA Clippers,Milwaukee Bucks,128.0,126.0,111.131805,109.53995
22018,2018-11-10,Golden State Warriors,Brooklyn Nets,116.0,100.0,114.2168,108.13064
22018,2018-11-10,San Antonio Spurs,Houston Rockets,96.0,89.0,105.176765,106.0401
22018,2018-11-10,Toronto Raptors,New York Knicks,128.0,112.0,119.904335,110.04727
22018,2018-11-10,New Orleans Pelicans,Phoenix Suns,119.0,99.0,122.12123,112.98122
22018,2018-11-10,Sacramento Kings,Los Angeles Lakers,86.0,101.0,109.25563,108.012146
22018,2018-11-10,Chicago Bulls,Cleveland Cavaliers,99.0,98.0,113.48669,111.88988
22018,2018-11-10,Dallas Mavericks,Oklahoma City Thunder,111.0,96.0,109.28376,112.18302
22018,2018-11-11,New York Knicks,Orlando Magic,89.0,115.0,116.87867,111.49491
22018,2018-11-11,Houston Rockets,Indiana Pacers,115.0,103.0,124.68679,119.08602
22018,2018-11-11,Portland Trail Blazers,Boston Celtics,100.0,94.0,105.972786,102.8104
22018,2018-11-11,Detroit Pistons,Charlotte Hornets,103.0,113.0,106.58595,103.93498
22018,2018-11-11,Los Angeles Lakers,Atlanta Hawks,107.0,106.0,111.545746,105.63739
22018,2018-11-11,Denver Nuggets,Milwaukee Bucks,114.0,121.0,114.52511,112.8527
22018,2018-11-12,Minnesota Timberwolves,Brooklyn Nets,120.0,113.0,111.652916,110.16727
22018,2018-11-12,Chicago Bulls,Dallas Mavericks,98.0,103.0,106.422646,104.69139
22018,2018-11-12,Oklahoma City Thunder,Phoenix Suns,118.0,101.0,125.26824,113.54373
22018,2018-11-12,Memphis Grizzlies,Utah Jazz,88.0,96.0,96.39473,97.39464
22018,2018-11-12,LA Clippers,Golden State Warriors,121.0,116.0,111.82863,112.13893
22018,2018-11-12,Sacramento Kings,San Antonio Spurs,104.0,99.0,99.5989,100.65546
22018,2018-11-12,Washington Wizards,Orlando Magic,117.0,109.0,117.57585,111.62873
22018,2018-11-12,Toronto Raptors,New Orleans Pelicans,110.0,126.0,115.90234,108.76246
22018,2018-11-12,Miami Heat,Philadelphia 76ers,114.0,124.0,109.29132,107.02661
22018,2018-11-13,Denver Nuggets,Houston Rockets,99.0,109.0,115.969734,115.45032
22018,2018-11-13,Cleveland Cavaliers,Charlotte Hornets,113.0,89.0,111.18129,109.50748
22018,2018-11-13,Golden State Warriors,Atlanta Hawks,110.0,103.0,111.527405,102.478134
22018,2018-11-14,Oklahoma City Thunder,New York Knicks,128.0,103.0,119.45346,109.33574
22018,2018-11-14,Orlando Magic,Philadelphia 76ers,111.0,106.0,108.0927,109.96981
22018,2018-11-14,Boston Celtics,Chicago Bulls,111.0,82.0,111.840416,105.188
22018,2018-11-14,Dallas Mavericks,Utah Jazz,118.0,68.0,102.07675,104.54669
22018,2018-11-14,Phoenix Suns,San Antonio Spurs,116.0,96.0,105.55915,108.92625
22018,2018-11-14,Toronto Raptors,Detroit Pistons,104.0,106.0,114.25023,105.90769
22018,2018-11-14,Milwaukee Bucks,Memphis Grizzlies,113.0,116.0,106.311455,99.459915
22018,2018-11-14,Brooklyn Nets,Miami Heat,107.0,120.0,109.92945,108.247375
22018,2018-11-14,Washington Wizards,Cleveland Cavaliers,119.0,95.0,115.04099,111.950195
22018,2018-11-14,Los Angeles Lakers,Portland Trail Blazers,126.0,117.0,110.17269,109.241135
22018,2018-11-14,Minnesota Timberwolves,New Orleans Pelicans,107.0,100.0,108.882195,107.602196
22018,2018-11-15,Denver Nuggets,Atlanta Hawks,138.0,93.0,116.04326,108.633286
22018,2018-11-15,Houston Rockets,Golden State Warriors,107.0,86.0,120.59043,117.47807
22018,2018-11-15,LA Clippers,San Antonio Spurs,116.0,111.0,104.94653,100.67418
22018,2018-11-16,Washington Wizards,Brooklyn Nets,104.0,115.0,113.3769,110.0942
22018,2018-11-16,Minnesota Timberwolves,Portland Trail Blazers,112.0,96.0,109.134,108.94951
22018,2018-11-16,Memphis Grizzlies,Sacramento Kings,112.0,104.0,102.80299,99.4839
22018,2018-11-16,Boston Celtics,Toronto Raptors,123.0,116.0,107.37793,106.839676
22018,2018-11-16,Milwaukee Bucks,Chicago Bulls,123.0,104.0,108.56293,100.33932
22018,2018-11-16,Philadelphia 76ers,Utah Jazz,113.0,107.0,102.66924,100.76963
22018,2018-11-16,Indiana Pacers,Miami Heat,99.0,91.0,105.682655,101.73694
22018,2018-11-16,New Orleans Pelicans,New York Knicks,129.0,124.0,117.87763,110.08903
22018,2018-11-17,Brooklyn Nets,LA Clippers,119.0,127.0,122.2591,121.32172
22018,2018-11-17,Boston Celtics,Utah Jazz,86.0,98.0,106.424385,103.45731
22018,2018-11-17,New Orleans Pelicans,Denver Nuggets,125.0,115.0,113.77927,111.27598
22018,2018-11-17,Chicago Bulls,Toronto Raptors,83.0,122.0,105.144966,108.1274
22018,2018-11-17,Phoenix Suns,Oklahoma City Thunder,100.0,110.0,113.245445,117.70282
22018,2018-11-17,Orlando Magic,Los Angeles Lakers,130.0,117.0,110.16982,109.86252
22018,2018-11-17,Charlotte Hornets,Philadelphia 76ers,119.0,122.0,107.54916,106.41027
22018,2018-11-17,Houston Rockets,Sacramento Kings,132.0,112.0,122.898056,113.015465
22018,2018-11-17,Indiana Pacers,Atlanta Hawks,97.0,89.0,112.921646,104.64416
22018,2018-11-17,Dallas Mavericks,Golden State Warriors,112.0,109.0,107.59226,110.16935
22018,2018-11-18,San Antonio Spurs,Golden State Warriors,104.0,92.0,103.24409,104.10682
22018,2018-11-18,Washington Wizards,Portland Trail Blazers,109.0,119.0,112.670555,111.4568
22018,2018-11-18,Minnesota Timberwolves,Memphis Grizzlies,87.0,100.0,106.866104,104.29699
22018,2018-11-18,Orlando Magic,New York Knicks,131.0,117.0,111.90814,108.47325
22018,2018-11-18,Miami Heat,Los Angeles Lakers,97.0,113.0,110.1242,106.082214
22018,2018-11-19,Milwaukee Bucks,Denver Nuggets,104.0,98.0,107.94558,104.01128
22018,2018-11-19,Detroit Pistons,Cleveland Cavaliers,113.0,102.0,109.63151,105.71955
22018,2018-11-19,Charlotte Hornets,Boston Celtics,117.0,112.0,105.01313,105.327866
22018,2018-11-19,New Orleans Pelicans,San Antonio Spurs,140.0,126.0,107.1599,103.42178
22018,2018-11-19,Sacramento Kings,Oklahoma City Thunder,117.0,113.0,107.22919,109.75192
22018,2018-11-19,Memphis Grizzlies,Dallas Mavericks,98.0,88.0,98.127396,96.24383
22018,2018-11-19,Atlanta Hawks,LA Clippers,119.0,127.0,116.23271,117.42115
22018,2018-11-19,Indiana Pacers,Utah Jazz,121.0,94.0,104.282875,101.308075
22018,2018-11-19,Philadelphia 76ers,Phoenix Suns,119.0,114.0,117.93521,108.67937
22018,2018-11-20,Washington Wizards,LA Clippers,125.0,118.0,116.507645,115.44769
22018,2018-11-20,Orlando Magic,Toronto Raptors,91.0,93.0,103.72759,107.52295
22018,2018-11-20,New York Knicks,Portland Trail Blazers,114.0,118.0,108.82203,109.76177
22018,2018-11-20,Miami Heat,Brooklyn Nets,92.0,104.0,112.20997,109.016556
22018,2018-11-21,Minnesota Timberwolves,Denver Nuggets,101.0,103.0,109.58756,110.01187
22018,2018-11-21,Milwaukee Bucks,Portland Trail Blazers,143.0,100.0,108.47407,104.12883
22018,2018-11-21,Philadelphia 76ers,New Orleans Pelicans,121.0,120.0,109.60971,106.11663
22018,2018-11-21,Boston Celtics,New York Knicks,109.0,117.0,115.345726,107.479195
22018,2018-11-21,Charlotte Hornets,Indiana Pacers,127.0,109.0,108.72161,107.51619
22018,2018-11-21,Cleveland Cavaliers,Los Angeles Lakers,105.0,109.0,112.60597,110.453316
22018,2018-11-21,Atlanta Hawks,Toronto Raptors,108.0,124.0,105.34576,109.50425
22018,2018-11-21,Chicago Bulls,Phoenix Suns,124.0,116.0,118.01179,113.25354
22018,2018-11-21,Houston Rockets,Detroit Pistons,126.0,124.0,122.630646,114.10926
22018,2018-11-21,Golden State Warriors,Oklahoma City Thunder,95.0,123.0,112.14549,108.73867
22018,2018-11-21,San Antonio Spurs,Memphis Grizzlies,103.0,104.0,102.031845,99.301445
22018,2018-11-21,Utah Jazz,Sacramento Kings,110.0,119.0,104.2787,97.0178
22018,2018-11-21,Dallas Mavericks,Brooklyn Nets,119.0,113.0,111.21143,110.045334
22018,2018-11-23,Indiana Pacers,San Antonio Spurs,100.0,111.0,105.986496,101.29644
22018,2018-11-23,Brooklyn Nets,Minnesota Timberwolves,102.0,112.0,120.49895,117.34192
22018,2018-11-23,New York Knicks,New Orleans Pelicans,114.0,109.0,108.24471,107.8495
22018,2018-11-23,Atlanta Hawks,Boston Celtics,96.0,114.0,104.65227,107.60416
22018,2018-11-23,Golden State Warriors,Portland Trail Blazers,125.0,97.0,112.08282,107.78133
22018,2018-11-23,Philadelphia 76ers,Cleveland Cavaliers,112.0,121.0,109.55042,104.20745
22018,2018-11-23,Denver Nuggets,Orlando Magic,112.0,87.0,119.03093,111.670975
22018,2018-11-23,Milwaukee Bucks,Phoenix Suns,114.0,116.0,116.45106,105.59595
22018,2018-11-23,Toronto Raptors,Washington Wizards,125.0,107.0,118.76188,109.78326
22018,2018-11-23,LA Clippers,Memphis Grizzlies,112.0,107.0,108.241165,104.60644
22018,2018-11-23,Chicago Bulls,Miami Heat,96.0,103.0,103.74641,104.102905
22018,2018-11-23,Detroit Pistons,Houston Rockets,116.0,111.0,109.89964,111.69726
22018,2018-11-23,Oklahoma City Thunder,Charlotte Hornets,109.0,104.0,112.00817,105.27948
22018,2018-11-23,Los Angeles Lakers,Utah Jazz,90.0,83.0,104.1096,102.50075
22018,2018-11-24,Dallas Mavericks,Boston Celtics,113.0,104.0,102.81524,104.73253
22018,2018-11-24,Golden State Warriors,Sacramento Kings,117.0,116.0,112.340034,104.907814
22018,2018-11-24,Oklahoma City Thunder,Denver Nuggets,98.0,105.0,114.71933,109.33631
22018,2018-11-24,Minnesota Timberwolves,Chicago Bulls,111.0,96.0,110.754395,105.764046
22018,2018-11-24,Milwaukee Bucks,San Antonio Spurs,135.0,129.0,102.16105,96.62892
22018,2018-11-24,Cleveland Cavaliers,Houston Rockets,117.0,108.0,110.7257,113.83428
22018,2018-11-24,Washington Wizards,New Orleans Pelicans,124.0,114.0,111.932526,109.822266
22018,2018-11-25,Los Angeles Lakers,Orlando Magic,104.0,108.0,115.47428,109.040825
22018,2018-11-25,Toronto Raptors,Miami Heat,125.0,115.0,109.81468,102.72715
22018,2018-11-25,Memphis Grizzlies,New York Knicks,98.0,103.0,106.02687,100.95073
22018,2018-11-25,Portland Trail Blazers,LA Clippers,100.0,104.0,113.94244,109.452995
22018,2018-11-25,Atlanta Hawks,Charlotte Hornets,124.0,123.0,109.6975,110.845276
22018,2018-11-25,Sacramento Kings,Utah Jazz,112.0,133.0,100.71199,101.53293
22018,2018-11-25,Brooklyn Nets,Philadelphia 76ers,125.0,127.0,115.36755,114.54716
22018,2018-11-25,Detroit Pistons,Phoenix Suns,118.0,107.0,117.83989,109.30346
22018,2018-11-26,Charlotte Hornets,Milwaukee Bucks,110.0,107.0,109.06685,108.91272
22018,2018-11-26,Cleveland Cavaliers,Minnesota Timberwolves,95.0,102.0,114.624825,112.19179
22018,2018-11-26,New Orleans Pelicans,Boston Celtics,107.0,124.0,108.11557,106.87375
22018,2018-11-26,Utah Jazz,Indiana Pacers,88.0,121.0,107.02402,102.80808
22018,2018-11-26,Golden State Warriors,Orlando Magic,116.0,110.0,114.60769,105.86825
22018,2018-11-26,Chicago Bulls,San Antonio Spurs,107.0,108.0,101.694595,102.69226
22018,2018-11-26,Washington Wizards,Houston Rockets,135.0,131.0,112.4372,114.14898
22018,2018-11-27,Denver Nuggets,Los Angeles Lakers,117.0,85.0,117.16714,111.3807
22018,2018-11-27,Phoenix Suns,Indiana Pacers,104.0,109.0,112.80002,116.4791
22018,2018-11-27,Miami Heat,Atlanta Hawks,113.0,115.0,109.335045,102.5388
22018,2018-11-27,Detroit Pistons,New York Knicks,115.0,108.0,111.52192,104.89569
22018,2018-11-27,Memphis Grizzlies,Toronto Raptors,114.0,122.0,97.826546,100.009415
22018,2018-11-28,Minnesota Timberwolves,San Antonio Spurs,128.0,89.0,102.74971,101.19865
22018,2018-11-28,Oklahoma City Thunder,Cleveland Cavaliers,100.0,83.0,116.2489,108.44482
22018,2018-11-28,Charlotte Hornets,Atlanta Hawks,108.0,94.0,111.033745,103.38027
22018,2018-11-28,Brooklyn Nets,Utah Jazz,91.0,101.0,110.81313,109.319016
22018,2018-11-28,Portland Trail Blazers,Orlando Magic,115.0,112.0,114.51043,106.65975
22018,2018-11-28,Milwaukee Bucks,Chicago Bulls,116.0,113.0,110.38492,100.84653
22018,2018-11-28,Philadelphia 76ers,New York Knicks,117.0,91.0,112.65119,105.49506
22018,2018-11-28,Houston Rockets,Dallas Mavericks,108.0,128.0,116.96079,109.03035
22018,2018-11-28,LA Clippers,Phoenix Suns,115.0,99.0,118.494736,108.588036
22018,2018-11-28,New Orleans Pelicans,Washington Wizards,125.0,104.0,115.35058,110.73138
22018,2018-11-29,Toronto Raptors,Golden State Warriors,131.0,128.0,113.83371,109.21058
22018,2018-11-29,Los Angeles Lakers,Indiana Pacers,104.0,96.0,109.82066,108.83743
22018,2018-11-29,Sacramento Kings,LA Clippers,121.0,133.0,110.47156,111.76149
22018,2018-11-30,Miami Heat,New Orleans Pelicans,106.0,101.0,108.0366,105.57023
22018,2018-11-30,Portland Trail Blazers,Denver Nuggets,112.0,113.0,110.9706,108.597694
22018,2018-11-30,Philadelphia 76ers,Washington Wizards,123.0,98.0,111.69007,106.263985
22018,2018-11-30,Brooklyn Nets,Memphis Grizzlies,125.0,131.0,114.0983,112.10378
22018,2018-11-30,Detroit Pistons,Chicago Bulls,107.0,88.0,110.86664,103.45533
22018,2018-11-30,Boston Celtics,Cleveland Cavaliers,128.0,95.0,112.238174,107.25503
22018,2018-11-30,Charlotte Hornets,Utah Jazz,111.0,119.0,106.16082,103.4123
22018,2018-11-30,Phoenix Suns,Orlando Magic,85.0,99.0,116.83133,116.336586
22018,2018-11-30,Oklahoma City Thunder,Atlanta Hawks,124.0,109.0,116.75738,105.66425
22018,2018-11-30,San Antonio Spurs,Houston Rockets,105.0,136.0,106.30979,107.43918
22018,2018-11-30,Los Angeles Lakers,Dallas Mavericks,114.0,103.0,106.0282,103.56899
22018,2018-12-01,Sacramento Kings,Indiana Pacers,111.0,110.0,108.61494,109.978424
22018,2018-12-01,Washington Wizards,Brooklyn Nets,102.0,88.0,115.41834,112.232315
22018,2018-12-01,Detroit Pistons,Golden State Warriors,111.0,102.0,109.38187,107.96514
22018,2018-12-01,Cleveland Cavaliers,Toronto Raptors,95.0,106.0,110.94233,112.82072
22018,2018-12-01,New York Knicks,Milwaukee Bucks,136.0,134.0,109.32661,111.56645
22018,2018-12-01,Minnesota Timberwolves,Boston Celtics,109.0,118.0,107.53033,107.3085
22018,2018-12-01,Houston Rockets,Chicago Bulls,121.0,105.0,127.86665,117.88831
22018,2018-12-02,Philadelphia 76ers,Memphis Grizzlies,103.0,95.0,109.87017,104.983154
22018,2018-12-02,Miami Heat,Utah Jazz,102.0,100.0,104.968094,103.59279
22018,2018-12-02,Los Angeles Lakers,Phoenix Suns,120.0,96.0,123.06795,115.60631
22018,2018-12-02,Dallas Mavericks,LA Clippers,114.0,110.0,117.23157,116.605835
22018,2018-12-02,Charlotte Hornets,New Orleans Pelicans,109.0,119.0,112.30205,108.58855
22018,2018-12-02,San Antonio Spurs,Portland Trail Blazers,131.0,118.0,108.170685,106.20536
22018,2018-12-03,Detroit Pistons,Oklahoma City Thunder,83.0,110.0,109.94106,108.725044
22018,2018-12-03,Brooklyn Nets,Cleveland Cavaliers,97.0,99.0,121.62095,118.22936
22018,2018-12-03,New York Knicks,Washington Wizards,107.0,110.0,113.48957,111.27355
22018,2018-12-03,Toronto Raptors,Denver Nuggets,103.0,106.0,117.702576,112.29634
22018,2018-12-03,New Orleans Pelicans,LA Clippers,126.0,129.0,120.83501,117.964325
22018,2018-12-03,Minnesota Timberwolves,Houston Rockets,103.0,91.0,111.32539,113.21975
22018,2018-12-03,Atlanta Hawks,Golden State Warriors,111.0,128.0,110.63381,113.78079
22018,2018-12-04,Dallas Mavericks,Portland Trail Blazers,111.0,102.0,112.394104,110.89583
22018,2018-12-04,Utah Jazz,San Antonio Spurs,139.0,105.0,104.13366,98.416916
22018,2018-12-04,Phoenix Suns,Sacramento Kings,105.0,122.0,113.53003,113.92503
22018,2018-12-04,Miami Heat,Orlando Magic,90.0,105.0,114.449455,109.123314
22018,2018-12-04,Indiana Pacers,Chicago Bulls,96.0,90.0,115.903275,107.91791
22018,2018-12-05,Toronto Raptors,Philadelphia 76ers,113.0,102.0,114.82835,109.243614
22018,2018-12-05,Brooklyn Nets,Oklahoma City Thunder,112.0,114.0,117.6414,119.56295
22018,2018-12-05,Cleveland Cavaliers,Golden State Warriors,105.0,129.0,111.14507,111.93285
22018,2018-12-05,Orlando Magic,Denver Nuggets,118.0,124.0,109.642685,111.76001
22018,2018-12-05,New Orleans Pelicans,Dallas Mavericks,132.0,106.0,110.151535,106.768074
22018,2018-12-05,Atlanta Hawks,Washington Wizards,117.0,131.0,114.07895,114.34456
22018,2018-12-05,Minnesota Timberwolves,Charlotte Hornets,121.0,104.0,110.818855,108.05423
22018,2018-12-05,Milwaukee Bucks,Detroit Pistons,115.0,92.0,108.36443,101.880394
22018,2018-12-05,Memphis Grizzlies,LA Clippers,96.0,86.0,110.33639,109.454506
22018,2018-12-05,Los Angeles Lakers,San Antonio Spurs,121.0,113.0,106.25897,103.23273
22018,2018-12-06,Utah Jazz,Houston Rockets,118.0,91.0,108.41779,107.19823
22018,2018-12-06,Boston Celtics,New York Knicks,128.0,100.0,116.38337,108.868286
22018,2018-12-06,Portland Trail Blazers,Phoenix Suns,108.0,86.0,122.9199,113.22103
22018,2018-12-07,Cleveland Cavaliers,Sacramento Kings,110.0,129.0,110.865265,107.84631
22018,2018-12-07,Phoenix Suns,Miami Heat,98.0,115.0,108.63281,111.14162
22018,2018-12-07,San Antonio Spurs,Los Angeles Lakers,133.0,120.0,107.49796,104.75374
22018,2018-12-07,New Orleans Pelicans,Memphis Grizzlies,103.0,107.0,112.84648,108.48565
22018,2018-12-07,Detroit Pistons,Philadelphia 76ers,111.0,117.0,107.37451,105.58119
22018,2018-12-07,Charlotte Hornets,Denver Nuggets,113.0,107.0,110.81586,111.12439
22018,2018-12-07,Milwaukee Bucks,Golden State Warriors,95.0,105.0,108.63319,105.44691
22018,2018-12-07,Orlando Magic,Indiana Pacers,90.0,112.0,110.69035,111.165344
22018,2018-12-07,Brooklyn Nets,Toronto Raptors,106.0,105.0,115.19408,117.49752
22018,2018-12-07,Chicago Bulls,Oklahoma City Thunder,114.0,112.0,109.97936,114.12016
22018,2018-12-08,Portland Trail Blazers,Minnesota Timberwolves,113.0,105.0,114.2912,110.12795
22018,2018-12-08,New York Knicks,Brooklyn Nets,104.0,112.0,114.12522,112.67357
22018,2018-12-08,Chicago Bulls,Boston Celtics,77.0,133.0,105.49179,109.23945
22018,2018-12-08,Atlanta Hawks,Denver Nuggets,106.0,98.0,110.26973,114.30369
22018,2018-12-08,LA Clippers,Miami Heat,98.0,121.0,105.854355,102.65977
22018,2018-12-08,Cleveland Cavaliers,Washington Wizards,116.0,101.0,114.98688,113.496
22018,2018-12-08,Dallas Mavericks,Houston Rockets,107.0,104.0,110.26268,112.45582
22018,2018-12-08,Indiana Pacers,Sacramento Kings,107.0,97.0,113.17641,105.87228
22018,2018-12-08,Memphis Grizzlies,Los Angeles Lakers,88.0,111.0,106.28295,103.10329
22018,2018-12-09,New York Knicks,Charlotte Hornets,107.0,119.0,110.35927,109.810684
22018,2018-12-09,Detroit Pistons,New Orleans Pelicans,108.0,116.0,109.804306,106.2375
22018,2018-12-09,Toronto Raptors,Milwaukee Bucks,99.0,104.0,116.06886,111.543755
22018,2018-12-09,San Antonio Spurs,Utah Jazz,110.0,97.0,99.629265,99.1323
22018,2018-12-10,Dallas Mavericks,Orlando Magic,101.0,76.0,112.2511,108.13504
22018,2018-12-10,Oklahoma City Thunder,Utah Jazz,122.0,113.0,111.557976,105.76738
22018,2018-12-10,Chicago Bulls,Sacramento Kings,89.0,108.0,108.120544,107.60015
22018,2018-12-10,Philadelphia 76ers,Detroit Pistons,116.0,102.0,108.8702,103.149
22018,2018-12-10,Milwaukee Bucks,Cleveland Cavaliers,108.0,92.0,112.60522,105.2524
22018,2018-12-10,Los Angeles Lakers,Miami Heat,108.0,105.0,104.14955,102.23973
22018,2018-12-10,Golden State Warriors,Minnesota Timberwolves,116.0,108.0,114.90674,109.107895
22018,2018-12-10,Denver Nuggets,Memphis Grizzlies,105.0,99.0,112.47722,107.60334
22018,2018-12-10,Phoenix Suns,LA Clippers,119.0,123.0,118.12882,121.33742
22018,2018-12-10,Indiana Pacers,Washington Wizards,109.0,101.0,116.10148,109.35836
22018,2018-12-10,Boston Celtics,New Orleans Pelicans,113.0,100.0,112.13683,107.06303
22018,2018-12-11,LA Clippers,Toronto Raptors,99.0,123.0,107.6929,108.7008
22018,2018-12-11,Houston Rockets,Portland Trail Blazers,111.0,104.0,124.82811,118.90607
22018,2018-12-11,San Antonio Spurs,Phoenix Suns,111.0,86.0,115.94803,107.59611
22018,2018-12-12,Cleveland Cavaliers,New York Knicks,113.0,106.0,115.66939,111.05082
22018,2018-12-12,Sacramento Kings,Minnesota Timberwolves,141.0,130.0,110.46012,110.706436
22018,2018-12-12,Indiana Pacers,Milwaukee Bucks,113.0,97.0,110.3531,107.991264
22018,2018-12-12,Memphis Grizzlies,Portland Trail Blazers,92.0,83.0,104.03152,102.86702
22018,2018-12-12,Philadelphia 76ers,Brooklyn Nets,124.0,127.0,113.452126,107.9011
22018,2018-12-12,New Orleans Pelicans,Oklahoma City Thunder,118.0,114.0,112.82716,112.565704
22018,2018-12-12,Washington Wizards,Boston Celtics,125.0,130.0,107.795296,109.05868
22018,2018-12-12,Utah Jazz,Miami Heat,111.0,84.0,102.05706,97.37495
22018,2018-12-12,Golden State Warriors,Toronto Raptors,93.0,113.0,108.43247,106.67943
22018,2018-12-12,Charlotte Hornets,Detroit Pistons,108.0,107.0,110.61377,106.04183
22018,2018-12-12,Dallas Mavericks,Atlanta Hawks,114.0,107.0,108.9768,102.86271
22018,2018-12-13,Orlando Magic,Chicago Bulls,97.0,91.0,111.19735,106.710045
22018,2018-12-13,San Antonio Spurs,LA Clippers,125.0,87.0,110.014336,107.62067
22018,2018-12-13,Houston Rockets,Los Angeles Lakers,126.0,111.0,123.961296,116.93474
22018,2018-12-13,Phoenix Suns,Dallas Mavericks,99.0,89.0,107.084885,111.416214
22018,2018-12-14,Denver Nuggets,Oklahoma City Thunder,109.0,98.0,112.95601,111.7466
22018,2018-12-14,Sacramento Kings,Golden State Warriors,125.0,130.0,105.28341,107.8866
22018,2018-12-14,Brooklyn Nets,Washington Wizards,125.0,118.0,118.66406,115.81269
22018,2018-12-14,Charlotte Hornets,New York Knicks,124.0,126.0,116.42183,109.11242
22018,2018-12-14,Memphis Grizzlies,Miami Heat,97.0,100.0,95.94307,94.849625
22018,2018-12-14,Cleveland Cavaliers,Milwaukee Bucks,102.0,114.0,110.014755,111.459114
22018,2018-12-14,Portland Trail Blazers,Toronto Raptors,128.0,122.0,106.756935,107.09632
22018,2018-12-14,Philadelphia 76ers,Indiana Pacers,101.0,113.0,111.6375,109.12525
22018,2018-12-14,Boston Celtics,Atlanta Hawks,129.0,108.0,114.6933,104.988686
22018,2018-12-15,Memphis Grizzlies,Houston Rockets,97.0,105.0,103.35145,105.20873
22018,2018-12-15,San Antonio Spurs,Chicago Bulls,93.0,98.0,107.81009,100.73515
22018,2018-12-15,Detroit Pistons,Boston Celtics,113.0,104.0,103.08707,104.25691
22018,2018-12-15,Orlando Magic,Utah Jazz,96.0,89.0,104.281075,105.89343
22018,2018-12-15,Oklahoma City Thunder,LA Clippers,110.0,104.0,119.33166,112.02039
22018,2018-12-15,Charlotte Hornets,Los Angeles Lakers,100.0,128.0,111.952095,108.294136
22018,2018-12-15,Phoenix Suns,Minnesota Timberwolves,107.0,99.0,116.38534,119.198425
22018,2018-12-16,Indiana Pacers,New York Knicks,110.0,99.0,117.776955,108.35982
22018,2018-12-16,Brooklyn Nets,Atlanta Hawks,144.0,127.0,117.92303,111.72512
22018,2018-12-16,Dallas Mavericks,Sacramento Kings,113.0,120.0,106.86425,104.398964
22018,2018-12-16,Washington Wizards,Los Angeles Lakers,128.0,110.0,113.731,111.406555
22018,2018-12-16,Cleveland Cavaliers,Philadelphia 76ers,105.0,128.0,109.18244,110.04262
22018,2018-12-16,New Orleans Pelicans,Miami Heat,96.0,102.0,107.74039,104.34898
22018,2018-12-16,Denver Nuggets,Toronto Raptors,95.0,86.0,111.587166,110.86346
22018,2018-12-17,Golden State Warriors,Memphis Grizzlies,110.0,93.0,108.49177,102.612724
22018,2018-12-17,LA Clippers,Portland Trail Blazers,127.0,131.0,111.355255,109.1717
22018,2018-12-17,Minnesota Timberwolves,Sacramento Kings,132.0,105.0,109.299904,106.27182
22018,2018-12-17,New York Knicks,Phoenix Suns,110.0,128.0,118.63984,112.9927
22018,2018-12-17,Detroit Pistons,Milwaukee Bucks,104.0,107.0,105.95183,106.063
22018,2018-12-17,San Antonio Spurs,Philadelphia 76ers,123.0,96.0,101.18997,100.936455
22018,2018-12-17,Houston Rockets,Utah Jazz,102.0,97.0,117.34004,112.218254
22018,2018-12-17,Oklahoma City Thunder,Chicago Bulls,121.0,96.0,119.02415,108.20777
22018,2018-12-18,Denver Nuggets,Dallas Mavericks,126.0,118.0,110.92142,105.08228
22018,2018-12-18,Atlanta Hawks,Washington Wizards,118.0,110.0,111.71338,112.543724
22018,2018-12-18,Indiana Pacers,Cleveland Cavaliers,91.0,92.0,116.724846,108.89105
22018,2018-12-18,Brooklyn Nets,Los Angeles Lakers,115.0,110.0,119.16777,116.71004
22018,2018-12-19,Chicago Bulls,Brooklyn Nets,93.0,96.0,112.96703,113.98104
22018,2018-12-19,Utah Jazz,Golden State Warriors,108.0,103.0,104.613205,102.7111
22018,2018-12-19,Orlando Magic,San Antonio Spurs,90.0,129.0,103.73573,103.549194
22018,2018-12-19,Sacramento Kings,Oklahoma City Thunder,113.0,132.0,105.02969,108.04126
22018,2018-12-19,Milwaukee Bucks,New Orleans Pelicans,123.0,115.0,108.9894,102.352394
22018,2018-12-19,Charlotte Hornets,Cleveland Cavaliers,110.0,99.0,114.217995,109.86764
22018,2018-12-19,Toronto Raptors,Indiana Pacers,99.0,96.0,116.381195,111.11749
22018,2018-12-19,Minnesota Timberwolves,Detroit Pistons,123.0,129.0,107.64526,104.373505
22018,2018-12-19,Houston Rockets,Washington Wizards,136.0,118.0,125.34866,117.463196
22018,2018-12-19,Boston Celtics,Phoenix Suns,103.0,111.0,121.65933,110.68776
22018,2018-12-19,Portland Trail Blazers,Memphis Grizzlies,99.0,92.0,108.45927,103.37101
22018,2018-12-19,Philadelphia 76ers,New York Knicks,131.0,109.0,114.880745,106.29925
22018,2018-12-20,LA Clippers,Dallas Mavericks,125.0,121.0,105.88873,103.57961
22018,2018-12-20,Miami Heat,Houston Rockets,101.0,99.0,109.26535,109.46166
22018,2018-12-21,Los Angeles Lakers,New Orleans Pelicans,112.0,104.0,109.819244,106.9116
22018,2018-12-21,Sacramento Kings,Memphis Grizzlies,102.0,99.0,103.864044,103.25415
22018,2018-12-21,Portland Trail Blazers,Utah Jazz,90.0,120.0,106.261185,102.79571
22018,2018-12-21,Brooklyn Nets,Indiana Pacers,106.0,114.0,116.91203,116.906815
22018,2018-12-21,Chicago Bulls,Orlando Magic,90.0,80.0,115.7833,113.60392
22018,2018-12-21,New York Knicks,Atlanta Hawks,107.0,114.0,111.0685,107.08668
22018,2018-12-21,Toronto Raptors,Cleveland Cavaliers,126.0,110.0,119.31825,109.65074
22018,2018-12-21,Charlotte Hornets,Detroit Pistons,98.0,86.0,109.58417,106.18239
22018,2018-12-21,San Antonio Spurs,Minnesota Timberwolves,124.0,98.0,108.672485,105.15934
22018,2018-12-21,Boston Celtics,Milwaukee Bucks,107.0,120.0,111.64604,109.48428
22018,2018-12-22,LA Clippers,Denver Nuggets,132.0,111.0,110.01309,110.78427
22018,2018-12-22,Miami Heat,Milwaukee Bucks,94.0,87.0,108.14956,108.09186
22018,2018-12-22,Washington Wizards,Phoenix Suns,149.0,146.0,120.2618,112.56943
22018,2018-12-22,Philadelphia 76ers,Toronto Raptors,126.0,101.0,106.89629,107.47006
22018,2018-12-22,Golden State Warriors,Dallas Mavericks,120.0,116.0,107.296974,100.73994
22018,2018-12-22,Houston Rockets,San Antonio Spurs,108.0,101.0,114.85745,109.34539
22018,2018-12-22,Utah Jazz,Oklahoma City Thunder,106.0,107.0,103.473114,101.26353
22018,2018-12-23,Brooklyn Nets,Phoenix Suns,111.0,103.0,124.22947,117.049385
22018,2018-12-23,Cleveland Cavaliers,Chicago Bulls,92.0,112.0,114.02167,109.493576
22018,2018-12-23,Portland Trail Blazers,Dallas Mavericks,121.0,118.0,105.310036,100.146545
22018,2018-12-23,Indiana Pacers,Washington Wizards,105.0,89.0,115.429504,108.2224
22018,2018-12-23,Boston Celtics,Charlotte Hornets,119.0,103.0,112.035065,106.41002
22018,2018-12-23,Sacramento Kings,New Orleans Pelicans,122.0,117.0,105.06899,104.63347
22018,2018-12-23,Detroit Pistons,Atlanta Hawks,95.0,98.0,107.62418,100.737335
22018,2018-12-23,Golden State Warriors,LA Clippers,129.0,127.0,115.89044,109.345
22018,2018-12-23,Los Angeles Lakers,Memphis Grizzlies,99.0,107.0,109.20453,105.82079
22018,2018-12-23,Oklahoma City Thunder,Minnesota Timberwolves,112.0,114.0,117.24918,109.45036
22018,2018-12-23,Orlando Magic,Miami Heat,91.0,115.0,103.08735,104.74375
22018,2018-12-25,Houston Rockets,Oklahoma City Thunder,113.0,109.0,120.10619,116.56791
22018,2018-12-25,New York Knicks,Milwaukee Bucks,95.0,109.0,108.757545,112.40256
22018,2018-12-25,Golden State Warriors,Los Angeles Lakers,101.0,127.0,114.3794,106.80535
22018,2018-12-25,Boston Celtics,Philadelphia 76ers,121.0,114.0,109.67244,106.66575
22018,2018-12-25,Utah Jazz,Portland Trail Blazers,117.0,96.0,109.40396,103.43431
22018,2018-12-26,Brooklyn Nets,Charlotte Hornets,134.0,132.0,115.69954,113.0507
22018,2018-12-26,Detroit Pistons,Washington Wizards,106.0,95.0,109.51302,105.96895
22018,2018-12-26,San Antonio Spurs,Denver Nuggets,111.0,103.0,105.75935,105.50476
22018,2018-12-26,Miami Heat,Toronto Raptors,104.0,106.0,104.5068,104.428825
22018,2018-12-26,LA Clippers,Sacramento Kings,127.0,118.0,110.172134,106.06113
22018,2018-12-26,Orlando Magic,Phoenix Suns,120.0,122.0,118.01793,113.19962
22018,2018-12-26,Dallas Mavericks,New Orleans Pelicans,122.0,119.0,105.62173,105.01509
22018,2018-12-26,Atlanta Hawks,Indiana Pacers,121.0,129.0,109.199844,112.5114
22018,2018-12-26,Chicago Bulls,Minnesota Timberwolves,94.0,119.0,112.39988,112.55378
22018,2018-12-26,Memphis Grizzlies,Cleveland Cavaliers,95.0,87.0,106.78081,102.903114
22018,2018-12-27,Golden State Warriors,Portland Trail Blazers,109.0,110.0,114.46715,108.26684
22018,2018-12-27,Milwaukee Bucks,New York Knicks,112.0,96.0,116.03675,104.7574
22018,2018-12-27,Utah Jazz,Philadelphia 76ers,97.0,114.0,103.40135,99.49321
22018,2018-12-27,Sacramento Kings,Los Angeles Lakers,117.0,116.0,110.12194,109.73523
22018,2018-12-27,Houston Rockets,Boston Celtics,127.0,113.0,116.52976,112.8322
22018,2018-12-28,Indiana Pacers,Detroit Pistons,125.0,88.0,112.51446,105.92384
22018,2018-12-28,Minnesota Timberwolves,Atlanta Hawks,120.0,123.0,110.4237,104.0791
22018,2018-12-28,Denver Nuggets,San Antonio Spurs,102.0,99.0,107.66545,104.3927
22018,2018-12-28,Phoenix Suns,Oklahoma City Thunder,102.0,118.0,111.326004,116.8895
22018,2018-12-28,Los Angeles Lakers,LA Clippers,107.0,118.0,114.94902,111.97394
22018,2018-12-28,Charlotte Hornets,Brooklyn Nets,100.0,87.0,115.017914,112.238396
22018,2018-12-28,Miami Heat,Cleveland Cavaliers,118.0,94.0,114.84536,108.13274
22018,2018-12-28,Orlando Magic,Toronto Raptors,116.0,87.0,106.25958,110.56766
22018,2018-12-28,New Orleans Pelicans,Dallas Mavericks,114.0,112.0,107.6799,104.124306
22018,2018-12-28,Washington Wizards,Chicago Bulls,92.0,101.0,115.19687,108.737434
22018,2018-12-29,Memphis Grizzlies,Boston Celtics,103.0,112.0,98.62051,99.89897
22018,2018-12-29,Portland Trail Blazers,Golden State Warriors,105.0,115.0,108.94709,107.13755
22018,2018-12-29,Atlanta Hawks,Cleveland Cavaliers,111.0,108.0,112.80437,110.70363
22018,2018-12-29,Utah Jazz,New York Knicks,129.0,97.0,112.88295,102.44476
22018,2018-12-29,Phoenix Suns,Denver Nuggets,118.0,122.0,112.59997,117.360054
22018,2018-12-29,Washington Wizards,Charlotte Hornets,130.0,126.0,113.22251,110.787544
22018,2018-12-29,Milwaukee Bucks,Brooklyn Nets,129.0,115.0,113.96731,106.95796
22018,2018-12-29,New Orleans Pelicans,Houston Rockets,104.0,108.0,113.15661,114.15441
22018,2018-12-29,LA Clippers,San Antonio Spurs,111.0,122.0,105.15731,103.31189
22018,2018-12-30,Miami Heat,Minnesota Timberwolves,104.0,113.0,114.75365,110.024376
22018,2018-12-30,Toronto Raptors,Chicago Bulls,95.0,89.0,118.43342,107.780014
22018,2018-12-30,Orlando Magic,Detroit Pistons,109.0,107.0,111.39041,109.36025
22018,2018-12-30,Los Angeles Lakers,Sacramento Kings,121.0,114.0,110.28144,106.06352
22018,2018-12-30,Portland Trail Blazers,Philadelphia 76ers,129.0,95.0,107.75637,106.0319
22018,2018-12-30,Dallas Mavericks,Oklahoma City Thunder,105.0,103.0,107.96507,110.827324
22018,2018-12-31,Houston Rockets,Memphis Grizzlies,113.0,101.0,119.41917,112.38919
22018,2018-12-31,Oklahoma City Thunder,Dallas Mavericks,122.0,102.0,110.537346,103.106575
22018,2018-12-31,Indiana Pacers,Atlanta Hawks,116.0,108.0,112.87408,103.49007
22018,2018-12-31,Phoenix Suns,Golden State Warriors,109.0,132.0,110.472374,115.297585
22018,2018-12-31,San Antonio Spurs,Boston Celtics,120.0,111.0,101.19553,101.1482
22018,2018-12-31,New Orleans Pelicans,Minnesota Timberwolves,123.0,114.0,115.99313,112.86605
22018,2018-12-31,Charlotte Hornets,Orlando Magic,125.0,100.0,116.65889,110.75141
22018,2019-01-01,Milwaukee Bucks,Detroit Pistons,121.0,98.0,114.57097,106.72934
22018,2019-01-01,Toronto Raptors,Utah Jazz,122.0,116.0,114.08725,108.56893
22018,2019-01-01,Sacramento Kings,Portland Trail Blazers,108.0,113.0,112.544,111.11245
22018,2019-01-01,Denver Nuggets,New York Knicks,115.0,108.0,122.38664,113.20556
22018,2019-01-01,LA Clippers,Philadelphia 76ers,113.0,119.0,111.08065,108.737755
22018,2019-01-02,Cleveland Cavaliers,Miami Heat,92.0,117.0,107.8345,107.806725
22018,2019-01-02,Boston Celtics,Minnesota Timberwolves,115.0,102.0,118.78462,113.03893
22018,2019-01-02,Brooklyn Nets,New Orleans Pelicans,126.0,121.0,115.295525,112.51664
22018,2019-01-02,Phoenix Suns,Philadelphia 76ers,127.0,132.0,115.58765,118.303185
22018,2019-01-02,Los Angeles Lakers,Oklahoma City Thunder,100.0,107.0,110.916954,110.23169
22018,2019-01-02,Washington Wizards,Atlanta Hawks,114.0,98.0,116.78409,110.059814
22018,2019-01-02,Charlotte Hornets,Dallas Mavericks,84.0,122.0,107.14243,103.635025
22018,2019-01-02,Chicago Bulls,Orlando Magic,84.0,112.0,118.3047,114.99533
22018,2019-01-02,Memphis Grizzlies,Detroit Pistons,94.0,101.0,107.713394,104.013145
22018,2019-01-03,Sacramento Kings,Denver Nuggets,113.0,117.0,111.68909,112.50371
22018,2019-01-03,San Antonio Spurs,Toronto Raptors,125.0,107.0,102.632614,101.00999
22018,2019-01-03,Golden State Warriors,Houston Rockets,134.0,135.0,115.22635,112.52788
22018,2019-01-04,Milwaukee Bucks,Atlanta Hawks,144.0,112.0,114.57553,104.567474
22018,2019-01-04,Boston Celtics,Dallas Mavericks,114.0,93.0,110.04647,104.76242
22018,2019-01-04,Minnesota Timberwolves,Orlando Magic,120.0,103.0,118.33738,112.58877
22018,2019-01-04,Cleveland Cavaliers,Utah Jazz,91.0,117.0,107.99031,109.16628
22018,2019-01-04,Portland Trail Blazers,Oklahoma City Thunder,109.0,111.0,114.76779,112.41876
22018,2019-01-04,Phoenix Suns,LA Clippers,111.0,121.0,118.96322,119.95419
22018,2019-01-04,Memphis Grizzlies,Brooklyn Nets,100.0,109.0,110.478485,107.63196
22018,2019-01-04,Chicago Bulls,Indiana Pacers,116.0,119.0,112.12796,114.36885
22018,2019-01-04,Miami Heat,Washington Wizards,115.0,109.0,117.43759,110.754
22018,2019-01-04,Los Angeles Lakers,New York Knicks,112.0,119.0,117.688896,109.94932
22018,2019-01-05,Denver Nuggets,Charlotte Hornets,123.0,110.0,117.88799,111.36915
22018,2019-01-05,San Antonio Spurs,Memphis Grizzlies,108.0,88.0,106.901215,101.05708
22018,2019-01-05,Sacramento Kings,Golden State Warriors,123.0,127.0,107.855446,109.57684
22018,2019-01-05,Portland Trail Blazers,Houston Rockets,110.0,101.0,114.68478,113.635765
22018,2019-01-05,Cleveland Cavaliers,New Orleans Pelicans,98.0,133.0,111.23041,110.45734
22018,2019-01-05,Philadelphia 76ers,Dallas Mavericks,106.0,100.0,106.90161,102.42701
22018,2019-01-05,Detroit Pistons,Utah Jazz,105.0,110.0,107.89569,106.05826
22018,2019-01-05,Milwaukee Bucks,Toronto Raptors,116.0,123.0,107.85002,103.18554
22018,2019-01-06,Phoenix Suns,Charlotte Hornets,113.0,119.0,115.129585,115.568695
22018,2019-01-06,LA Clippers,Orlando Magic,106.0,96.0,116.7564,109.63679
22018,2019-01-06,Chicago Bulls,Brooklyn Nets,100.0,117.0,115.81547,116.51832
22018,2019-01-06,Oklahoma City Thunder,Washington Wizards,98.0,116.0,121.73944,112.896194
22018,2019-01-06,Atlanta Hawks,Miami Heat,106.0,82.0,106.11,107.11225
22018,2019-01-06,Toronto Raptors,Indiana Pacers,121.0,105.0,117.578026,111.95605
22018,2019-01-06,Minnesota Timberwolves,Los Angeles Lakers,108.0,86.0,115.14488,110.65719
22018,2019-01-07,Milwaukee Bucks,Utah Jazz,114.0,102.0,106.912384,102.130295
22018,2019-01-07,Detroit Pistons,San Antonio Spurs,107.0,119.0,106.786156,104.25179
22018,2019-01-07,Dallas Mavericks,Los Angeles Lakers,97.0,107.0,112.1294,109.437386
22018,2019-01-07,Boston Celtics,Brooklyn Nets,116.0,95.0,117.67676,112.20045
22018,2019-01-07,Houston Rockets,Denver Nuggets,125.0,113.0,125.36002,120.09767
22018,2019-01-07,Portland Trail Blazers,New York Knicks,111.0,101.0,120.54092,110.60096
22018,2019-01-07,Sacramento Kings,Orlando Magic,111.0,95.0,116.10899,112.58692
22018,2019-01-07,New Orleans Pelicans,Memphis Grizzlies,114.0,95.0,113.863754,108.3064
22018,2019-01-08,Oklahoma City Thunder,Minnesota Timberwolves,117.0,119.0,118.95246,112.44404
22018,2019-01-08,LA Clippers,Charlotte Hornets,128.0,109.0,110.96352,106.09273
22018,2019-01-08,Cleveland Cavaliers,Indiana Pacers,115.0,123.0,114.47014,116.089035
22018,2019-01-08,Philadelphia 76ers,Washington Wizards,132.0,115.0,114.76917,108.80578
22018,2019-01-08,Toronto Raptors,Atlanta Hawks,104.0,101.0,118.28902,107.939476
22018,2019-01-08,Phoenix Suns,Sacramento Kings,115.0,111.0,113.8428,113.96067
22018,2019-01-08,Golden State Warriors,New York Knicks,122.0,95.0,119.65267,108.46605
22018,2019-01-08,Miami Heat,Denver Nuggets,99.0,103.0,115.37548,112.65765
22018,2019-01-09,Utah Jazz,Orlando Magic,106.0,93.0,118.02143,108.39387
22018,2019-01-09,Dallas Mavericks,Phoenix Suns,104.0,94.0,116.70385,109.946686
22018,2019-01-09,Memphis Grizzlies,San Antonio Spurs,96.0,86.0,103.57541,102.38504
22018,2019-01-09,Los Angeles Lakers,Detroit Pistons,113.0,100.0,111.74238,107.5867
22018,2019-01-09,Portland Trail Blazers,Chicago Bulls,124.0,112.0,118.43317,108.60209
22018,2019-01-09,New Orleans Pelicans,Cleveland Cavaliers,140.0,124.0,120.72541,113.21615
22018,2019-01-09,Washington Wizards,Philadelphia 76ers,123.0,106.0,114.95365,113.29899
22018,2019-01-09,Houston Rockets,Milwaukee Bucks,109.0,116.0,123.68363,119.60429
22018,2019-01-09,Brooklyn Nets,Atlanta Hawks,116.0,100.0,115.824776,109.62098
22018,2019-01-09,Boston Celtics,Indiana Pacers,135.0,108.0,114.694305,110.152626
22018,2019-01-10,Denver Nuggets,LA Clippers,121.0,100.0,122.08186,116.02895
22018,2019-01-10,Sacramento Kings,Detroit Pistons,112.0,102.0,110.66079,109.103645
22018,2019-01-10,San Antonio Spurs,Oklahoma City Thunder,154.0,147.0,107.24848,104.826416
22018,2019-01-10,Miami Heat,Boston Celtics,115.0,99.0,109.2925,108.19672
22018,2019-01-11,New York Knicks,Indiana Pacers,106.0,121.0,111.876526,113.62657
22018,2019-01-11,Golden State Warriors,Chicago Bulls,146.0,109.0,117.877525,106.9991
22018,2019-01-11,Toronto Raptors,Brooklyn Nets,122.0,105.0,120.37417,112.73415
22018,2019-01-11,Houston Rockets,Cleveland Cavaliers,141.0,113.0,131.10968,121.23566
22018,2019-01-11,Washington Wizards,Milwaukee Bucks,113.0,106.0,115.96213,115.002594
22018,2019-01-11,Utah Jazz,Los Angeles Lakers,113.0,95.0,113.368164,105.36104
22018,2019-01-11,Portland Trail Blazers,Charlotte Hornets,127.0,96.0,113.91471,107.0143
22018,2019-01-11,Philadelphia 76ers,Atlanta Hawks,121.0,123.0,109.95292,101.58568
22018,2019-01-11,Minnesota Timberwolves,Dallas Mavericks,115.0,119.0,108.22927,104.93141
22018,2019-01-12,Miami Heat,Memphis Grizzlies,112.0,108.0,110.98666,105.33959
22018,2019-01-12,Oklahoma City Thunder,San Antonio Spurs,122.0,112.0,109.23081,104.23563
22018,2019-01-12,Sacramento Kings,Charlotte Hornets,104.0,97.0,110.64748,108.576096
22018,2019-01-12,Phoenix Suns,Denver Nuggets,102.0,93.0,115.59693,120.2687
22018,2019-01-12,Utah Jazz,Chicago Bulls,110.0,102.0,115.82535,104.995056
22018,2019-01-12,Orlando Magic,Boston Celtics,105.0,103.0,109.38601,112.01673
22018,2019-01-12,Minnesota Timberwolves,New Orleans Pelicans,110.0,106.0,111.590294,107.78823
22018,2019-01-12,LA Clippers,Detroit Pistons,104.0,109.0,112.133804,107.06418
22018,2019-01-13,Atlanta Hawks,Milwaukee Bucks,114.0,133.0,111.327805,113.68039
22018,2019-01-13,Washington Wizards,Toronto Raptors,138.0,140.0,110.34198,109.64077
22018,2019-01-13,Dallas Mavericks,Golden State Warriors,114.0,119.0,108.27657,110.131805
22018,2019-01-13,Los Angeles Lakers,Cleveland Cavaliers,95.0,101.0,117.90463,111.67494
22018,2019-01-13,Denver Nuggets,Portland Trail Blazers,116.0,113.0,120.61232,115.32925
22018,2019-01-13,Orlando Magic,Houston Rockets,116.0,109.0,114.18803,117.8003
22018,2019-01-13,New York Knicks,Philadelphia 76ers,105.0,108.0,112.78148,114.26745
22018,2019-01-14,LA Clippers,New Orleans Pelicans,117.0,121.0,110.62276,106.681564
22018,2019-01-14,Houston Rockets,Memphis Grizzlies,112.0,94.0,122.512276,114.7336
22018,2019-01-14,Brooklyn Nets,Boston Celtics,109.0,102.0,111.77997,111.89056
22018,2019-01-14,Sacramento Kings,Portland Trail Blazers,115.0,107.0,112.04126,111.77176
22018,2019-01-14,San Antonio Spurs,Charlotte Hornets,93.0,108.0,109.37009,102.98762
22018,2019-01-14,Utah Jazz,Detroit Pistons,100.0,94.0,111.39011,103.39185
22018,2019-01-15,Philadelphia 76ers,Minnesota Timberwolves,149.0,107.0,113.36018,109.02085
22018,2019-01-15,Denver Nuggets,Golden State Warriors,111.0,142.0,115.01439,112.52349
22018,2019-01-15,Indiana Pacers,Phoenix Suns,131.0,97.0,125.04907,114.11439
22018,2019-01-15,Los Angeles Lakers,Chicago Bulls,107.0,100.0,116.01943,108.904945
22018,2019-01-15,Milwaukee Bucks,Miami Heat,124.0,86.0,107.05284,100.62561
22018,2019-01-15,Atlanta Hawks,Oklahoma City Thunder,142.0,126.0,110.28455,112.335526
22018,2019-01-16,Memphis Grizzlies,Milwaukee Bucks,101.0,111.0,106.183754,106.975
22018,2019-01-16,LA Clippers,Utah Jazz,109.0,129.0,104.081894,103.53166
22018,2019-01-16,Houston Rockets,Brooklyn Nets,142.0,145.0,126.57128,119.458145
22018,2019-01-16,Golden State Warriors,New Orleans Pelicans,147.0,140.0,113.722206,105.84225
22018,2019-01-16,Portland Trail Blazers,Cleveland Cavaliers,129.0,112.0,121.5268,112.45864
22018,2019-01-16,Boston Celtics,Toronto Raptors,117.0,108.0,109.719765,107.06346
22018,2019-01-16,Dallas Mavericks,San Antonio Spurs,101.0,105.0,102.07714,102.12428
22018,2019-01-16,Detroit Pistons,Orlando Magic,120.0,115.0,118.46327,111.72373
22018,2019-01-17,Toronto Raptors,Phoenix Suns,111.0,109.0,128.18262,115.11479
22018,2019-01-17,Washington Wizards,New York Knicks,101.0,100.0,120.68914,111.78328
22018,2019-01-17,Denver Nuggets,Chicago Bulls,135.0,105.0,121.45201,111.8819
22018,2019-01-17,Oklahoma City Thunder,Los Angeles Lakers,128.0,138.0,117.27421,109.37417
22018,2019-01-17,Charlotte Hornets,Sacramento Kings,114.0,95.0,110.309326,106.518906
22018,2019-01-17,Indiana Pacers,Philadelphia 76ers,96.0,120.0,113.63192,108.99794
22018,2019-01-18,Orlando Magic,Brooklyn Nets,115.0,117.0,115.3067,114.73947
22018,2019-01-18,Portland Trail Blazers,New Orleans Pelicans,128.0,112.0,113.69257,107.1432
22018,2019-01-18,Detroit Pistons,Miami Heat,98.0,93.0,106.8418,103.90223
22018,2019-01-18,Utah Jazz,Cleveland Cavaliers,115.0,99.0,117.99219,107.66557
22018,2019-01-18,LA Clippers,Golden State Warriors,94.0,112.0,109.08111,110.90199
22018,2019-01-18,Boston Celtics,Memphis Grizzlies,122.0,116.0,113.215416,106.06306
22018,2019-01-18,Minnesota Timberwolves,San Antonio Spurs,113.0,116.0,106.65318,104.70684
22018,2019-01-19,Atlanta Hawks,Boston Celtics,105.0,113.0,106.85519,109.28615
22018,2019-01-19,Philadelphia 76ers,Oklahoma City Thunder,115.0,117.0,109.674095,106.07552
22018,2019-01-19,Charlotte Hornets,Phoenix Suns,135.0,115.0,119.35826,111.39973
22018,2019-01-19,Denver Nuggets,Cleveland Cavaliers,124.0,102.0,123.22931,114.89068
22018,2019-01-19,Indiana Pacers,Dallas Mavericks,111.0,99.0,110.734505,105.22415
22018,2019-01-19,Toronto Raptors,Memphis Grizzlies,119.0,90.0,116.36844,106.81095
22018,2019-01-19,Detroit Pistons,Sacramento Kings,101.0,103.0,113.111115,107.41434
22018,2019-01-19,Orlando Magic,Milwaukee Bucks,108.0,118.0,112.49524,115.08061
22018,2019-01-19,Houston Rockets,Los Angeles Lakers,138.0,134.0,128.43983,119.78182
22018,2019-01-19,Chicago Bulls,Miami Heat,103.0,117.0,107.06947,108.74902
22018,2019-01-20,Indiana Pacers,Charlotte Hornets,120.0,95.0,115.44689,109.112465
22018,2019-01-20,Minnesota Timberwolves,Phoenix Suns,116.0,114.0,122.14607,113.48443
22018,2019-01-20,San Antonio Spurs,LA Clippers,95.0,103.0,110.72604,105.00142
22018,2019-01-21,Boston Celtics,Miami Heat,107.0,99.0,109.37181,103.98409
22018,2019-01-21,Philadelphia 76ers,Houston Rockets,121.0,93.0,112.135544,111.72587
22018,2019-01-21,Washington Wizards,Detroit Pistons,101.0,87.0,117.44645,111.96923
22018,2019-01-21,Atlanta Hawks,Orlando Magic,103.0,122.0,117.53729,113.6548
22018,2019-01-21,Cleveland Cavaliers,Chicago Bulls,88.0,104.0,117.57055,112.85836
22018,2019-01-21,Utah Jazz,Portland Trail Blazers,104.0,109.0,111.68608,104.47535
22018,2019-01-21,New York Knicks,Oklahoma City Thunder,109.0,127.0,112.734146,115.37208
22018,2019-01-21,Milwaukee Bucks,Dallas Mavericks,116.0,106.0,109.08153,101.14915
22018,2019-01-21,Los Angeles Lakers,Golden State Warriors,111.0,130.0,108.388374,109.68691
22018,2019-01-21,Memphis Grizzlies,New Orleans Pelicans,85.0,105.0,106.959724,104.42739
22018,2019-01-21,Brooklyn Nets,Sacramento Kings,123.0,94.0,114.35264,109.50379
22018,2019-01-22,Oklahoma City Thunder,Portland Trail Blazers,123.0,114.0,116.57506,111.139244
22018,2019-01-22,Phoenix Suns,Minnesota Timberwolves,91.0,118.0,116.27412,117.98996
22018,2019-01-22,Toronto Raptors,Sacramento Kings,120.0,105.0,119.73572,109.404724
22018,2019-01-22,Dallas Mavericks,LA Clippers,106.0,98.0,113.49279,111.888275
22018,2019-01-23,New York Knicks,Houston Rockets,110.0,114.0,117.86413,122.159874
22018,2019-01-23,New Orleans Pelicans,Detroit Pistons,94.0,98.0,116.34097,110.38574
22018,2019-01-23,Boston Celtics,Cleveland Cavaliers,123.0,103.0,122.803635,112.76695
22018,2019-01-23,Indiana Pacers,Toronto Raptors,110.0,106.0,107.62899,105.51751
22018,2019-01-23,Philadelphia 76ers,San Antonio Spurs,122.0,120.0,106.15886,101.77633
22018,2019-01-23,Memphis Grizzlies,Charlotte Hornets,107.0,118.0,108.749435,106.08781
22018,2019-01-23,Chicago Bulls,Atlanta Hawks,101.0,121.0,113.39529,110.61187
22018,2019-01-23,Utah Jazz,Denver Nuggets,114.0,108.0,111.303116,106.47465
22018,2019-01-23,Brooklyn Nets,Orlando Magic,114.0,110.0,120.345116,113.83178
22018,2019-01-23,Miami Heat,LA Clippers,99.0,111.0,116.80381,111.121765
22018,2019-01-24,Oklahoma City Thunder,New Orleans Pelicans,122.0,116.0,114.802605,107.99283
22018,2019-01-24,Washington Wizards,Golden State Warriors,118.0,126.0,111.9855,112.63997
22018,2019-01-24,Los Angeles Lakers,Minnesota Timberwolves,105.0,120.0,113.802086,111.49902
22018,2019-01-24,Phoenix Suns,Portland Trail Blazers,106.0,120.0,114.887924,117.5025
22018,2019-01-25,Orlando Magic,Washington Wizards,91.0,95.0,115.19562,113.65216
22018,2019-01-25,Houston Rockets,Toronto Raptors,121.0,119.0,120.71659,116.6394
22018,2019-01-25,Milwaukee Bucks,Charlotte Hornets,108.0,99.0,113.50288,104.98428
22018,2019-01-25,Brooklyn Nets,New York Knicks,109.0,99.0,120.10561,111.51135
22018,2019-01-25,Denver Nuggets,Phoenix Suns,132.0,95.0,126.86123,115.80179
22018,2019-01-25,Utah Jazz,Minnesota Timberwolves,106.0,102.0,112.76612,105.858955
22018,2019-01-25,Dallas Mavericks,Detroit Pistons,106.0,101.0,112.65931,109.49912
22018,2019-01-25,Memphis Grizzlies,Sacramento Kings,96.0,99.0,110.28945,106.733665
22018,2019-01-25,Chicago Bulls,LA Clippers,101.0,106.0,114.32512,115.29046
22018,2019-01-25,Cleveland Cavaliers,Miami Heat,94.0,100.0,109.69342,110.87169
22018,2019-01-26,Portland Trail Blazers,Atlanta Hawks,120.0,111.0,116.06912,106.73629
22018,2019-01-26,Memphis Grizzlies,Indiana Pacers,106.0,103.0,107.67381,108.00508
22018,2019-01-26,Denver Nuggets,Philadelphia 76ers,126.0,110.0,115.438835,112.41358
22018,2019-01-26,Boston Celtics,Golden State Warriors,111.0,115.0,112.42362,110.794495
22018,2019-01-26,New Orleans Pelicans,San Antonio Spurs,114.0,126.0,109.602,106.309586
22018,2019-01-27,LA Clippers,Sacramento Kings,122.0,108.0,115.035225,110.714966
22018,2019-01-27,Minnesota Timberwolves,Utah Jazz,111.0,125.0,105.167915,104.37547
22018,2019-01-27,Oklahoma City Thunder,Milwaukee Bucks,118.0,112.0,113.77109,111.12148
22018,2019-01-27,Chicago Bulls,Cleveland Cavaliers,101.0,104.0,121.1699,117.87749
22018,2019-01-27,Houston Rockets,Orlando Magic,103.0,98.0,132.68703,122.72683
22018,2019-01-27,Dallas Mavericks,Toronto Raptors,120.0,123.0,106.7148,108.586105
22018,2019-01-27,San Antonio Spurs,Washington Wizards,132.0,119.0,111.73398,106.88242
22018,2019-01-27,Los Angeles Lakers,Phoenix Suns,116.0,102.0,121.83159,113.30202
22018,2019-01-27,New York Knicks,Miami Heat,97.0,106.0,108.62031,109.79716
22018,2019-01-28,Charlotte Hornets,New York Knicks,101.0,92.0,116.89177,109.28583
22018,2019-01-28,Memphis Grizzlies,Denver Nuggets,92.0,95.0,109.48062,110.6305
22018,2019-01-28,Indiana Pacers,Golden State Warriors,100.0,132.0,112.06764,111.209946
22018,2019-01-28,LA Clippers,Atlanta Hawks,118.0,123.0,113.49912,107.64611
22018,2019-01-28,Boston Celtics,Brooklyn Nets,112.0,104.0,117.79389,112.79387
22018,2019-01-29,San Antonio Spurs,Phoenix Suns,126.0,124.0,120.007706,109.56541
22018,2019-01-29,Cleveland Cavaliers,Washington Wizards,116.0,113.0,117.40449,117.52945
22018,2019-01-29,Detroit Pistons,Milwaukee Bucks,105.0,115.0,113.548,113.27523
22018,2019-01-29,Los Angeles Lakers,Philadelphia 76ers,105.0,121.0,110.62901,110.278755
22018,2019-01-29,Orlando Magic,Oklahoma City Thunder,117.0,126.0,114.52843,116.23874
22018,2019-01-29,Brooklyn Nets,Chicago Bulls,122.0,117.0,121.07996,112.29109
22018,2019-01-29,Houston Rockets,New Orleans Pelicans,116.0,121.0,126.73589,118.871895
22018,2019-01-30,Minnesota Timberwolves,Memphis Grizzlies,99.0,97.0,113.35717,107.970146
22018,2019-01-30,Sacramento Kings,Atlanta Hawks,135.0,113.0,111.98266,108.50407
22018,2019-01-30,Portland Trail Blazers,Utah Jazz,132.0,105.0,107.08149,104.07511
22018,2019-01-30,Boston Celtics,Charlotte Hornets,126.0,94.0,116.063934,108.98971
22018,2019-01-30,Washington Wizards,Indiana Pacers,107.0,89.0,115.509094,112.846054
22018,2019-01-30,New Orleans Pelicans,Denver Nuggets,99.0,105.0,118.093864,116.327736
22018,2019-01-30,Miami Heat,Chicago Bulls,89.0,105.0,120.13251,110.396225
22018,2019-01-30,New York Knicks,Dallas Mavericks,90.0,114.0,110.65817,111.51471
22018,2019-01-31,Orlando Magic,Indiana Pacers,107.0,100.0,115.36056,115.014145
22018,2019-01-31,Detroit Pistons,Dallas Mavericks,93.0,89.0,109.10083,105.93256
22018,2019-01-31,Golden State Warriors,Philadelphia 76ers,104.0,113.0,115.09971,107.55654
22018,2019-01-31,San Antonio Spurs,Brooklyn Nets,117.0,114.0,113.29576,109.75774
22018,2019-01-31,Toronto Raptors,Milwaukee Bucks,92.0,105.0,116.108444,111.673325
22018,2019-01-31,LA Clippers,Los Angeles Lakers,120.0,123.0,115.54778,111.174034
22018,2019-02-01,Utah Jazz,Atlanta Hawks,128.0,112.0,112.48787,102.82597
22018,2019-02-01,New York Knicks,Boston Celtics,99.0,113.0,109.93413,114.266205
22018,2019-02-01,Charlotte Hornets,Memphis Grizzlies,100.0,92.0,111.54749,106.19076
22018,2019-02-01,Denver Nuggets,Houston Rockets,136.0,122.0,119.86255,117.581055
22018,2019-02-01,Miami Heat,Oklahoma City Thunder,102.0,118.0,111.72509,110.256454
22018,2019-02-02,Utah Jazz,Houston Rockets,98.0,125.0,110.07823,106.54873
22018,2019-02-02,Phoenix Suns,Atlanta Hawks,112.0,118.0,114.68542,113.65893
22018,2019-02-02,Minnesota Timberwolves,Denver Nuggets,106.0,107.0,115.25813,113.86289
22018,2019-02-02,Miami Heat,Indiana Pacers,88.0,95.0,115.13821,111.256905
22018,2019-02-02,Golden State Warriors,Los Angeles Lakers,115.0,101.0,121.73718,110.86563
22018,2019-02-02,Detroit Pistons,LA Clippers,101.0,111.0,119.79419,114.79112
22018,2019-02-02,Orlando Magic,Brooklyn Nets,102.0,89.0,114.37731,114.26243
22018,2019-02-02,Washington Wizards,Milwaukee Bucks,115.0,131.0,116.37893,115.629555
22018,2019-02-02,San Antonio Spurs,New Orleans Pelicans,113.0,108.0,108.24716,103.11139
22018,2019-02-02,Sacramento Kings,Philadelphia 76ers,115.0,108.0,110.23371,111.51288
22018,2019-02-02,Charlotte Hornets,Chicago Bulls,125.0,118.0,115.558266,108.78607
22018,2019-02-02,Cleveland Cavaliers,Dallas Mavericks,98.0,111.0,110.01186,110.00394
22018,2019-02-03,Boston Celtics,Oklahoma City Thunder,134.0,129.0,112.57703,109.07465
22018,2019-02-03,New York Knicks,Memphis Grizzlies,84.0,96.0,113.21818,111.55897
22018,2019-02-03,Toronto Raptors,LA Clippers,121.0,103.0,121.680504,113.64379
22018,2019-02-04,Phoenix Suns,Houston Rockets,110.0,118.0,118.37984,124.20756
22018,2019-02-04,New Orleans Pelicans,Indiana Pacers,107.0,109.0,117.60974,113.936
22018,2019-02-04,Detroit Pistons,Denver Nuggets,129.0,103.0,118.34251,116.710556
22018,2019-02-04,Sacramento Kings,San Antonio Spurs,127.0,112.0,106.32356,106.18993
22018,2019-02-04,Brooklyn Nets,Milwaukee Bucks,94.0,113.0,115.97755,116.99994
22018,2019-02-04,Washington Wizards,Atlanta Hawks,129.0,137.0,116.6168,109.57596
22018,2019-02-05,Portland Trail Blazers,Miami Heat,108.0,118.0,110.00471,103.58951
22018,2019-02-05,Philadelphia 76ers,Toronto Raptors,107.0,119.0,108.43707,105.72344
22018,2019-02-05,Indiana Pacers,Los Angeles Lakers,136.0,94.0,119.3058,112.19479
22018,2019-02-05,Oklahoma City Thunder,Orlando Magic,132.0,122.0,120.99084,112.20106
22018,2019-02-05,Charlotte Hornets,LA Clippers,115.0,117.0,113.93793,110.78252
22018,2019-02-05,New York Knicks,Detroit Pistons,92.0,105.0,115.83748,115.39082
22018,2019-02-05,Cleveland Cavaliers,Boston Celtics,96.0,103.0,112.25453,115.66103
22018,2019-02-05,Memphis Grizzlies,Minnesota Timberwolves,108.0,106.0,109.47576,109.07729
22018,2019-02-06,Dallas Mavericks,Charlotte Hornets,99.0,93.0,108.660194,106.18655
22018,2019-02-06,Chicago Bulls,New Orleans Pelicans,120.0,125.0,110.82333,110.91802
22018,2019-02-06,Brooklyn Nets,Denver Nuggets,135.0,130.0,118.1132,117.175575
22018,2019-02-06,Sacramento Kings,Houston Rockets,101.0,127.0,114.901634,117.77407
22018,2019-02-06,Utah Jazz,Phoenix Suns,116.0,88.0,122.39943,110.435104
22018,2019-02-06,Golden State Warriors,San Antonio Spurs,141.0,102.0,112.3751,104.42105
22018,2019-02-06,Milwaukee Bucks,Washington Wizards,148.0,129.0,117.59208,108.73561
22018,2019-02-07,Atlanta Hawks,Toronto Raptors,101.0,119.0,107.64626,109.818405
22018,2019-02-07,Orlando Magic,Minnesota Timberwolves,122.0,112.0,116.13554,114.80737
22018,2019-02-07,Indiana Pacers,LA Clippers,116.0,92.0,117.35447,111.37816
22018,2019-02-07,Portland Trail Blazers,San Antonio Spurs,127.0,118.0,108.40592,103.22983
22018,2019-02-07,Oklahoma City Thunder,Memphis Grizzlies,117.0,95.0,115.46064,106.91919
22018,2019-02-07,Boston Celtics,Los Angeles Lakers,128.0,129.0,118.8788,110.1623
22018,2019-02-08,Phoenix Suns,Golden State Warriors,107.0,117.0,113.55812,120.00194
22018,2019-02-08,New Orleans Pelicans,Minnesota Timberwolves,122.0,117.0,119.791664,115.41443
22018,2019-02-08,Philadelphia 76ers,Denver Nuggets,117.0,110.0,114.04121,110.39345
22018,2019-02-08,Detroit Pistons,New York Knicks,120.0,103.0,122.838234,113.24596
22018,2019-02-08,Washington Wizards,Cleveland Cavaliers,119.0,106.0,124.72876,116.936905
22018,2019-02-08,Sacramento Kings,Miami Heat,102.0,96.0,105.44967,104.5666
22018,2019-02-08,Dallas Mavericks,Milwaukee Bucks,107.0,122.0,109.639656,112.34389
22018,2019-02-08,Brooklyn Nets,Chicago Bulls,106.0,125.0,119.98153,112.38932
22018,2019-02-09,Indiana Pacers,Cleveland Cavaliers,105.0,90.0,122.745544,114.03291
22018,2019-02-09,Milwaukee Bucks,Orlando Magic,83.0,103.0,120.16014,109.8601
22018,2019-02-09,Atlanta Hawks,Charlotte Hornets,120.0,129.0,111.5755,109.56042
22018,2019-02-09,Utah Jazz,San Antonio Spurs,125.0,105.0,103.66857,97.85495
22018,2019-02-09,Boston Celtics,LA Clippers,112.0,123.0,117.44906,110.19113
22018,2019-02-09,Chicago Bulls,Washington Wizards,125.0,134.0,113.62343,113.65824
22018,2019-02-09,Houston Rockets,Oklahoma City Thunder,112.0,117.0,124.42054,119.663185
22018,2019-02-09,Memphis Grizzlies,New Orleans Pelicans,99.0,90.0,106.51896,104.872
22018,2019-02-09,New York Knicks,Toronto Raptors,99.0,104.0,109.6555,114.08106
22018,2019-02-10,Philadelphia 76ers,Los Angeles Lakers,143.0,120.0,116.74362,109.237656
22018,2019-02-10,Atlanta Hawks,Orlando Magic,108.0,124.0,115.218796,112.63575
22018,2019-02-10,Golden State Warriors,Miami Heat,120.0,118.0,112.37006,103.9255
22018,2019-02-10,Dallas Mavericks,Portland Trail Blazers,102.0,101.0,110.64831,109.82658
22018,2019-02-10,Sacramento Kings,Phoenix Suns,117.0,104.0,121.11195,114.52698
22018,2019-02-11,Oklahoma City Thunder,Portland Trail Blazers,120.0,111.0,117.84907,111.89828
22018,2019-02-11,Indiana Pacers,Charlotte Hornets,99.0,90.0,114.62798,108.63113
22018,2019-02-11,Toronto Raptors,Brooklyn Nets,127.0,125.0,120.93494,112.68898
22018,2019-02-11,Detroit Pistons,Washington Wizards,121.0,112.0,117.33249,111.98944
22018,2019-02-11,Chicago Bulls,Milwaukee Bucks,99.0,112.0,110.50501,115.00408
22018,2019-02-11,Minnesota Timberwolves,LA Clippers,130.0,120.0,116.35198,112.46558
22018,2019-02-11,Houston Rockets,Dallas Mavericks,120.0,104.0,123.10167,115.57786
22018,2019-02-11,Cleveland Cavaliers,New York Knicks,107.0,104.0,121.61647,116.42194
22018,2019-02-11,Denver Nuggets,Miami Heat,103.0,87.0,112.88573,107.67482
22018,2019-02-12,Memphis Grizzlies,San Antonio Spurs,107.0,108.0,100.92051,100.33385
22018,2019-02-12,New Orleans Pelicans,Orlando Magic,88.0,118.0,121.06766,115.19705
22018,2019-02-12,Atlanta Hawks,Los Angeles Lakers,117.0,113.0,115.01504,112.3833
22018,2019-02-12,Philadelphia 76ers,Boston Celtics,109.0,112.0,108.79293,106.61342
22018,2019-02-12,Golden State Warriors,Utah Jazz,115.0,108.0,109.928986,102.952934
22018,2019-02-13,Minnesota Timberwolves,Houston Rockets,121.0,111.0,114.265785,115.418045
22018,2019-02-13,Toronto Raptors,Washington Wizards,129.0,120.0,122.29371,113.08041
22018,2019-02-13,New York Knicks,Philadelphia 76ers,111.0,126.0,113.099495,116.319
22018,2019-02-13,Boston Celtics,Detroit Pistons,118.0,110.0,115.53343,108.9624
22018,2019-02-13,Portland Trail Blazers,Golden State Warriors,129.0,107.0,111.39142,110.62577
22018,2019-02-13,LA Clippers,Phoenix Suns,134.0,107.0,120.83111,111.67994
22018,2019-02-13,Denver Nuggets,Sacramento Kings,120.0,118.0,117.85747,110.297195
22018,2019-02-13,Chicago Bulls,Memphis Grizzlies,122.0,110.0,111.63034,110.27028
22018,2019-02-13,Cleveland Cavaliers,Brooklyn Nets,139.0,148.0,117.3385,117.41154
22018,2019-02-13,Indiana Pacers,Milwaukee Bucks,97.0,106.0,112.66744,111.25035
22018,2019-02-13,Dallas Mavericks,Miami Heat,101.0,112.0,103.89194,102.783485
22018,2019-02-14,Atlanta Hawks,New York Knicks,91.0,106.0,118.146935,111.67054
22018,2019-02-14,New Orleans Pelicans,Oklahoma City Thunder,131.0,122.0,114.083565,114.63719
22018,2019-02-14,Orlando Magic,Charlotte Hornets,127.0,89.0,113.44256,109.56941
22018,2019-02-21,Cleveland Cavaliers,Phoenix Suns,111.0,98.0,125.52808,120.10316
22018,2019-02-21,Golden State Warriors,Sacramento Kings,125.0,123.0,120.172325,109.12037
22018,2019-02-21,Los Angeles Lakers,Houston Rockets,111.0,106.0,113.50759,115.9115
22018,2019-02-21,Milwaukee Bucks,Boston Celtics,98.0,97.0,109.86658,104.65829
22018,2019-02-21,Philadelphia 76ers,Miami Heat,106.0,102.0,106.71355,102.038025
22018,2019-02-21,Brooklyn Nets,Portland Trail Blazers,99.0,113.0,116.27938,114.670105
22018,2019-02-22,Toronto Raptors,San Antonio Spurs,120.0,117.0,111.45852,103.643105
22018,2019-02-22,Atlanta Hawks,Detroit Pistons,122.0,125.0,110.83747,110.05541
22018,2019-02-22,Indiana Pacers,New Orleans Pelicans,126.0,111.0,114.38189,108.26561
22018,2019-02-22,Oklahoma City Thunder,Utah Jazz,148.0,147.0,107.018394,102.78445
22018,2019-02-22,New York Knicks,Minnesota Timberwolves,104.0,115.0,115.78824,116.810486
22018,2019-02-22,Dallas Mavericks,Denver Nuggets,104.0,114.0,112.994446,113.82597
22018,2019-02-22,Orlando Magic,Chicago Bulls,109.0,110.0,116.921,108.80005
22018,2019-02-22,Memphis Grizzlies,LA Clippers,106.0,112.0,108.84968,107.64156
22018,2019-02-22,Charlotte Hornets,Washington Wizards,123.0,110.0,114.43424,110.80899
22018,2019-02-23,Philadelphia 76ers,Portland Trail Blazers,115.0,130.0,113.014725,108.62207
22018,2019-02-23,Utah Jazz,Dallas Mavericks,125.0,109.0,102.82332,96.34114
22018,2019-02-23,Chicago Bulls,Boston Celtics,126.0,116.0,106.730576,111.36958
22018,2019-02-23,Miami Heat,Detroit Pistons,96.0,119.0,113.58575,108.875824
22018,2019-02-23,Atlanta Hawks,Phoenix Suns,120.0,112.0,121.64315,115.08363
22018,2019-02-23,Golden State Warriors,Houston Rockets,112.0,118.0,118.05012,112.82796
22018,2019-02-23,Washington Wizards,Indiana Pacers,112.0,119.0,115.49431,113.63092
22018,2019-02-23,Cleveland Cavaliers,Memphis Grizzlies,112.0,107.0,113.85065,111.82723
22018,2019-02-23,Oklahoma City Thunder,Sacramento Kings,116.0,119.0,116.04906,107.47516
22018,2019-02-23,Milwaukee Bucks,Minnesota Timberwolves,140.0,128.0,116.66868,108.242744
22018,2019-02-23,New Orleans Pelicans,Los Angeles Lakers,128.0,115.0,119.85888,113.71354
22018,2019-02-23,Charlotte Hornets,Brooklyn Nets,115.0,117.0,114.674,111.77728
22018,2019-02-24,Denver Nuggets,LA Clippers,123.0,96.0,119.76151,113.66645
22018,2019-02-24,New York Knicks,San Antonio Spurs,130.0,118.0,107.449165,109.25636
22018,2019-02-24,Toronto Raptors,Orlando Magic,98.0,113.0,122.123505,113.11538
22018,2019-02-25,Chicago Bulls,Milwaukee Bucks,106.0,117.0,110.81521,115.353134
22018,2019-02-25,New Orleans Pelicans,Philadelphia 76ers,110.0,111.0,114.52807,112.89967
22018,2019-02-25,Houston Rockets,Atlanta Hawks,119.0,111.0,129.09795,118.020035
22018,2019-02-25,Memphis Grizzlies,Los Angeles Lakers,110.0,105.0,110.8529,107.40266
22018,2019-02-25,Charlotte Hornets,Golden State Warriors,110.0,121.0,109.0337,111.11772
22018,2019-02-25,LA Clippers,Dallas Mavericks,121.0,112.0,107.6009,104.34388
22018,2019-02-25,Minnesota Timberwolves,Sacramento Kings,112.0,105.0,114.62822,109.49376
22018,2019-02-25,Detroit Pistons,Indiana Pacers,113.0,109.0,114.3946,111.047295
22018,2019-02-25,Cleveland Cavaliers,Portland Trail Blazers,110.0,123.0,114.37073,116.25146
22018,2019-02-25,Miami Heat,Phoenix Suns,121.0,124.0,125.360886,115.50012
22018,2019-02-25,Brooklyn Nets,San Antonio Spurs,101.0,85.0,108.6241,106.51986
22018,2019-02-26,Denver Nuggets,Oklahoma City Thunder,121.0,112.0,115.57321,113.07421
22018,2019-02-26,Toronto Raptors,Boston Celtics,118.0,95.0,113.76848,109.370056
22018,2019-02-26,New York Knicks,Orlando Magic,108.0,103.0,118.538574,118.76239
22018,2019-02-27,Brooklyn Nets,Washington Wizards,116.0,125.0,118.15037,113.85378
22018,2019-02-27,Atlanta Hawks,Minnesota Timberwolves,131.0,123.0,112.52585,113.25635
22018,2019-02-27,Boston Celtics,Portland Trail Blazers,92.0,97.0,114.67943,110.574165
22018,2019-02-27,Charlotte Hornets,Houston Rockets,113.0,118.0,114.54906,116.6475
22018,2019-02-27,Miami Heat,Golden State Warriors,126.0,125.0,110.66581,111.81222
22018,2019-02-27,Dallas Mavericks,Indiana Pacers,110.0,101.0,109.472374,110.916534
22018,2019-02-27,Utah Jazz,LA Clippers,111.0,105.0,109.180695,102.94039
22018,2019-02-27,San Antonio Spurs,Detroit Pistons,105.0,93.0,108.51469,105.27131
22018,2019-02-27,Sacramento Kings,Milwaukee Bucks,140.0,141.0,111.66981,115.52237
22018,2019-02-27,Memphis Grizzlies,Chicago Bulls,107.0,109.0,111.73597,106.49837
22018,2019-02-27,Los Angeles Lakers,New Orleans Pelicans,125.0,119.0,111.673225,108.73869
22018,2019-02-28,Oklahoma City Thunder,Philadelphia 76ers,104.0,108.0,114.330826,109.32657
22018,2019-02-28,New York Knicks,Cleveland Cavaliers,118.0,125.0,123.00715,119.20235
22018,2019-02-28,Houston Rockets,Miami Heat,121.0,118.0,124.57371,116.39207
22018,2019-02-28,Denver Nuggets,Utah Jazz,104.0,111.0,109.55977,106.08487
22018,2019-02-28,Orlando Magic,Golden State Warriors,103.0,96.0,114.032684,115.16284
22018,2019-02-28,Indiana Pacers,Minnesota Timberwolves,122.0,115.0,118.130165,113.12665
22018,2019-03-01,Phoenix Suns,New Orleans Pelicans,116.0,130.0,115.90087,116.56263
22018,2019-03-01,Los Angeles Lakers,Milwaukee Bucks,120.0,131.0,112.63607,114.98689
22018,2019-03-01,Brooklyn Nets,Charlotte Hornets,112.0,123.0,115.74205,112.383835
22018,2019-03-01,Sacramento Kings,LA Clippers,109.0,116.0,113.339264,112.31982
22018,2019-03-01,Boston Celtics,Washington Wizards,107.0,96.0,118.78233,112.25646
22018,2019-03-01,Toronto Raptors,Portland Trail Blazers,119.0,117.0,120.24847,114.46759
22018,2019-03-01,Atlanta Hawks,Chicago Bulls,161.0,168.0,113.74056,110.222885
22018,2019-03-02,San Antonio Spurs,Oklahoma City Thunder,116.0,102.0,106.133125,105.7273
22018,2019-03-02,Dallas Mavericks,Memphis Grizzlies,81.0,111.0,108.42259,104.573204
22018,2019-03-02,Indiana Pacers,Orlando Magic,112.0,117.0,117.3763,112.29446
22018,2019-03-02,Utah Jazz,Milwaukee Bucks,115.0,111.0,108.04525,106.72336
22018,2019-03-02,Phoenix Suns,Los Angeles Lakers,118.0,109.0,119.667755,119.70057
22018,2019-03-02,Cleveland Cavaliers,Detroit Pistons,93.0,129.0,115.75885,115.39838
22018,2019-03-02,Miami Heat,Brooklyn Nets,117.0,88.0,115.941315,112.58715
22018,2019-03-02,Denver Nuggets,New Orleans Pelicans,112.0,120.0,119.85083,113.03336
22018,2019-03-02,Philadelphia 76ers,Golden State Warriors,117.0,120.0,112.02342,110.59645
22018,2019-03-03,Detroit Pistons,Toronto Raptors,112.0,107.0,111.11359,108.82021
22018,2019-03-03,LA Clippers,New York Knicks,128.0,107.0,118.167725,109.66579
22018,2019-03-03,Oklahoma City Thunder,Memphis Grizzlies,99.0,95.0,116.16448,107.83151
22018,2019-03-03,Chicago Bulls,Atlanta Hawks,118.0,123.0,112.209145,109.49187
22018,2019-03-03,Charlotte Hornets,Portland Trail Blazers,108.0,118.0,111.68624,111.11083
22018,2019-03-03,Boston Celtics,Houston Rockets,104.0,115.0,116.963715,115.60037
22018,2019-03-03,Washington Wizards,Minnesota Timberwolves,135.0,121.0,122.42377,118.25288
22018,2019-03-03,Cleveland Cavaliers,Orlando Magic,107.0,93.0,117.879814,118.17761
22018,2019-03-04,Miami Heat,Atlanta Hawks,114.0,113.0,111.330444,105.205246
22018,2019-03-04,Los Angeles Lakers,LA Clippers,105.0,113.0,113.36214,112.24165
22018,2019-03-04,Utah Jazz,New Orleans Pelicans,112.0,115.0,108.714745,101.87474
22018,2019-03-04,San Antonio Spurs,Denver Nuggets,104.0,103.0,109.90269,108.35893
22018,2019-03-04,Phoenix Suns,Milwaukee Bucks,114.0,105.0,116.4177,122.63265
22018,2019-03-04,Sacramento Kings,New York Knicks,115.0,108.0,115.7735,110.43742
22018,2019-03-04,Brooklyn Nets,Dallas Mavericks,127.0,88.0,111.94185,108.8741
22018,2019-03-05,Golden State Warriors,Boston Celtics,95.0,128.0,115.700645,109.10104
22018,2019-03-05,Philadelphia 76ers,Orlando Magic,114.0,106.0,114.29545,108.933716
22018,2019-03-05,Toronto Raptors,Houston Rockets,95.0,107.0,120.24757,117.13312
22018,2019-03-05,Memphis Grizzlies,Portland Trail Blazers,120.0,111.0,107.531975,108.14747
22018,2019-03-05,Indiana Pacers,Chicago Bulls,105.0,96.0,117.242546,108.767044
22018,2019-03-05,Minnesota Timberwolves,Oklahoma City Thunder,131.0,120.0,110.68371,110.220985
22018,2019-03-06,Chicago Bulls,Philadelphia 76ers,108.0,107.0,111.67572,114.13144
22018,2019-03-06,Detroit Pistons,Minnesota Timberwolves,131.0,114.0,119.69071,114.222145
22018,2019-03-06,New Orleans Pelicans,Utah Jazz,104.0,114.0,108.0203,106.65973
22018,2019-03-06,Washington Wizards,Dallas Mavericks,132.0,123.0,113.77096,108.10881
22018,2019-03-06,Phoenix Suns,New York Knicks,107.0,96.0,121.463066,117.93564
22018,2019-03-06,Los Angeles Lakers,Denver Nuggets,99.0,115.0,113.569756,114.59886
22018,2019-03-06,Sacramento Kings,Boston Celtics,109.0,111.0,107.39646,109.60026
22018,2019-03-06,Brooklyn Nets,Cleveland Cavaliers,113.0,107.0,121.8158,116.10886
22018,2019-03-06,Atlanta Hawks,San Antonio Spurs,104.0,111.0,107.06037,106.92324
22018,2019-03-06,Charlotte Hornets,Miami Heat,84.0,91.0,105.07479,102.95316
22018,2019-03-07,Portland Trail Blazers,Oklahoma City Thunder,121.0,129.0,114.819214,110.21261
22018,2019-03-07,Milwaukee Bucks,Indiana Pacers,117.0,98.0,116.30189,108.932076
22018,2019-03-08,Houston Rockets,Philadelphia 76ers,107.0,91.0,128.82896,122.04413
22018,2019-03-08,New Orleans Pelicans,Toronto Raptors,104.0,127.0,109.98534,109.67352
22018,2019-03-08,Chicago Bulls,Detroit Pistons,104.0,112.0,110.59301,111.385475
22018,2019-03-08,Charlotte Hornets,Washington Wizards,112.0,111.0,113.33044,110.59008
22018,2019-03-08,Golden State Warriors,Denver Nuggets,122.0,105.0,119.57368,113.472275
22018,2019-03-08,Orlando Magic,Dallas Mavericks,111.0,106.0,110.57761,105.057274
22018,2019-03-08,Miami Heat,Cleveland Cavaliers,126.0,110.0,120.40316,113.77369
22018,2019-03-08,LA Clippers,Oklahoma City Thunder,118.0,110.0,109.30187,108.81139
22018,2019-03-08,Memphis Grizzlies,Utah Jazz,114.0,104.0,98.30848,99.4319
22018,2019-03-09,Milwaukee Bucks,Charlotte Hornets,131.0,114.0,115.599884,106.16961
22018,2019-03-09,New York Knicks,Sacramento Kings,94.0,102.0,111.878746,111.49221
22018,2019-03-09,Los Angeles Lakers,Boston Celtics,107.0,120.0,108.059166,110.43043
22018,2019-03-09,Atlanta Hawks,Brooklyn Nets,112.0,114.0,113.79185,113.18079
22018,2019-03-09,Portland Trail Blazers,Phoenix Suns,127.0,120.0,128.20152,116.01495
22018,2019-03-09,Minnesota Timberwolves,Washington Wizards,135.0,130.0,115.27744,111.426025
22018,2019-03-10,Atlanta Hawks,New Orleans Pelicans,128.0,116.0,111.76874,110.208
22018,2019-03-10,Miami Heat,Toronto Raptors,104.0,125.0,105.595406,105.82967
22018,2019-03-10,Dallas Mavericks,Houston Rockets,93.0,94.0,111.23521,116.9302
22018,2019-03-10,Philadelphia 76ers,Indiana Pacers,106.0,89.0,114.81777,110.53557
22018,2019-03-10,Detroit Pistons,Chicago Bulls,131.0,108.0,118.5069,109.17369
22018,2019-03-10,San Antonio Spurs,Milwaukee Bucks,121.0,114.0,105.10054,105.98937
22018,2019-03-10,Minnesota Timberwolves,New York Knicks,103.0,92.0,120.85169,112.26622
22018,2019-03-10,Memphis Grizzlies,Orlando Magic,105.0,97.0,108.22173,106.01196
22018,2019-03-10,Golden State Warriors,Phoenix Suns,111.0,115.0,128.0194,114.467094
22018,2019-03-11,Cleveland Cavaliers,Toronto Raptors,126.0,101.0,111.49362,115.05884
22018,2019-03-11,Brooklyn Nets,Detroit Pistons,103.0,75.0,114.312965,112.71912
22018,2019-03-11,LA Clippers,Boston Celtics,140.0,115.0,108.01851,108.379944
22018,2019-03-11,Houston Rockets,Charlotte Hornets,118.0,106.0,130.62651,120.96522
22018,2019-03-11,Utah Jazz,Oklahoma City Thunder,89.0,98.0,105.51367,101.64118
22018,2019-03-11,Washington Wizards,Sacramento Kings,121.0,115.0,115.3316,109.69327
22018,2019-03-12,LA Clippers,Portland Trail Blazers,104.0,125.0,112.67144,110.33951
22018,2019-03-12,Dallas Mavericks,San Antonio Spurs,105.0,112.0,101.61375,103.19886
22018,2019-03-12,Philadelphia 76ers,Cleveland Cavaliers,106.0,99.0,117.40567,109.672226
22018,2019-03-12,New Orleans Pelicans,Milwaukee Bucks,113.0,130.0,113.99745,115.65661
22018,2019-03-12,Indiana Pacers,New York Knicks,103.0,98.0,120.99262,111.26003
22018,2019-03-12,Denver Nuggets,Minnesota Timberwolves,133.0,107.0,121.31218,115.94496
22018,2019-03-12,Chicago Bulls,Los Angeles Lakers,107.0,123.0,116.47072,113.54725
22018,2019-03-13,Atlanta Hawks,Memphis Grizzlies,132.0,111.0,110.47032,108.59903
22018,2019-03-13,Phoenix Suns,Utah Jazz,97.0,114.0,106.752464,111.02432
22018,2019-03-13,Houston Rockets,Golden State Warriors,104.0,106.0,126.40525,121.02007
22018,2019-03-13,Washington Wizards,Orlando Magic,100.0,90.0,119.02347,115.02551
22018,2019-03-13,Miami Heat,Detroit Pistons,108.0,74.0,110.85806,107.99825
22018,2019-03-13,Oklahoma City Thunder,Brooklyn Nets,108.0,96.0,119.1587,112.600815
22018,2019-03-14,Boston Celtics,Sacramento Kings,126.0,120.0,115.556465,107.18293
22018,2019-03-14,Toronto Raptors,Los Angeles Lakers,111.0,98.0,122.83011,112.54557
22018,2019-03-14,Indiana Pacers,Oklahoma City Thunder,108.0,106.0,110.52962,108.8897
22018,2019-03-14,Utah Jazz,Minnesota Timberwolves,120.0,100.0,113.70892,106.81426
22018,2019-03-14,Orlando Magic,Cleveland Cavaliers,120.0,91.0,120.1121,113.91548
22018,2019-03-14,Denver Nuggets,Dallas Mavericks,100.0,99.0,115.05353,107.79184
22018,2019-03-15,New Orleans Pelicans,Portland Trail Blazers,110.0,122.0,115.99018,115.12967
22018,2019-03-15,LA Clippers,Chicago Bulls,128.0,121.0,114.294395,106.63126
22018,2019-03-15,Washington Wizards,Charlotte Hornets,110.0,116.0,116.80604,111.25656
22018,2019-03-15,Detroit Pistons,Los Angeles Lakers,111.0,97.0,119.23495,111.1374
22018,2019-03-15,Philadelphia 76ers,Sacramento Kings,123.0,114.0,111.94004,104.957214
22018,2019-03-15,Houston Rockets,Phoenix Suns,108.0,102.0,141.6484,127.95523
22018,2019-03-15,Miami Heat,Milwaukee Bucks,98.0,113.0,109.85322,110.803375
22018,2019-03-15,San Antonio Spurs,New York Knicks,109.0,83.0,114.593994,105.34528
22018,2019-03-16,Dallas Mavericks,Cleveland Cavaliers,121.0,116.0,114.60289,111.723625
22018,2019-03-16,Boston Celtics,Atlanta Hawks,129.0,120.0,115.61853,106.30009
22018,2019-03-16,Washington Wizards,Memphis Grizzlies,135.0,128.0,114.68534,108.98085
22018,2019-03-16,Denver Nuggets,Indiana Pacers,102.0,100.0,118.20836,113.2136
22018,2019-03-16,Utah Jazz,Brooklyn Nets,114.0,98.0,110.59193,103.692665
22018,2019-03-16,Oklahoma City Thunder,Golden State Warriors,88.0,110.0,112.10916,109.1216
22018,2019-03-16,New Orleans Pelicans,Phoenix Suns,136.0,138.0,125.52498,116.40724
22018,2019-03-16,San Antonio Spurs,Portland Trail Blazers,108.0,103.0,107.7026,105.661476
22018,2019-03-17,Detroit Pistons,Toronto Raptors,110.0,107.0,108.17005,106.18758
22018,2019-03-17,Sacramento Kings,Chicago Bulls,129.0,102.0,113.29642,108.49991
22018,2019-03-17,Miami Heat,Charlotte Hornets,93.0,75.0,112.916985,108.52692
22018,2019-03-17,Milwaukee Bucks,Philadelphia 76ers,125.0,130.0,113.06085,106.08164
22018,2019-03-17,LA Clippers,Brooklyn Nets,119.0,116.0,115.37246,111.8509
22018,2019-03-17,Orlando Magic,Atlanta Hawks,101.0,91.0,111.692474,105.49128
22018,2019-03-17,Houston Rockets,Minnesota Timberwolves,117.0,102.0,133.45694,124.66869
22018,2019-03-17,New York Knicks,Los Angeles Lakers,124.0,123.0,118.30212,116.6874
22018,2019-03-18,Phoenix Suns,Chicago Bulls,101.0,116.0,118.40992,115.60095
22018,2019-03-18,Oklahoma City Thunder,Miami Heat,107.0,116.0,108.85907,103.1112
22018,2019-03-18,Dallas Mavericks,New Orleans Pelicans,125.0,129.0,107.21759,105.702675
22018,2019-03-18,Cleveland Cavaliers,Detroit Pistons,126.0,119.0,116.552536,115.983665
22018,2019-03-18,Portland Trail Blazers,Indiana Pacers,106.0,98.0,115.56103,108.80437
22018,2019-03-18,Washington Wizards,Utah Jazz,95.0,116.0,107.15033,106.501526
22018,2019-03-18,San Antonio Spurs,Golden State Warriors,111.0,105.0,104.51858,104.77041
22018,2019-03-18,Toronto Raptors,New York Knicks,128.0,92.0,125.04871,112.72086
22018,2019-03-18,Boston Celtics,Denver Nuggets,105.0,114.0,117.21074,112.96975
22018,2019-03-19,LA Clippers,Indiana Pacers,115.0,109.0,110.81847,107.97977
22018,2019-03-19,Atlanta Hawks,Houston Rockets,105.0,121.0,112.50232,117.07411
22018,2019-03-19,Charlotte Hornets,Philadelphia 76ers,114.0,118.0,109.218994,109.64895
22018,2019-03-19,Minnesota Timberwolves,Golden State Warriors,107.0,117.0,110.55619,111.447426
22018,2019-03-19,Milwaukee Bucks,Los Angeles Lakers,115.0,101.0,120.89941,109.02396
22018,2019-03-19,Sacramento Kings,Brooklyn Nets,121.0,123.0,114.74737,113.906265
22018,2019-03-20,New York Knicks,Utah Jazz,116.0,137.0,106.89361,111.48514
22018,2019-03-20,Cleveland Cavaliers,Milwaukee Bucks,107.0,102.0,114.56202,118.56743
22018,2019-03-20,Orlando Magic,New Orleans Pelicans,119.0,96.0,112.24615,107.35809
22018,2019-03-20,Portland Trail Blazers,Dallas Mavericks,126.0,118.0,114.88554,104.92574
22018,2019-03-20,Memphis Grizzlies,Houston Rockets,126.0,125.0,107.876335,111.670456
22018,2019-03-20,Philadelphia 76ers,Boston Celtics,118.0,115.0,109.13703,107.01273
22018,2019-03-20,Oklahoma City Thunder,Toronto Raptors,114.0,123.0,108.777,105.74806
22018,2019-03-20,Chicago Bulls,Washington Wizards,126.0,120.0,113.698105,113.660835
22018,2019-03-20,San Antonio Spurs,Miami Heat,105.0,110.0,103.26079,99.6688
22018,2019-03-21,Charlotte Hornets,Minnesota Timberwolves,113.0,106.0,114.94379,112.327576
22018,2019-03-21,Atlanta Hawks,Utah Jazz,117.0,114.0,103.26073,106.32499
22018,2019-03-21,Phoenix Suns,Detroit Pistons,98.0,118.0,114.382576,116.51438
22018,2019-03-21,Golden State Warriors,Indiana Pacers,112.0,89.0,116.88157,108.82613
22018,2019-03-21,Sacramento Kings,Dallas Mavericks,116.0,100.0,109.26771,106.86522
22018,2019-03-21,Washington Wizards,Denver Nuggets,108.0,113.0,117.69866,117.511086
22018,2019-03-22,Orlando Magic,Memphis Grizzlies,123.0,119.0,111.50559,106.66096
22018,2019-03-22,New York Knicks,Denver Nuggets,93.0,111.0,116.45794,120.76311
22018,2019-03-22,Toronto Raptors,Oklahoma City Thunder,109.0,116.0,115.89248,110.2659
22018,2019-03-22,Houston Rockets,San Antonio Spurs,111.0,105.0,122.269135,114.66683
22018,2019-03-22,Cleveland Cavaliers,LA Clippers,108.0,110.0,117.51594,117.34501
22018,2019-03-22,Los Angeles Lakers,Brooklyn Nets,106.0,111.0,115.666855,113.941414
22018,2019-03-22,Milwaukee Bucks,Miami Heat,116.0,87.0,108.60619,100.9473
22018,2019-03-23,Sacramento Kings,Phoenix Suns,112.0,103.0,121.309616,114.453384
22018,2019-03-23,Chicago Bulls,Utah Jazz,83.0,114.0,103.63328,107.69583
22018,2019-03-23,Golden State Warriors,Dallas Mavericks,91.0,126.0,114.709015,103.85832
22018,2019-03-23,Memphis Grizzlies,Minnesota Timberwolves,99.0,112.0,110.55601,108.3506
22018,2019-03-23,Portland Trail Blazers,Detroit Pistons,117.0,112.0,118.67208,110.99677
22018,2019-03-23,Charlotte Hornets,Boston Celtics,124.0,117.0,107.858765,109.144165
22018,2019-03-23,Washington Wizards,Miami Heat,108.0,113.0,110.83993,108.19185
22018,2019-03-23,Atlanta Hawks,Philadelphia 76ers,129.0,127.0,109.242096,111.24629
22018,2019-03-24,Los Angeles Lakers,Sacramento Kings,111.0,106.0,112.42565,109.943115
22018,2019-03-24,Indiana Pacers,Denver Nuggets,124.0,88.0,115.08949,114.294304
22018,2019-03-24,Boston Celtics,San Antonio Spurs,96.0,115.0,109.2462,103.675026
22018,2019-03-24,Toronto Raptors,Charlotte Hornets,114.0,115.0,116.95116,108.72291
22018,2019-03-24,New York Knicks,LA Clippers,113.0,124.0,115.2251,117.74221
22018,2019-03-24,New Orleans Pelicans,Houston Rockets,90.0,113.0,115.53464,118.75564
22018,2019-03-24,Milwaukee Bucks,Cleveland Cavaliers,127.0,105.0,119.871,108.815
22018,2019-03-24,Golden State Warriors,Detroit Pistons,121.0,114.0,116.0972,108.03592
22018,2019-03-25,Memphis Grizzlies,Oklahoma City Thunder,115.0,103.0,106.864105,107.82009
22018,2019-03-25,Utah Jazz,Phoenix Suns,125.0,92.0,120.44668,107.461754
22018,2019-03-25,Portland Trail Blazers,Brooklyn Nets,148.0,144.0,119.006775,111.08151
22018,2019-03-25,Orlando Magic,Philadelphia 76ers,119.0,98.0,112.47489,111.22847
22018,2019-03-26,Milwaukee Bucks,Houston Rockets,108.0,94.0,114.39689,111.93173
22018,2019-03-26,Denver Nuggets,Detroit Pistons,95.0,92.0,117.420555,111.7316
22018,2019-03-26,Dallas Mavericks,Sacramento Kings,121.0,125.0,109.25841,107.90883
22018,2019-03-26,New Orleans Pelicans,Atlanta Hawks,120.0,130.0,115.55653,110.40825
22018,2019-03-26,Toronto Raptors,Chicago Bulls,112.0,103.0,120.747925,110.196014
22018,2019-03-26,Minnesota Timberwolves,LA Clippers,111.0,122.0,114.23672,112.02774
22018,2019-03-26,Charlotte Hornets,San Antonio Spurs,125.0,116.0,105.43192,104.62616
22018,2019-03-26,Cleveland Cavaliers,Boston Celtics,106.0,116.0,113.1689,114.79737
22018,2019-03-26,Miami Heat,Orlando Magic,99.0,104.0,114.80299,111.127754
22018,2019-03-26,Los Angeles Lakers,Washington Wizards,124.0,106.0,117.13317,113.818665
22018,2019-03-27,Memphis Grizzlies,Golden State Warriors,103.0,118.0,104.54681,106.37252
22018,2019-03-27,Utah Jazz,Los Angeles Lakers,115.0,100.0,113.63757,103.25522
22018,2019-03-27,Phoenix Suns,Washington Wizards,121.0,124.0,119.10224,119.76052
22018,2019-03-27,Chicago Bulls,Portland Trail Blazers,98.0,118.0,111.38473,114.64368
22018,2019-03-27,Oklahoma City Thunder,Indiana Pacers,107.0,99.0,114.97897,109.771614
22018,2019-03-28,Miami Heat,Dallas Mavericks,105.0,99.0,110.35934,105.147446
22018,2019-03-28,New York Knicks,Toronto Raptors,92.0,117.0,109.83209,114.45319
22018,2019-03-28,Houston Rockets,Denver Nuggets,112.0,85.0,130.02274,123.42001
22018,2019-03-28,Philadelphia 76ers,Brooklyn Nets,123.0,110.0,113.799545,109.446075
22018,2019-03-28,Detroit Pistons,Orlando Magic,115.0,98.0,117.959145,113.94213
22018,2019-03-28,Milwaukee Bucks,LA Clippers,128.0,118.0,115.033325,107.24259
22018,2019-03-28,San Antonio Spurs,Cleveland Cavaliers,116.0,110.0,115.63514,108.67572
22018,2019-03-28,New Orleans Pelicans,Sacramento Kings,121.0,118.0,114.785446,111.39008
22018,2019-03-29,Boston Celtics,Indiana Pacers,114.0,112.0,114.83273,109.662834
22018,2019-03-29,Atlanta Hawks,Portland Trail Blazers,98.0,118.0,111.22904,112.63587
22018,2019-03-29,Los Angeles Lakers,Charlotte Hornets,129.0,115.0,114.21055,111.9852
22018,2019-03-29,Oklahoma City Thunder,Denver Nuggets,105.0,115.0,117.64294,113.63541
22018,2019-03-29,Minnesota Timberwolves,Golden State Warriors,131.0,130.0,110.8058,111.96614
22018,2019-03-29,Utah Jazz,Washington Wizards,128.0,124.0,112.47023,102.934685
22018,2019-03-30,Indiana Pacers,Orlando Magic,116.0,121.0,117.923904,114.23875
22018,2019-03-30,Minnesota Timberwolves,Philadelphia 76ers,109.0,118.0,113.38373,112.38632
22018,2019-03-30,New York Knicks,Miami Heat,92.0,100.0,109.505394,111.94981
22018,2019-03-30,Phoenix Suns,Memphis Grizzlies,115.0,120.0,115.47642,116.00338
22018,2019-03-30,Houston Rockets,Sacramento Kings,119.0,108.0,128.1137,117.83138
22018,2019-03-30,Brooklyn Nets,Boston Celtics,110.0,96.0,113.62234,113.52696
22018,2019-03-30,LA Clippers,Cleveland Cavaliers,132.0,108.0,119.40509,112.364136
22018,2019-03-30,Detroit Pistons,Portland Trail Blazers,99.0,90.0,114.99297,112.15483
22018,2019-03-30,Chicago Bulls,Toronto Raptors,101.0,124.0,107.389496,111.41755
22018,2019-03-31,San Antonio Spurs,Sacramento Kings,106.0,113.0,112.91724,107.19
22018,2019-03-31,Oklahoma City Thunder,Dallas Mavericks,103.0,106.0,114.71831,106.89597
22018,2019-03-31,Atlanta Hawks,Milwaukee Bucks,136.0,135.0,109.40233,113.46764
22018,2019-03-31,Denver Nuggets,Washington Wizards,90.0,95.0,122.769745,114.92543
22018,2019-03-31,Golden State Warriors,Charlotte Hornets,137.0,90.0,117.206955,108.01033
22018,2019-03-31,New Orleans Pelicans,Los Angeles Lakers,102.0,130.0,121.046486,115.42522
22018,2019-03-31,LA Clippers,Memphis Grizzlies,113.0,96.0,110.92968,105.75431
22018,2019-04-01,Phoenix Suns,Cleveland Cavaliers,122.0,113.0,121.85274,121.08697
22018,2019-04-01,Dallas Mavericks,Philadelphia 76ers,122.0,102.0,108.82953,110.98996
22018,2019-04-01,New York Knicks,Chicago Bulls,113.0,105.0,118.566734,116.09247
22018,2019-04-01,Brooklyn Nets,Milwaukee Bucks,121.0,131.0,116.17922,117.914795
22018,2019-04-01,Toronto Raptors,Orlando Magic,121.0,109.0,118.96973,112.45189
22018,2019-04-01,Minnesota Timberwolves,Portland Trail Blazers,122.0,132.0,116.21802,115.21756
22018,2019-04-01,Boston Celtics,Miami Heat,110.0,105.0,109.833534,104.746056
22018,2019-04-01,Indiana Pacers,Detroit Pistons,111.0,102.0,113.09329,109.48754
22018,2019-04-01,Utah Jazz,Charlotte Hornets,111.0,102.0,111.10144,102.925285
22018,2019-04-02,Sacramento Kings,Houston Rockets,105.0,130.0,114.22237,119.12752
22018,2019-04-02,San Antonio Spurs,Atlanta Hawks,117.0,111.0,107.54909,101.50843
22018,2019-04-02,Oklahoma City Thunder,Los Angeles Lakers,119.0,103.0,121.51497,113.068344
22018,2019-04-02,Golden State Warriors,Denver Nuggets,116.0,102.0,119.914085,114.155594
22018,2019-04-03,LA Clippers,Houston Rockets,103.0,135.0,112.95774,115.56065
22018,2019-04-03,Brooklyn Nets,Toronto Raptors,105.0,115.0,113.00742,113.286835
22018,2019-04-03,Denver Nuggets,San Antonio Spurs,113.0,85.0,113.547844,108.34095
22018,2019-04-03,Portland Trail Blazers,Memphis Grizzlies,116.0,89.0,117.9483,108.576385
22018,2019-04-03,Orlando Magic,New York Knicks,114.0,100.0,121.84165,112.62635
22018,2019-04-03,Detroit Pistons,Indiana Pacers,89.0,108.0,118.444916,112.64969
22018,2019-04-03,Washington Wizards,Chicago Bulls,114.0,115.0,123.94515,115.92833
22018,2019-04-03,New Orleans Pelicans,Charlotte Hornets,109.0,115.0,116.95557,113.71809
22018,2019-04-03,Dallas Mavericks,Minnesota Timberwolves,108.0,110.0,114.61599,113.03096
22018,2019-04-03,Atlanta Hawks,Philadelphia 76ers,130.0,122.0,111.33842,111.937965
22018,2019-04-03,Miami Heat,Boston Celtics,102.0,112.0,110.44748,108.18734
22018,2019-04-03,Phoenix Suns,Utah Jazz,97.0,118.0,107.683014,113.25422
22018,2019-04-04,Sacramento Kings,Cleveland Cavaliers,117.0,104.0,116.93255,113.706
22018,2019-04-04,Los Angeles Lakers,Golden State Warriors,90.0,108.0,111.35312,113.11943
22018,2019-04-04,Philadelphia 76ers,Milwaukee Bucks,122.0,128.0,110.785965,110.866875
22018,2019-04-05,Golden State Warriors,Cleveland Cavaliers,120.0,114.0,123.76928,112.84616
22018,2019-04-05,Houston Rockets,New York Knicks,120.0,96.0,139.66875,125.35033
22018,2019-04-05,Washington Wizards,San Antonio Spurs,112.0,129.0,111.50134,108.96684
22018,2019-04-05,Oklahoma City Thunder,Detroit Pistons,123.0,110.0,117.18316,111.09449
22018,2019-04-05,Orlando Magic,Atlanta Hawks,149.0,113.0,111.70701,106.16739
22018,2019-04-05,Charlotte Hornets,Toronto Raptors,113.0,111.0,108.1126,109.09082
22018,2019-04-05,Utah Jazz,Sacramento Kings,119.0,98.0,109.45052,100.48466
22018,2019-04-05,LA Clippers,Los Angeles Lakers,117.0,122.0,115.82484,109.84135
22018,2019-04-05,Minnesota Timberwolves,Miami Heat,111.0,109.0,109.69339,106.94742
22018,2019-04-05,Phoenix Suns,New Orleans Pelicans,133.0,126.0,116.9044,115.99504
22018,2019-04-05,Indiana Pacers,Boston Celtics,97.0,117.0,111.40106,108.93179
22018,2019-04-05,Dallas Mavericks,Memphis Grizzlies,112.0,122.0,108.72957,106.00504
22018,2019-04-05,Denver Nuggets,Portland Trail Blazers,119.0,110.0,122.00408,118.54545
22018,2019-04-06,Chicago Bulls,Philadelphia 76ers,96.0,116.0,112.89545,114.943825
22018,2019-04-06,Milwaukee Bucks,Brooklyn Nets,128.0,133.0,119.08441,110.78457
22018,2019-04-07,Memphis Grizzlies,Dallas Mavericks,127.0,129.0,102.52286,99.46685
22018,2019-04-07,Houston Rockets,Phoenix Suns,149.0,113.0,142.39111,128.1833
22018,2019-04-07,Toronto Raptors,Miami Heat,117.0,109.0,112.068695,106.49042
22018,2019-04-07,Milwaukee Bucks,Atlanta Hawks,115.0,107.0,114.985085,104.80844
22018,2019-04-07,New York Knicks,Washington Wizards,113.0,110.0,119.26803,118.795265
22018,2019-04-07,Golden State Warriors,LA Clippers,131.0,104.0,118.08016,110.12605
22018,2019-04-07,Minnesota Timberwolves,Oklahoma City Thunder,126.0,132.0,112.306984,111.72647
22018,2019-04-07,Los Angeles Lakers,Utah Jazz,113.0,109.0,104.00409,105.929405
22018,2019-04-07,Sacramento Kings,New Orleans Pelicans,129.0,133.0,113.03259,109.55538
22018,2019-04-07,Detroit Pistons,Charlotte Hornets,91.0,104.0,118.06065,111.38913
22018,2019-04-07,Boston Celtics,Orlando Magic,108.0,116.0,116.43765,111.184364
22018,2019-04-07,Indiana Pacers,Brooklyn Nets,96.0,108.0,116.55986,113.164795
22018,2019-04-07,Cleveland Cavaliers,San Antonio Spurs,90.0,112.0,109.67566,110.57349
22018,2019-04-07,Portland Trail Blazers,Denver Nuggets,115.0,108.0,120.56141,114.87485
22018,2019-04-09,Detroit Pistons,Memphis Grizzlies,100.0,93.0,116.238594,109.12363
22018,2019-04-09,Miami Heat,Philadelphia 76ers,122.0,99.0,112.68279,109.71599
22018,2019-04-09,Utah Jazz,Denver Nuggets,118.0,108.0,110.80468,106.32267
22018,2019-04-09,Los Angeles Lakers,Portland Trail Blazers,101.0,104.0,112.73524,113.109344
22018,2019-04-09,Cleveland Cavaliers,Charlotte Hornets,97.0,124.0,116.65717,116.01421
22018,2019-04-09,Oklahoma City Thunder,Houston Rockets,112.0,111.0,115.92072,116.192184
22018,2019-04-09,Dallas Mavericks,Phoenix Suns,120.0,109.0,119.39763,112.74997
22018,2019-04-09,Minnesota Timberwolves,Toronto Raptors,100.0,120.0,108.782295,109.76808
22018,2019-04-09,New Orleans Pelicans,Golden State Warriors,103.0,112.0,113.980095,116.9367
22018,2019-04-09,Washington Wizards,Boston Celtics,110.0,116.0,114.47167,114.447815
22018,2019-04-09,Chicago Bulls,New York Knicks,86.0,96.0,120.6797,115.7295
22018,2019-04-10,Denver Nuggets,Minnesota Timberwolves,99.0,95.0,122.531235,115.812485
22018,2019-04-10,Atlanta Hawks,Indiana Pacers,134.0,135.0,114.42937,113.02142
22018,2019-04-10,Memphis Grizzlies,Golden State Warriors,132.0,117.0,104.71426,107.53511
22018,2019-04-10,Milwaukee Bucks,Oklahoma City Thunder,116.0,127.0,113.4494,106.61992
22018,2019-04-10,Philadelphia 76ers,Chicago Bulls,125.0,109.0,113.64938,105.09981
22018,2019-04-10,Portland Trail Blazers,Sacramento Kings,136.0,131.0,117.97779,107.497765
22018,2019-04-10,Charlotte Hornets,Orlando Magic,114.0,122.0,114.90219,112.517914
22018,2019-04-10,Brooklyn Nets,Miami Heat,113.0,94.0,113.79173,111.51812
22018,2019-04-10,San Antonio Spurs,Dallas Mavericks,105.0,94.0,103.53121,98.40934
22018,2019-04-10,New York Knicks,Detroit Pistons,89.0,115.0,115.29287,116.0806
22018,2019-04-10,LA Clippers,Utah Jazz,143.0,137.0,104.16738,104.77781
42018,2019-04-13,Golden State Warriors,LA Clippers,121.0,104.0,109.708084,102.20037
42018,2019-04-13,Toronto Raptors,Orlando Magic,101.0,104.0,113.79647,108.93272
42018,2019-04-13,Philadelphia 76ers,Brooklyn Nets,102.0,111.0,110.13566,107.067314
42018,2019-04-13,Denver Nuggets,San Antonio Spurs,96.0,101.0,112.49738,106.741325
42018,2019-04-14,Boston Celtics,Indiana Pacers,84.0,74.0,112.08854,106.07435
42018,2019-04-14,Portland Trail Blazers,Oklahoma City Thunder,104.0,99.0,110.421394,105.07563
42018,2019-04-14,Milwaukee Bucks,Detroit Pistons,121.0,86.0,106.8907,100.08423
42018,2019-04-14,Houston Rockets,Utah Jazz,122.0,90.0,117.15172,110.233345
42018,2019-04-15,Philadelphia 76ers,Brooklyn Nets,145.0,123.0,109.8796,107.09891
42018,2019-04-15,Golden State Warriors,LA Clippers,131.0,135.0,109.64705,102.066055
42018,2019-04-16,Toronto Raptors,Orlando Magic,111.0,82.0,113.42743,108.70804
42018,2019-04-16,Denver Nuggets,San Antonio Spurs,114.0,105.0,112.33376,106.92249
42018,2019-04-16,Portland Trail Blazers,Oklahoma City Thunder,114.0,94.0,110.77249,105.4385
42018,2019-04-17,Boston Celtics,Indiana Pacers,99.0,91.0,112.03522,105.95446
42018,2019-04-17,Houston Rockets,Utah Jazz,118.0,98.0,117.11802,110.07633
42018,2019-04-17,Milwaukee Bucks,Detroit Pistons,120.0,99.0,106.93148,100.00028
42018,2019-04-18,LA Clippers,Golden State Warriors,105.0,132.0,112.053474,111.712364
42018,2019-04-18,San Antonio Spurs,Denver Nuggets,118.0,108.0,106.33044,103.692245
42018,2019-04-18,Brooklyn Nets,Philadelphia 76ers,115.0,131.0,115.395485,112.62199
42018,2019-04-19,Oklahoma City Thunder,Portland Trail Blazers,120.0,108.0,112.42172,106.373856
42018,2019-04-19,Orlando Magic,Toronto Raptors,93.0,98.0,106.451614,105.71474
42018,2019-04-19,Indiana Pacers,Boston Celtics,96.0,104.0,106.77928,104.93801
42018,2019-04-20,San Antonio Spurs,Denver Nuggets,103.0,117.0,106.47048,103.72726
42018,2019-04-20,Brooklyn Nets,Philadelphia 76ers,108.0,112.0,115.16789,112.801735
42018,2019-04-20,Detroit Pistons,Milwaukee Bucks,103.0,119.0,111.39743,109.2959
42018,2019-04-20,Utah Jazz,Houston Rockets,101.0,104.0,106.31031,105.48987
42018,2019-04-21,Indiana Pacers,Boston Celtics,106.0,110.0,106.90731,105.270996
42018,2019-04-21,LA Clippers,Golden State Warriors,105.0,113.0,111.97209,112.06368
42018,2019-04-21,Orlando Magic,Toronto Raptors,85.0,107.0,106.58733,106.00483
42018,2019-04-21,Oklahoma City Thunder,Portland Trail Blazers,98.0,111.0,112.496956,106.37577
42018,2019-04-22,Utah Jazz,Houston Rockets,107.0,91.0,106.01634,105.48327
42018,2019-04-22,Detroit Pistons,Milwaukee Bucks,104.0,127.0,111.171036,109.354805
42018,2019-04-23,Toronto Raptors,Orlando Magic,115.0,96.0,114.1249,109.05891
42018,2019-04-23,Philadelphia 76ers,Brooklyn Nets,122.0,100.0,110.05174,106.91236
42018,2019-04-23,Portland Trail Blazers,Oklahoma City Thunder,118.0,115.0,110.56746,105.10806
42018,2019-04-23,Denver Nuggets,San Antonio Spurs,108.0,90.0,112.5586,107.106186
42018,2019-04-24,Golden State Warriors,LA Clippers,121.0,129.0,109.14545,101.368126
42018,2019-04-24,Houston Rockets,Utah Jazz,100.0,93.0,117.37157,110.61782
42018,2019-04-25,San Antonio Spurs,Denver Nuggets,120.0,103.0,106.719505,104.70203
42018,2019-04-26,LA Clippers,Golden State Warriors,110.0,129.0,112.06015,112.08984
42018,2019-04-27,Toronto Raptors,Philadelphia 76ers,108.0,95.0,113.585815,107.97099
42018,2019-04-27,Denver Nuggets,San Antonio Spurs,90.0,86.0,112.56007,107.388435
42018,2019-04-28,Milwaukee Bucks,Boston Celtics,90.0,112.0,104.05582,99.1685
42018,2019-04-28,Golden State Warriors,Houston Rockets,104.0,100.0,111.247925,109.422485
42018,2019-04-29,Toronto Raptors,Philadelphia 76ers,89.0,94.0,113.682594,108.03519
42018,2019-04-29,Denver Nuggets,Portland Trail Blazers,121.0,113.0,115.3884,110.9988
42018,2019-04-30,Golden State Warriors,Houston Rockets,115.0,109.0,111.48072,109.65504
42018,2019-04-30,Milwaukee Bucks,Boston Celtics,123.0,102.0,103.800514,99.490486
42018,2019-05-01,Denver Nuggets,Portland Trail Blazers,90.0,97.0,117.17118,112.13274
42018,2019-05-02,Philadelphia 76ers,Toronto Raptors,116.0,95.0,106.56847,105.093376
42018,2019-05-03,Boston Celtics,Milwaukee Bucks,116.0,123.0,112.68292,108.84028
42018,2019-05-03,Portland Trail Blazers,Denver Nuggets,140.0,137.0,113.095,106.81867
42018,2019-05-04,Houston Rockets,Golden State Warriors,126.0,121.0,123.37118,117.228676
42018,2019-05-05,Portland Trail Blazers,Denver Nuggets,112.0,116.0,113.13221,106.9631
42018,2019-05-05,Philadelphia 76ers,Toronto Raptors,96.0,101.0,106.17187,104.54478
42018,2019-05-06,Boston Celtics,Milwaukee Bucks,101.0,113.0,112.35072,108.560295
42018,2019-05-06,Houston Rockets,Golden State Warriors,112.0,108.0,122.96097,116.760216
42018,2019-05-07,Toronto Raptors,Philadelphia 76ers,125.0,89.0,113.2226,107.65101
42018,2019-05-07,Denver Nuggets,Portland Trail Blazers,124.0,98.0,116.452225,111.54358
42018,2019-05-08,Golden State Warriors,Houston Rockets,104.0,99.0,112.20799,109.90502
42018,2019-05-08,Milwaukee Bucks,Boston Celtics,116.0,91.0,105.039925,99.756805
42018,2019-05-09,Portland Trail Blazers,Denver Nuggets,119.0,108.0,113.00196,107.31119
42018,2019-05-09,Philadelphia 76ers,Toronto Raptors,112.0,101.0,105.74641,104.64302
42018,2019-05-10,Houston Rockets,Golden State Warriors,113.0,118.0,122.439964,116.53621
42018,2019-05-12,Denver Nuggets,Portland Trail Blazers,96.0,100.0,116.25044,111.38636
42018,2019-05-12,Toronto Raptors,Philadelphia 76ers,92.0,90.0,113.10871,107.548355
42018,2019-05-14,Golden State Warriors,Portland Trail Blazers,116.0,94.0,111.44545,105.16414
42018,2019-05-15,Milwaukee Bucks,Toronto Raptors,108.0,100.0,102.74135,98.45992
42018,2019-05-16,Golden State Warriors,Portland Trail Blazers,114.0,111.0,111.58421,105.120995
42018,2019-05-17,Milwaukee Bucks,Toronto Raptors,125.0,103.0,102.62949,98.32715
42018,2019-05-18,Portland Trail Blazers,Golden State Warriors,99.0,110.0,111.60409,107.76661
42018,2019-05-19,Toronto Raptors,Milwaukee Bucks,118.0,112.0,112.95201,109.629684
42018,2019-05-20,Portland Trail Blazers,Golden State Warriors,117.0,119.0,111.56508,107.98714
42018,2019-05-21,Toronto Raptors,Milwaukee Bucks,120.0,102.0,112.93282,109.463615
42018,2019-05-23,Milwaukee Bucks,Toronto Raptors,99.0,105.0,102.57137,98.72059
42018,2019-05-25,Toronto Raptors,Milwaukee Bucks,100.0,94.0,113.462654,109.62812
42018,2019-05-30,Toronto Raptors,Golden State Warriors,118.0,109.0,113.51001,110.4855
42018,2019-06-02,Toronto Raptors,Golden State Warriors,104.0,109.0,114.76552,111.13284
42018,2019-06-05,Golden State Warriors,Toronto Raptors,109.0,123.0,106.15659,101.380356
42018,2019-06-07,Golden State Warriors,Toronto Raptors,92.0,105.0,105.78574,101.38639
42018,2019-06-10,Toronto Raptors,Golden State Warriors,105.0,106.0,114.448235,110.32933
42018,2019-06-13,Golden State Warriors,Toronto Raptors,110.0,114.0,104.84386,100.84701
