season_id,team_id_home,team_id_away,team_name_home,team_name_away,team_abbreviation_home,team_abbreviation_away,game_date,pts_home,pts_away
22014,1610612759,1610612742,San Antonio Spurs,Dallas Mavericks,SAS,DAL,2014-10-28,101.0,100.0
22014,1610612747,1610612745,Los Angeles Lakers,Houston Rockets,LAL,HOU,2014-10-28,90.0,108.0
22014,1610612740,1610612753,New Orleans Pelicans,Orlando Magic,NOP,ORL,2014-10-28,101.0,84.0
22014,1610612743,1610612765,Denver Nuggets,Detroit Pistons,DEN,DET,2014-10-29,89.0,79.0
22014,1610612754,1610612755,Indiana Pacers,Philadelphia 76ers,IND,PHI,2014-10-29,103.0,91.0
22014,1610612763,1610612750,Memphis Grizzlies,Minnesota Timberwolves,MEM,MIN,2014-10-29,105.0,101.0
22014,1610612752,1610612741,New York Knicks,Chicago Bulls,NYK,CHI,2014-10-29,80.0,104.0
22014,1610612756,1610612747,Phoenix Suns,Los Angeles Lakers,PHX,LAL,2014-10-29,119.0,99.0
22014,1610612758,1610612744,Sacramento Kings,Golden State Warriors,SAC,GSW,2014-10-29,77.0,95.0
22014,1610612762,1610612745,Utah Jazz,Houston Rockets,UTA,HOU,2014-10-29,93.0,104.0
22014,1610612738,1610612751,Boston Celtics,Brooklyn Nets,BOS,BKN,2014-10-29,121.0,105.0
22014,1610612757,1610612760,Portland Trail Blazers,Oklahoma City Thunder,POR,OKC,2014-10-29,106.0,89.0
22014,1610612748,1610612764,Miami Heat,Washington Wizards,MIA,WAS,2014-10-29,107.0,95.0
22014,1610612761,1610612737,Toronto Raptors,Atlanta Hawks,TOR,ATL,2014-10-29,109.0,102.0
22014,1610612766,1610612749,Charlotte Hornets,Milwaukee Bucks,CHA,MIL,2014-10-29,108.0,106.0
22014,1610612746,1610612760,Los Angeles Clippers,Oklahoma City Thunder,LAC,OKC,2014-10-30,93.0,90.0
22014,1610612750,1610612765,Minnesota Timberwolves,Detroit Pistons,MIN,DET,2014-10-30,97.0,91.0
22014,1610612753,1610612764,Orlando Magic,Washington Wizards,ORL,WAS,2014-10-30,98.0,105.0
22014,1610612739,1610612752,Cleveland Cavaliers,New York Knicks,CLE,NYK,2014-10-30,90.0,95.0
22014,1610612742,1610612762,Dallas Mavericks,Utah Jazz,DAL,UTA,2014-10-30,120.0,102.0
22014,1610612756,1610612759,Phoenix Suns,San Antonio Spurs,PHX,SAS,2014-10-31,94.0,89.0
22014,1610612754,1610612763,Indiana Pacers,Memphis Grizzlies,IND,MEM,2014-10-31,89.0,97.0
22014,1610612758,1610612757,Sacramento Kings,Portland Trail Blazers,SAC,POR,2014-10-31,103.0,94.0
22014,1610612747,1610612746,Los Angeles Lakers,Los Angeles Clippers,LAL,LAC,2014-10-31,111.0,118.0
22014,1610612749,1610612755,Milwaukee Bucks,Philadelphia 76ers,MIL,PHI,2014-10-31,93.0,81.0
22014,1610612741,1610612739,Chicago Bulls,Cleveland Cavaliers,CHI,CLE,2014-10-31,108.0,114.0
22014,1610612760,1610612743,Oklahoma City Thunder,Denver Nuggets,OKC,DEN,2014-11-01,102.0,91.0
22014,1610612755,1610612748,Philadelphia 76ers,Miami Heat,PHI,MIA,2014-11-01,96.0,114.0
22014,1610612762,1610612756,Utah Jazz,Phoenix Suns,UTA,PHX,2014-11-01,118.0,91.0
22014,1610612765,1610612751,Detroit Pistons,Brooklyn Nets,DET,BKN,2014-11-01,90.0,102.0
22014,1610612737,1610612754,Atlanta Hawks,Indiana Pacers,ATL,IND,2014-11-01,102.0,92.0
22014,1610612740,1610612742,New Orleans Pelicans,Dallas Mavericks,NOP,DAL,2014-11-01,104.0,109.0
22014,1610612753,1610612761,Orlando Magic,Toronto Raptors,ORL,TOR,2014-11-01,95.0,108.0
22014,1610612766,1610612763,Charlotte Hornets,Memphis Grizzlies,CHA,MEM,2014-11-01,69.0,71.0
22014,1610612744,1610612747,Golden State Warriors,Los Angeles Lakers,GSW,LAL,2014-11-01,127.0,104.0
22014,1610612750,1610612741,Minnesota Timberwolves,Chicago Bulls,MIN,CHI,2014-11-01,105.0,106.0
22014,1610612764,1610612749,Washington Wizards,Milwaukee Bucks,WAS,MIL,2014-11-01,108.0,97.0
22014,1610612745,1610612738,Houston Rockets,Boston Celtics,HOU,BOS,2014-11-01,104.0,90.0
22014,1610612757,1610612744,Portland Trail Blazers,Golden State Warriors,POR,GSW,2014-11-02,90.0,95.0
22014,1610612752,1610612766,New York Knicks,Charlotte Hornets,NYK,CHA,2014-11-02,96.0,93.0
22014,1610612748,1610612761,Miami Heat,Toronto Raptors,MIA,TOR,2014-11-02,107.0,102.0
22014,1610612746,1610612758,Los Angeles Clippers,Sacramento Kings,LAC,SAC,2014-11-02,92.0,98.0
22014,1610612743,1610612758,Denver Nuggets,Sacramento Kings,DEN,SAC,2014-11-03,105.0,110.0
22014,1610612742,1610612738,Dallas Mavericks,Boston Celtics,DAL,BOS,2014-11-03,118.0,113.0
22014,1610612763,1610612740,Memphis Grizzlies,New Orleans Pelicans,MEM,NOP,2014-11-03,93.0,81.0
22014,1610612755,1610612745,Philadelphia 76ers,Houston Rockets,PHI,HOU,2014-11-03,93.0,104.0
22014,1610612751,1610612760,Brooklyn Nets,Oklahoma City Thunder,BKN,OKC,2014-11-03,116.0,85.0
22014,1610612746,1610612762,Los Angeles Clippers,Utah Jazz,LAC,UTA,2014-11-03,107.0,101.0
22014,1610612757,1610612739,Portland Trail Blazers,Cleveland Cavaliers,POR,CLE,2014-11-04,101.0,82.0
22014,1610612761,1610612760,Toronto Raptors,Oklahoma City Thunder,TOR,OKC,2014-11-04,100.0,88.0
22014,1610612740,1610612766,New Orleans Pelicans,Charlotte Hornets,NOP,CHA,2014-11-04,100.0,91.0
22014,1610612748,1610612745,Miami Heat,Houston Rockets,MIA,HOU,2014-11-04,91.0,108.0
22014,1610612754,1610612749,Indiana Pacers,Milwaukee Bucks,IND,MIL,2014-11-04,81.0,87.0
22014,1610612752,1610612764,New York Knicks,Washington Wizards,NYK,WAS,2014-11-04,83.0,98.0
22014,1610612747,1610612756,Los Angeles Lakers,Phoenix Suns,LAL,PHX,2014-11-04,106.0,112.0
22014,1610612741,1610612753,Chicago Bulls,Orlando Magic,CHI,ORL,2014-11-04,98.0,90.0
22014,1610612766,1610612748,Charlotte Hornets,Miami Heat,CHA,MIA,2014-11-05,96.0,89.0
22014,1610612764,1610612754,Washington Wizards,Indiana Pacers,WAS,IND,2014-11-05,96.0,94.0
22014,1610612759,1610612737,San Antonio Spurs,Atlanta Hawks,SAS,ATL,2014-11-05,94.0,92.0
22014,1610612749,1610612741,Milwaukee Bucks,Chicago Bulls,MIL,CHI,2014-11-05,86.0,95.0
22014,1610612738,1610612761,Boston Celtics,Toronto Raptors,BOS,TOR,2014-11-05,107.0,110.0
22014,1610612755,1610612753,Philadelphia 76ers,Orlando Magic,PHI,ORL,2014-11-05,89.0,91.0
22014,1610612762,1610612739,Utah Jazz,Cleveland Cavaliers,UTA,CLE,2014-11-05,102.0,100.0
22014,1610612758,1610612743,Sacramento Kings,Denver Nuggets,SAC,DEN,2014-11-05,131.0,109.0
22014,1610612751,1610612750,Brooklyn Nets,Minnesota Timberwolves,BKN,MIN,2014-11-05,91.0,98.0
22014,1610612765,1610612752,Detroit Pistons,New York Knicks,DET,NYK,2014-11-05,98.0,95.0
22014,1610612744,1610612746,Golden State Warriors,Los Angeles Clippers,GSW,LAC,2014-11-05,121.0,104.0
22014,1610612756,1610612763,Phoenix Suns,Memphis Grizzlies,PHX,MEM,2014-11-05,91.0,102.0
22014,1610612745,1610612759,Houston Rockets,San Antonio Spurs,HOU,SAS,2014-11-06,98.0,81.0
22014,1610612757,1610612742,Portland Trail Blazers,Dallas Mavericks,POR,DAL,2014-11-06,108.0,87.0
22014,1610612753,1610612750,Orlando Magic,Minnesota Timberwolves,ORL,MIN,2014-11-07,112.0,103.0
22014,1610612766,1610612737,Charlotte Hornets,Atlanta Hawks,CHA,ATL,2014-11-07,122.0,119.0
22014,1610612756,1610612758,Phoenix Suns,Sacramento Kings,PHX,SAC,2014-11-07,112.0,114.0
22014,1610612761,1610612764,Toronto Raptors,Washington Wizards,TOR,WAS,2014-11-07,103.0,84.0
22014,1610612738,1610612754,Boston Celtics,Indiana Pacers,BOS,IND,2014-11-07,101.0,98.0
22014,1610612762,1610612742,Utah Jazz,Dallas Mavericks,UTA,DAL,2014-11-07,82.0,105.0
22014,1610612743,1610612739,Denver Nuggets,Cleveland Cavaliers,DEN,CLE,2014-11-07,101.0,110.0
22014,1610612765,1610612749,Detroit Pistons,Milwaukee Bucks,DET,MIL,2014-11-07,98.0,95.0
22014,1610612760,1610612763,Oklahoma City Thunder,Memphis Grizzlies,OKC,MEM,2014-11-07,89.0,91.0
22014,1610612755,1610612741,Philadelphia 76ers,Chicago Bulls,PHI,CHI,2014-11-07,115.0,118.0
22014,1610612751,1610612752,Brooklyn Nets,New York Knicks,BKN,NYK,2014-11-07,110.0,99.0
22014,1610612741,1610612738,Chicago Bulls,Boston Celtics,CHI,BOS,2014-11-08,101.0,106.0
22014,1610612759,1610612740,San Antonio Spurs,New Orleans Pelicans,SAS,NOP,2014-11-08,99.0,100.0
22014,1610612749,1610612763,Milwaukee Bucks,Memphis Grizzlies,MIL,MEM,2014-11-08,93.0,92.0
22014,1610612737,1610612752,Atlanta Hawks,New York Knicks,ATL,NYK,2014-11-08,103.0,96.0
22014,1610612754,1610612764,Indiana Pacers,Washington Wizards,IND,WAS,2014-11-08,90.0,97.0
22014,1610612745,1610612744,Houston Rockets,Golden State Warriors,HOU,GSW,2014-11-08,87.0,98.0
22014,1610612748,1610612750,Miami Heat,Minnesota Timberwolves,MIA,MIN,2014-11-08,102.0,92.0
22014,1610612746,1610612757,Los Angeles Clippers,Portland Trail Blazers,LAC,POR,2014-11-08,106.0,102.0
22014,1610612760,1610612758,Oklahoma City Thunder,Sacramento Kings,OKC,SAC,2014-11-09,101.0,93.0
22014,1610612742,1610612748,Dallas Mavericks,Miami Heat,DAL,MIA,2014-11-09,96.0,105.0
22014,1610612756,1610612744,Phoenix Suns,Golden State Warriors,PHX,GSW,2014-11-09,107.0,95.0
22014,1610612747,1610612766,Los Angeles Lakers,Charlotte Hornets,LAL,CHA,2014-11-09,107.0,92.0
22014,1610612751,1610612753,Brooklyn Nets,Orlando Magic,BKN,ORL,2014-11-09,104.0,96.0
22014,1610612765,1610612762,Detroit Pistons,Utah Jazz,DET,UTA,2014-11-09,96.0,97.0
22014,1610612757,1610612743,Portland Trail Blazers,Denver Nuggets,POR,DEN,2014-11-09,116.0,100.0
22014,1610612761,1610612755,Toronto Raptors,Philadelphia 76ers,TOR,PHI,2014-11-09,120.0,88.0
22014,1610612739,1610612740,Cleveland Cavaliers,New Orleans Pelicans,CLE,NOP,2014-11-10,118.0,111.0
22014,1610612741,1610612765,Chicago Bulls,Detroit Pistons,CHI,DET,2014-11-10,102.0,91.0
22014,1610612746,1610612759,Los Angeles Clippers,San Antonio Spurs,LAC,SAS,2014-11-10,85.0,89.0
22014,1610612754,1610612762,Indiana Pacers,Utah Jazz,IND,UTA,2014-11-10,97.0,86.0
22014,1610612752,1610612737,New York Knicks,Atlanta Hawks,NYK,ATL,2014-11-10,85.0,91.0
22014,1610612744,1610612759,Golden State Warriors,San Antonio Spurs,GSW,SAS,2014-11-11,100.0,113.0
22014,1610612749,1610612760,Milwaukee Bucks,Oklahoma City Thunder,MIL,OKC,2014-11-11,85.0,78.0
22014,1610612761,1610612753,Toronto Raptors,Orlando Magic,TOR,ORL,2014-11-11,104.0,100.0
22014,1610612742,1610612758,Dallas Mavericks,Sacramento Kings,DAL,SAC,2014-11-11,106.0,98.0
22014,1610612757,1610612766,Portland Trail Blazers,Charlotte Hornets,POR,CHA,2014-11-11,102.0,100.0
22014,1610612763,1610612747,Memphis Grizzlies,Los Angeles Lakers,MEM,LAL,2014-11-11,107.0,102.0
22014,1610612756,1610612751,Phoenix Suns,Brooklyn Nets,PHX,BKN,2014-11-12,112.0,104.0
22014,1610612743,1610612757,Denver Nuggets,Portland Trail Blazers,DEN,POR,2014-11-12,113.0,130.0
22014,1610612737,1610612762,Atlanta Hawks,Utah Jazz,ATL,UTA,2014-11-12,100.0,97.0
22014,1610612764,1610612765,Washington Wizards,Detroit Pistons,WAS,DET,2014-11-12,107.0,103.0
22014,1610612752,1610612753,New York Knicks,Orlando Magic,NYK,ORL,2014-11-12,95.0,97.0
22014,1610612750,1610612745,Minnesota Timberwolves,Houston Rockets,MIN,HOU,2014-11-12,101.0,113.0
22014,1610612748,1610612754,Miami Heat,Indiana Pacers,MIA,IND,2014-11-12,75.0,81.0
22014,1610612740,1610612747,New Orleans Pelicans,Los Angeles Lakers,NOP,LAL,2014-11-12,109.0,102.0
22014,1610612738,1610612760,Boston Celtics,Oklahoma City Thunder,BOS,OKC,2014-11-12,94.0,109.0
22014,1610612763,1610612758,Memphis Grizzlies,Sacramento Kings,MEM,SAC,2014-11-13,111.0,110.0
22014,1610612742,1610612755,Dallas Mavericks,Philadelphia 76ers,DAL,PHI,2014-11-13,123.0,70.0
22014,1610612761,1610612741,Toronto Raptors,Chicago Bulls,TOR,CHI,2014-11-13,93.0,100.0
22014,1610612744,1610612751,Golden State Warriors,Brooklyn Nets,GSW,BKN,2014-11-13,107.0,99.0
22014,1610612737,1610612748,Atlanta Hawks,Miami Heat,ATL,MIA,2014-11-14,114.0,103.0
22014,1610612753,1610612749,Orlando Magic,Milwaukee Bucks,ORL,MIL,2014-11-14,101.0,85.0
22014,1610612752,1610612762,New York Knicks,Utah Jazz,NYK,UTA,2014-11-14,100.0,102.0
22014,1610612760,1610612765,Oklahoma City Thunder,Detroit Pistons,OKC,DET,2014-11-14,89.0,96.0
22014,1610612754,1610612743,Indiana Pacers,Denver Nuggets,IND,DEN,2014-11-14,87.0,108.0
22014,1610612756,1610612766,Phoenix Suns,Charlotte Hornets,PHX,CHA,2014-11-14,95.0,103.0
22014,1610612745,1610612755,Houston Rockets,Philadelphia 76ers,HOU,PHI,2014-11-14,88.0,87.0
22014,1610612738,1610612739,Boston Celtics,Cleveland Cavaliers,BOS,CLE,2014-11-14,121.0,122.0
22014,1610612747,1610612759,Los Angeles Lakers,San Antonio Spurs,LAL,SAS,2014-11-14,80.0,93.0
22014,1610612740,1610612750,New Orleans Pelicans,Minnesota Timberwolves,NOP,MIN,2014-11-14,139.0,91.0
22014,1610612739,1610612737,Cleveland Cavaliers,Atlanta Hawks,CLE,ATL,2014-11-15,127.0,94.0
22014,1610612763,1610612765,Memphis Grizzlies,Detroit Pistons,MEM,DET,2014-11-15,95.0,88.0
22014,1610612761,1610612762,Toronto Raptors,Utah Jazz,TOR,UTA,2014-11-15,111.0,93.0
22014,1610612757,1610612751,Portland Trail Blazers,Brooklyn Nets,POR,BKN,2014-11-15,97.0,87.0
22014,1610612746,1610612756,Los Angeles Clippers,Phoenix Suns,LAC,PHX,2014-11-15,120.0,107.0
22014,1610612744,1610612766,Golden State Warriors,Charlotte Hornets,GSW,CHA,2014-11-15,112.0,87.0
22014,1610612741,1610612754,Chicago Bulls,Indiana Pacers,CHI,IND,2014-11-15,90.0,99.0
22014,1610612758,1610612759,Sacramento Kings,San Antonio Spurs,SAC,SAS,2014-11-15,94.0,91.0
22014,1610612742,1610612750,Dallas Mavericks,Minnesota Timberwolves,DAL,MIN,2014-11-15,131.0,117.0
22014,1610612764,1610612753,Washington Wizards,Orlando Magic,WAS,ORL,2014-11-15,98.0,93.0
22014,1610612752,1610612743,New York Knicks,Denver Nuggets,NYK,DEN,2014-11-16,109.0,93.0
22014,1610612748,1610612749,Miami Heat,Milwaukee Bucks,MIA,MIL,2014-11-16,84.0,91.0
22014,1610612747,1610612744,Los Angeles Lakers,Golden State Warriors,LAL,GSW,2014-11-16,115.0,136.0
22014,1610612760,1610612745,Oklahoma City Thunder,Houston Rockets,OKC,HOU,2014-11-16,65.0,69.0
22014,1610612738,1610612756,Boston Celtics,Phoenix Suns,BOS,PHX,2014-11-17,114.0,118.0
22014,1610612757,1610612740,Portland Trail Blazers,New Orleans Pelicans,POR,NOP,2014-11-17,102.0,93.0
22014,1610612759,1610612755,San Antonio Spurs,Philadelphia 76ers,SAS,PHI,2014-11-17,100.0,75.0
22014,1610612766,1610612742,Charlotte Hornets,Dallas Mavericks,CHA,DAL,2014-11-17,80.0,107.0
22014,1610612763,1610612745,Memphis Grizzlies,Houston Rockets,MEM,HOU,2014-11-17,119.0,93.0
22014,1610612765,1610612753,Detroit Pistons,Orlando Magic,DET,ORL,2014-11-17,93.0,107.0
22014,1610612751,1610612748,Brooklyn Nets,Miami Heat,BKN,MIA,2014-11-17,83.0,95.0
22014,1610612746,1610612741,Los Angeles Clippers,Chicago Bulls,LAC,CHI,2014-11-17,89.0,105.0
22014,1610612739,1610612743,Cleveland Cavaliers,Denver Nuggets,CLE,DEN,2014-11-17,97.0,106.0
22014,1610612749,1610612752,Milwaukee Bucks,New York Knicks,MIL,NYK,2014-11-18,117.0,113.0
22014,1610612762,1610612760,Utah Jazz,Oklahoma City Thunder,UTA,OKC,2014-11-18,98.0,81.0
22014,1610612758,1610612740,Sacramento Kings,New Orleans Pelicans,SAC,NOP,2014-11-18,100.0,106.0
22014,1610612737,1610612747,Atlanta Hawks,Los Angeles Lakers,ATL,LAL,2014-11-18,109.0,114.0
22014,1610612750,1610612752,Minnesota Timberwolves,New York Knicks,MIN,NYK,2014-11-19,115.0,99.0
22014,1610612755,1610612738,Philadelphia 76ers,Boston Celtics,PHI,BOS,2014-11-19,90.0,101.0
22014,1610612751,1610612749,Brooklyn Nets,Milwaukee Bucks,BKN,MIL,2014-11-19,118.0,122.0
22014,1610612743,1610612760,Denver Nuggets,Oklahoma City Thunder,DEN,OKC,2014-11-19,107.0,100.0
22014,1610612764,1610612742,Washington Wizards,Dallas Mavericks,WAS,DAL,2014-11-19,102.0,105.0
22014,1610612765,1610612756,Detroit Pistons,Phoenix Suns,DET,PHX,2014-11-19,86.0,88.0
22014,1610612761,1610612763,Toronto Raptors,Memphis Grizzlies,TOR,MEM,2014-11-19,96.0,92.0
22014,1610612739,1610612759,Cleveland Cavaliers,San Antonio Spurs,CLE,SAS,2014-11-19,90.0,92.0
22014,1610612754,1610612766,Indiana Pacers,Charlotte Hornets,IND,CHA,2014-11-19,88.0,86.0
22014,1610612745,1610612747,Houston Rockets,Los Angeles Lakers,HOU,LAL,2014-11-19,92.0,98.0
22014,1610612753,1610612746,Orlando Magic,Los Angeles Clippers,ORL,LAC,2014-11-19,90.0,114.0
22014,1610612758,1610612741,Sacramento Kings,Chicago Bulls,SAC,CHI,2014-11-20,103.0,88.0
22014,1610612748,1610612746,Miami Heat,Los Angeles Clippers,MIA,LAC,2014-11-20,93.0,110.0
22014,1610612742,1610612747,Dallas Mavericks,Los Angeles Lakers,DAL,LAL,2014-11-21,140.0,106.0
22014,1610612760,1610612751,Oklahoma City Thunder,Brooklyn Nets,OKC,BKN,2014-11-21,92.0,94.0
22014,1610612744,1610612762,Golden State Warriors,Utah Jazz,GSW,UTA,2014-11-21,101.0,88.0
22014,1610612750,1610612759,Minnesota Timberwolves,San Antonio Spurs,MIN,SAS,2014-11-21,92.0,121.0
22014,1610612755,1610612756,Philadelphia 76ers,Phoenix Suns,PHI,PHX,2014-11-21,96.0,122.0
22014,1610612763,1610612738,Memphis Grizzlies,Boston Celtics,MEM,BOS,2014-11-21,117.0,100.0
22014,1610612737,1610612765,Atlanta Hawks,Detroit Pistons,ATL,DET,2014-11-21,99.0,89.0
22014,1610612757,1610612741,Portland Trail Blazers,Chicago Bulls,POR,CHI,2014-11-21,105.0,87.0
22014,1610612764,1610612739,Washington Wizards,Cleveland Cavaliers,WAS,CLE,2014-11-21,91.0,78.0
22014,1610612766,1610612753,Charlotte Hornets,Orlando Magic,CHA,ORL,2014-11-21,100.0,105.0
22014,1610612743,1610612740,Denver Nuggets,New Orleans Pelicans,DEN,NOP,2014-11-21,117.0,97.0
22014,1610612761,1610612749,Toronto Raptors,Milwaukee Bucks,TOR,MIL,2014-11-21,124.0,82.0
22014,1610612749,1610612764,Milwaukee Bucks,Washington Wizards,MIL,WAS,2014-11-22,100.0,111.0
22014,1610612745,1610612742,Houston Rockets,Dallas Mavericks,HOU,DAL,2014-11-22,95.0,92.0
22014,1610612759,1610612751,San Antonio Spurs,Brooklyn Nets,SAS,BKN,2014-11-22,99.0,87.0
22014,1610612739,1610612761,Cleveland Cavaliers,Toronto Raptors,CLE,TOR,2014-11-22,93.0,110.0
22014,1610612750,1610612758,Minnesota Timberwolves,Sacramento Kings,MIN,SAC,2014-11-22,101.0,113.0
22014,1610612753,1610612748,Orlando Magic,Miami Heat,ORL,MIA,2014-11-22,92.0,99.0
22014,1610612754,1610612756,Indiana Pacers,Phoenix Suns,IND,PHX,2014-11-22,83.0,106.0
22014,1610612762,1610612740,Utah Jazz,New Orleans Pelicans,UTA,NOP,2014-11-22,94.0,106.0
22014,1610612752,1610612755,New York Knicks,Philadelphia 76ers,NYK,PHI,2014-11-22,91.0,83.0
22014,1610612760,1610612744,Oklahoma City Thunder,Golden State Warriors,OKC,GSW,2014-11-23,86.0,91.0
22014,1610612738,1610612757,Boston Celtics,Portland Trail Blazers,BOS,POR,2014-11-23,88.0,94.0
22014,1610612747,1610612743,Los Angeles Lakers,Denver Nuggets,LAL,DEN,2014-11-23,94.0,101.0
22014,1610612763,1610612746,Memphis Grizzlies,Los Angeles Clippers,MEM,LAC,2014-11-23,107.0,91.0
22014,1610612748,1610612766,Miami Heat,Charlotte Hornets,MIA,CHA,2014-11-23,94.0,93.0
22014,1610612755,1610612757,Philadelphia 76ers,Portland Trail Blazers,PHI,POR,2014-11-24,104.0,114.0
22014,1610612739,1610612753,Cleveland Cavaliers,Orlando Magic,CLE,ORL,2014-11-24,106.0,74.0
22014,1610612761,1610612756,Toronto Raptors,Phoenix Suns,TOR,PHX,2014-11-24,104.0,100.0
22014,1610612745,1610612752,Houston Rockets,New York Knicks,HOU,NYK,2014-11-24,91.0,86.0
22014,1610612766,1610612746,Charlotte Hornets,Los Angeles Clippers,CHA,LAC,2014-11-24,92.0,113.0
22014,1610612762,1610612741,Utah Jazz,Chicago Bulls,UTA,CHI,2014-11-24,95.0,97.0
22014,1610612742,1610612754,Dallas Mavericks,Indiana Pacers,DAL,IND,2014-11-24,100.0,111.0
22014,1610612740,1610612758,New Orleans Pelicans,Sacramento Kings,NOP,SAC,2014-11-25,89.0,99.0
22014,1610612748,1610612744,Miami Heat,Golden State Warriors,MIA,GSW,2014-11-25,97.0,114.0
22014,1610612749,1610612765,Milwaukee Bucks,Detroit Pistons,MIL,DET,2014-11-25,98.0,86.0
22014,1610612743,1610612741,Denver Nuggets,Chicago Bulls,DEN,CHI,2014-11-25,114.0,109.0
22014,1610612764,1610612737,Washington Wizards,Atlanta Hawks,WAS,ATL,2014-11-25,102.0,106.0
22014,1610612739,1610612764,Cleveland Cavaliers,Washington Wizards,CLE,WAS,2014-11-26,113.0,87.0
22014,1610612747,1610612763,Los Angeles Lakers,Memphis Grizzlies,LAL,MEM,2014-11-26,93.0,99.0
22014,1610612756,1610612743,Phoenix Suns,Denver Nuggets,PHX,DEN,2014-11-26,120.0,112.0
22014,1610612755,1610612751,Philadelphia 76ers,Brooklyn Nets,PHI,BKN,2014-11-26,91.0,99.0
22014,1610612760,1610612762,Oklahoma City Thunder,Utah Jazz,OKC,UTA,2014-11-26,97.0,82.0
22014,1610612759,1610612754,San Antonio Spurs,Indiana Pacers,SAS,IND,2014-11-26,106.0,100.0
22014,1610612737,1610612761,Atlanta Hawks,Toronto Raptors,ATL,TOR,2014-11-26,115.0,126.0
22014,1610612766,1610612757,Charlotte Hornets,Portland Trail Blazers,CHA,POR,2014-11-26,97.0,105.0
22014,1610612753,1610612744,Orlando Magic,Golden State Warriors,ORL,GSW,2014-11-26,96.0,111.0
22014,1610612745,1610612758,Houston Rockets,Sacramento Kings,HOU,SAC,2014-11-26,102.0,89.0
22014,1610612742,1610612752,Dallas Mavericks,New York Knicks,DAL,NYK,2014-11-26,109.0,102.0
22014,1610612750,1610612749,Minnesota Timberwolves,Milwaukee Bucks,MIN,MIL,2014-11-26,86.0,103.0
22014,1610612765,1610612746,Detroit Pistons,Los Angeles Clippers,DET,LAC,2014-11-26,98.0,104.0
22014,1610612743,1610612756,Denver Nuggets,Phoenix Suns,DEN,PHX,2014-11-28,122.0,97.0
22014,1610612738,1610612741,Boston Celtics,Chicago Bulls,BOS,CHI,2014-11-28,102.0,109.0
22014,1610612759,1610612758,San Antonio Spurs,Sacramento Kings,SAS,SAC,2014-11-28,112.0,104.0
22014,1610612754,1610612753,Indiana Pacers,Orlando Magic,IND,ORL,2014-11-28,98.0,83.0
22014,1610612760,1610612752,Oklahoma City Thunder,New York Knicks,OKC,NYK,2014-11-28,105.0,78.0
22014,1610612745,1610612746,Houston Rockets,Los Angeles Clippers,HOU,LAC,2014-11-28,85.0,102.0
22014,1610612761,1610612742,Toronto Raptors,Dallas Mavericks,TOR,DAL,2014-11-28,102.0,106.0
22014,1610612757,1610612763,Portland Trail Blazers,Memphis Grizzlies,POR,MEM,2014-11-28,99.0,112.0
22014,1610612766,1610612744,Charlotte Hornets,Golden State Warriors,CHA,GSW,2014-11-28,101.0,106.0
22014,1610612747,1610612750,Los Angeles Lakers,Minnesota Timberwolves,LAL,MIN,2014-11-28,119.0,120.0
22014,1610612765,1610612749,Detroit Pistons,Milwaukee Bucks,DET,MIL,2014-11-28,88.0,104.0
22014,1610612737,1610612740,Atlanta Hawks,New Orleans Pelicans,ATL,NOP,2014-11-28,100.0,91.0
22014,1610612739,1610612754,Cleveland Cavaliers,Indiana Pacers,CLE,IND,2014-11-29,109.0,97.0
22014,1610612749,1610612745,Milwaukee Bucks,Houston Rockets,MIL,HOU,2014-11-29,103.0,117.0
22014,1610612755,1610612742,Philadelphia 76ers,Dallas Mavericks,PHI,DAL,2014-11-29,103.0,110.0
22014,1610612762,1610612746,Utah Jazz,Los Angeles Clippers,UTA,LAC,2014-11-29,96.0,112.0
22014,1610612764,1610612740,Washington Wizards,New Orleans Pelicans,WAS,NOP,2014-11-29,83.0,80.0
22014,1610612737,1610612766,Atlanta Hawks,Charlotte Hornets,ATL,CHA,2014-11-29,105.0,75.0
22014,1610612757,1610612750,Portland Trail Blazers,Minnesota Timberwolves,POR,MIN,2014-11-30,107.0,93.0
22014,1610612751,1610612741,Brooklyn Nets,Chicago Bulls,BKN,CHI,2014-11-30,84.0,102.0
22014,1610612765,1610612744,Detroit Pistons,Golden State Warriors,DET,GSW,2014-11-30,93.0,104.0
22014,1610612752,1610612748,New York Knicks,Miami Heat,NYK,MIA,2014-11-30,79.0,86.0
22014,1610612758,1610612763,Sacramento Kings,Memphis Grizzlies,SAC,MEM,2014-11-30,85.0,97.0
22014,1610612738,1610612759,Boston Celtics,San Antonio Spurs,BOS,SAS,2014-11-30,89.0,111.0
22014,1610612756,1610612753,Phoenix Suns,Orlando Magic,PHX,ORL,2014-11-30,90.0,93.0
22014,1610612747,1610612761,Los Angeles Lakers,Toronto Raptors,LAL,TOR,2014-11-30,129.0,122.0
22014,1610612755,1610612759,Philadelphia 76ers,San Antonio Spurs,PHI,SAS,2014-12-01,103.0,109.0
22014,1610612762,1610612743,Utah Jazz,Denver Nuggets,UTA,DEN,2014-12-01,101.0,103.0
22014,1610612746,1610612750,Los Angeles Clippers,Minnesota Timberwolves,LAC,MIN,2014-12-01,127.0,101.0
22014,1610612764,1610612748,Washington Wizards,Miami Heat,WAS,MIA,2014-12-01,107.0,86.0
22014,1610612740,1610612760,New Orleans Pelicans,Oklahoma City Thunder,NOP,OKC,2014-12-02,112.0,104.0
22014,1610612752,1610612751,New York Knicks,Brooklyn Nets,NYK,BKN,2014-12-02,93.0,98.0
22014,1610612737,1610612738,Atlanta Hawks,Boston Celtics,ATL,BOS,2014-12-02,109.0,105.0
22014,1610612741,1610612742,Chicago Bulls,Dallas Mavericks,CHI,DAL,2014-12-02,129.0,132.0
22014,1610612739,1610612749,Cleveland Cavaliers,Milwaukee Bucks,CLE,MIL,2014-12-02,111.0,108.0
22014,1610612765,1610612747,Detroit Pistons,Los Angeles Lakers,DET,LAL,2014-12-02,96.0,106.0
22014,1610612758,1610612761,Sacramento Kings,Toronto Raptors,SAC,TOR,2014-12-02,109.0,117.0
22014,1610612744,1610612753,Golden State Warriors,Orlando Magic,GSW,ORL,2014-12-02,98.0,97.0
22014,1610612743,1610612757,Denver Nuggets,Portland Trail Blazers,DEN,POR,2014-12-02,103.0,105.0
22014,1610612756,1610612754,Phoenix Suns,Indiana Pacers,PHX,IND,2014-12-02,116.0,99.0
22014,1610612751,1610612759,Brooklyn Nets,San Antonio Spurs,BKN,SAS,2014-12-03,95.0,93.0
22014,1610612745,1610612763,Houston Rockets,Memphis Grizzlies,HOU,MEM,2014-12-03,105.0,96.0
22014,1610612746,1610612753,Los Angeles Clippers,Orlando Magic,LAC,ORL,2014-12-03,114.0,86.0
22014,1610612748,1610612737,Miami Heat,Atlanta Hawks,MIA,ATL,2014-12-03,102.0,112.0
22014,1610612766,1610612741,Charlotte Hornets,Chicago Bulls,CHA,CHI,2014-12-03,95.0,102.0
22014,1610612738,1610612765,Boston Celtics,Detroit Pistons,BOS,DET,2014-12-03,109.0,102.0
22014,1610612764,1610612747,Washington Wizards,Los Angeles Lakers,WAS,LAL,2014-12-03,111.0,95.0
22014,1610612750,1610612755,Minnesota Timberwolves,Philadelphia 76ers,MIN,PHI,2014-12-03,77.0,85.0
22014,1610612762,1610612761,Utah Jazz,Toronto Raptors,UTA,TOR,2014-12-03,104.0,123.0
22014,1610612749,1610612742,Milwaukee Bucks,Dallas Mavericks,MIL,DAL,2014-12-03,105.0,107.0
22014,1610612757,1610612754,Portland Trail Blazers,Indiana Pacers,POR,IND,2014-12-04,88.0,82.0
22014,1610612752,1610612739,New York Knicks,Cleveland Cavaliers,NYK,CLE,2014-12-04,87.0,90.0
22014,1610612744,1610612740,Golden State Warriors,New Orleans Pelicans,GSW,NOP,2014-12-04,112.0,85.0
22014,1610612738,1610612747,Boston Celtics,Los Angeles Lakers,BOS,LAL,2014-12-05,113.0,96.0
22014,1610612750,1610612745,Minnesota Timberwolves,Houston Rockets,MIN,HOU,2014-12-05,112.0,114.0
22014,1610612758,1610612754,Sacramento Kings,Indiana Pacers,SAC,IND,2014-12-05,102.0,101.0
22014,1610612755,1610612760,Philadelphia 76ers,Oklahoma City Thunder,PHI,OKC,2014-12-05,91.0,103.0
22014,1610612763,1610612759,Memphis Grizzlies,San Antonio Spurs,MEM,SAS,2014-12-05,101.0,107.0
22014,1610612742,1610612756,Dallas Mavericks,Phoenix Suns,DAL,PHX,2014-12-05,106.0,118.0
22014,1610612764,1610612743,Washington Wizards,Denver Nuggets,WAS,DEN,2014-12-05,119.0,89.0
22014,1610612766,1610612752,Charlotte Hornets,New York Knicks,CHA,NYK,2014-12-05,103.0,102.0
22014,1610612761,1610612739,Toronto Raptors,Cleveland Cavaliers,TOR,CLE,2014-12-05,91.0,105.0
22014,1610612749,1610612748,Milwaukee Bucks,Miami Heat,MIL,MIA,2014-12-05,109.0,85.0
22014,1610612751,1610612737,Brooklyn Nets,Atlanta Hawks,BKN,ATL,2014-12-05,75.0,98.0
22014,1610612762,1610612753,Utah Jazz,Orlando Magic,UTA,ORL,2014-12-05,93.0,98.0
22014,1610612741,1610612744,Chicago Bulls,Golden State Warriors,CHI,GSW,2014-12-06,102.0,112.0
22014,1610612745,1610612756,Houston Rockets,Phoenix Suns,HOU,PHX,2014-12-06,100.0,95.0
22014,1610612746,1610612740,Los Angeles Clippers,New Orleans Pelicans,LAC,NOP,2014-12-06,120.0,100.0
22014,1610612759,1610612750,San Antonio Spurs,Minnesota Timberwolves,SAS,MIN,2014-12-06,123.0,101.0
22014,1610612758,1610612753,Sacramento Kings,Orlando Magic,SAC,ORL,2014-12-06,96.0,105.0
22014,1610612765,1610612755,Detroit Pistons,Philadelphia 76ers,DET,PHI,2014-12-06,101.0,108.0
22014,1610612763,1610612748,Memphis Grizzlies,Miami Heat,MEM,MIA,2014-12-07,103.0,87.0
22014,1610612752,1610612757,New York Knicks,Portland Trail Blazers,NYK,POR,2014-12-07,99.0,103.0
22014,1610612742,1610612749,Dallas Mavericks,Milwaukee Bucks,DAL,MIL,2014-12-07,125.0,102.0
22014,1610612737,1610612743,Atlanta Hawks,Denver Nuggets,ATL,DEN,2014-12-07,96.0,84.0
22014,1610612765,1610612760,Detroit Pistons,Oklahoma City Thunder,DET,OKC,2014-12-07,94.0,96.0
22014,1610612738,1610612764,Boston Celtics,Washington Wizards,BOS,WAS,2014-12-07,101.0,93.0
22014,1610612747,1610612740,Los Angeles Lakers,New Orleans Pelicans,LAL,NOP,2014-12-07,87.0,104.0
22014,1610612751,1610612739,Brooklyn Nets,Cleveland Cavaliers,BKN,CLE,2014-12-08,88.0,110.0
22014,1610612764,1610612738,Washington Wizards,Boston Celtics,WAS,BOS,2014-12-08,133.0,132.0
22014,1610612761,1610612743,Toronto Raptors,Denver Nuggets,TOR,DEN,2014-12-08,112.0,107.0
22014,1610612758,1610612762,Sacramento Kings,Utah Jazz,SAC,UTA,2014-12-08,101.0,92.0
22014,1610612750,1610612744,Minnesota Timberwolves,Golden State Warriors,MIN,GSW,2014-12-08,86.0,102.0
22014,1610612746,1610612756,Los Angeles Clippers,Phoenix Suns,LAC,PHX,2014-12-08,121.0,120.0
22014,1610612754,1610612737,Indiana Pacers,Atlanta Hawks,IND,ATL,2014-12-08,92.0,108.0
22014,1610612739,1610612761,Cleveland Cavaliers,Toronto Raptors,CLE,TOR,2014-12-09,105.0,101.0
22014,1610612763,1610612742,Memphis Grizzlies,Dallas Mavericks,MEM,DAL,2014-12-09,114.0,105.0
22014,1610612762,1610612759,Utah Jazz,San Antonio Spurs,UTA,SAS,2014-12-09,100.0,96.0
22014,1610612747,1610612758,Los Angeles Lakers,Sacramento Kings,LAL,SAC,2014-12-09,98.0,95.0
22014,1610612756,1610612748,Phoenix Suns,Miami Heat,PHX,MIA,2014-12-09,97.0,103.0
22014,1610612760,1610612749,Oklahoma City Thunder,Milwaukee Bucks,OKC,MIL,2014-12-09,114.0,101.0
22014,1610612765,1610612757,Detroit Pistons,Portland Trail Blazers,DET,POR,2014-12-09,86.0,98.0
22014,1610612740,1610612752,New Orleans Pelicans,New York Knicks,NOP,NYK,2014-12-09,104.0,93.0
22014,1610612744,1610612745,Golden State Warriors,Houston Rockets,GSW,HOU,2014-12-10,105.0,93.0
22014,1610612753,1610612764,Orlando Magic,Washington Wizards,ORL,WAS,2014-12-10,89.0,91.0
22014,1610612766,1610612738,Charlotte Hornets,Boston Celtics,CHA,BOS,2014-12-10,96.0,87.0
22014,1610612759,1610612752,San Antonio Spurs,New York Knicks,SAS,NYK,2014-12-10,109.0,95.0
22014,1610612742,1610612740,Dallas Mavericks,New Orleans Pelicans,DAL,NOP,2014-12-10,112.0,107.0
22014,1610612741,1610612751,Chicago Bulls,Brooklyn Nets,CHI,BKN,2014-12-10,105.0,80.0
22014,1610612737,1610612755,Atlanta Hawks,Philadelphia 76ers,ATL,PHI,2014-12-10,95.0,79.0
22014,1610612750,1610612757,Minnesota Timberwolves,Portland Trail Blazers,MIN,POR,2014-12-10,90.0,82.0
22014,1610612743,1610612748,Denver Nuggets,Miami Heat,DEN,MIA,2014-12-10,102.0,82.0
22014,1610612754,1610612746,Indiana Pacers,Los Angeles Clippers,IND,LAC,2014-12-10,96.0,103.0
22014,1610612758,1610612745,Sacramento Kings,Houston Rockets,SAC,HOU,2014-12-11,109.0,113.0
22014,1610612760,1610612739,Oklahoma City Thunder,Cleveland Cavaliers,OKC,CLE,2014-12-11,103.0,94.0
22014,1610612738,1610612752,Boston Celtics,New York Knicks,BOS,NYK,2014-12-12,95.0,101.0
22014,1610612750,1610612760,Minnesota Timberwolves,Oklahoma City Thunder,MIN,OKC,2014-12-12,92.0,111.0
22014,1610612763,1610612766,Memphis Grizzlies,Charlotte Hornets,MEM,CHA,2014-12-12,113.0,107.0
22014,1610612761,1610612754,Toronto Raptors,Indiana Pacers,TOR,IND,2014-12-12,106.0,94.0
22014,1610612759,1610612747,San Antonio Spurs,Los Angeles Lakers,SAS,LAL,2014-12-12,110.0,112.0
22014,1610612741,1610612757,Chicago Bulls,Portland Trail Blazers,CHI,POR,2014-12-12,115.0,106.0
22014,1610612737,1610612753,Atlanta Hawks,Orlando Magic,ATL,ORL,2014-12-12,87.0,81.0
22014,1610612762,1610612748,Utah Jazz,Miami Heat,UTA,MIA,2014-12-12,95.0,100.0
22014,1610612740,1610612739,New Orleans Pelicans,Cleveland Cavaliers,NOP,CLE,2014-12-12,119.0,114.0
22014,1610612751,1610612755,Brooklyn Nets,Philadelphia 76ers,BKN,PHI,2014-12-12,88.0,70.0
22014,1610612756,1610612765,Phoenix Suns,Detroit Pistons,PHX,DET,2014-12-12,103.0,105.0
22014,1610612764,1610612746,Washington Wizards,Los Angeles Clippers,WAS,LAC,2014-12-12,104.0,96.0
22014,1610612758,1610612765,Sacramento Kings,Detroit Pistons,SAC,DET,2014-12-13,90.0,95.0
22014,1610612753,1610612737,Orlando Magic,Atlanta Hawks,ORL,ATL,2014-12-13,100.0,99.0
22014,1610612742,1610612744,Dallas Mavericks,Golden State Warriors,DAL,GSW,2014-12-13,98.0,105.0
22014,1610612755,1610612763,Philadelphia 76ers,Memphis Grizzlies,PHI,MEM,2014-12-13,115.0,120.0
22014,1610612745,1610612743,Houston Rockets,Denver Nuggets,HOU,DEN,2014-12-13,108.0,96.0
22014,1610612754,1610612757,Indiana Pacers,Portland Trail Blazers,IND,POR,2014-12-13,85.0,95.0
22014,1610612766,1610612751,Charlotte Hornets,Brooklyn Nets,CHA,BKN,2014-12-13,87.0,114.0
22014,1610612749,1610612746,Milwaukee Bucks,Los Angeles Clippers,MIL,LAC,2014-12-13,111.0,106.0
22014,1610612750,1610612747,Minnesota Timberwolves,Los Angeles Lakers,MIN,LAL,2014-12-14,94.0,100.0
22014,1610612740,1610612744,New Orleans Pelicans,Golden State Warriors,NOP,GSW,2014-12-14,122.0,128.0
22014,1610612748,1610612741,Miami Heat,Chicago Bulls,MIA,CHI,2014-12-14,75.0,93.0
22014,1610612743,1610612759,Denver Nuggets,San Antonio Spurs,DEN,SAS,2014-12-14,91.0,99.0
22014,1610612752,1610612761,New York Knicks,Toronto Raptors,NYK,TOR,2014-12-14,90.0,95.0
22014,1610612764,1610612762,Washington Wizards,Utah Jazz,WAS,UTA,2014-12-14,93.0,84.0
22014,1610612760,1610612756,Oklahoma City Thunder,Phoenix Suns,OKC,PHX,2014-12-14,112.0,88.0
22014,1610612756,1610612749,Phoenix Suns,Milwaukee Bucks,PHX,MIL,2014-12-15,94.0,96.0
22014,1610612755,1610612738,Philadelphia 76ers,Boston Celtics,PHI,BOS,2014-12-15,87.0,105.0
22014,1610612761,1610612753,Toronto Raptors,Orlando Magic,TOR,ORL,2014-12-15,95.0,82.0
22014,1610612746,1610612765,Los Angeles Clippers,Detroit Pistons,LAC,DET,2014-12-15,113.0,91.0
22014,1610612739,1610612766,Cleveland Cavaliers,Charlotte Hornets,CLE,CHA,2014-12-15,97.0,88.0
22014,1610612737,1610612741,Atlanta Hawks,Chicago Bulls,ATL,CHI,2014-12-15,93.0,86.0
22014,1610612757,1610612759,Portland Trail Blazers,San Antonio Spurs,POR,SAS,2014-12-15,108.0,95.0
22014,1610612754,1610612747,Indiana Pacers,Los Angeles Lakers,IND,LAL,2014-12-15,110.0,91.0
22014,1610612763,1610612744,Memphis Grizzlies,Golden State Warriors,MEM,GSW,2014-12-16,105.0,98.0
22014,1610612740,1610612762,New Orleans Pelicans,Utah Jazz,NOP,UTA,2014-12-16,119.0,111.0
22014,1610612764,1610612750,Washington Wizards,Minnesota Timberwolves,WAS,MIN,2014-12-16,109.0,95.0
22014,1610612751,1610612748,Brooklyn Nets,Miami Heat,BKN,MIA,2014-12-16,91.0,95.0
22014,1610612752,1610612742,New York Knicks,Dallas Mavericks,NYK,DAL,2014-12-16,87.0,107.0
22014,1610612758,1610612760,Sacramento Kings,Oklahoma City Thunder,SAC,OKC,2014-12-16,92.0,104.0
22014,1610612757,1610612749,Portland Trail Blazers,Milwaukee Bucks,POR,MIL,2014-12-17,104.0,97.0
22014,1610612766,1610612756,Charlotte Hornets,Phoenix Suns,CHA,PHX,2014-12-17,106.0,111.0
22014,1610612748,1610612762,Miami Heat,Utah Jazz,MIA,UTA,2014-12-17,87.0,105.0
22014,1610612765,1610612742,Detroit Pistons,Dallas Mavericks,DET,DAL,2014-12-17,106.0,117.0
22014,1610612761,1610612751,Toronto Raptors,Brooklyn Nets,TOR,BKN,2014-12-17,105.0,89.0
22014,1610612759,1610612763,San Antonio Spurs,Memphis Grizzlies,SAS,MEM,2014-12-17,116.0,117.0
22014,1610612743,1610612745,Denver Nuggets,Houston Rockets,DEN,HOU,2014-12-17,111.0,115.0
22014,1610612746,1610612754,Los Angeles Clippers,Indiana Pacers,LAC,IND,2014-12-17,102.0,100.0
22014,1610612739,1610612737,Cleveland Cavaliers,Atlanta Hawks,CLE,ATL,2014-12-17,98.0,127.0
22014,1610612738,1610612753,Boston Celtics,Orlando Magic,BOS,ORL,2014-12-17,109.0,92.0
22014,1610612758,1610612749,Sacramento Kings,Milwaukee Bucks,SAC,MIL,2014-12-18,107.0,108.0
22014,1610612744,1610612760,Golden State Warriors,Oklahoma City Thunder,GSW,OKC,2014-12-18,114.0,109.0
22014,1610612741,1610612752,Chicago Bulls,New York Knicks,CHI,NYK,2014-12-18,103.0,97.0
22014,1610612745,1610612740,Houston Rockets,New Orleans Pelicans,HOU,NOP,2014-12-18,90.0,99.0
22014,1610612765,1610612761,Detroit Pistons,Toronto Raptors,DET,TOR,2014-12-19,100.0,110.0
22014,1610612739,1610612751,Cleveland Cavaliers,Brooklyn Nets,CLE,BKN,2014-12-19,95.0,91.0
22014,1610612738,1610612750,Boston Celtics,Minnesota Timberwolves,BOS,MIN,2014-12-19,114.0,98.0
22014,1610612763,1610612741,Memphis Grizzlies,Chicago Bulls,MEM,CHI,2014-12-19,97.0,103.0
22014,1610612753,1610612762,Orlando Magic,Utah Jazz,ORL,UTA,2014-12-19,94.0,101.0
22014,1610612747,1610612760,Los Angeles Lakers,Oklahoma City Thunder,LAL,OKC,2014-12-19,103.0,104.0
22014,1610612748,1610612764,Miami Heat,Washington Wizards,MIA,WAS,2014-12-19,103.0,105.0
22014,1610612743,1610612746,Denver Nuggets,Los Angeles Clippers,DEN,LAC,2014-12-19,109.0,106.0
22014,1610612759,1610612757,San Antonio Spurs,Portland Trail Blazers,SAS,POR,2014-12-19,119.0,129.0
22014,1610612755,1610612766,Philadelphia 76ers,Charlotte Hornets,PHI,CHA,2014-12-19,91.0,109.0
22014,1610612766,1610612762,Charlotte Hornets,Utah Jazz,CHA,UTA,2014-12-20,104.0,86.0
22014,1610612743,1610612754,Denver Nuggets,Indiana Pacers,DEN,IND,2014-12-20,76.0,73.0
22014,1610612745,1610612737,Houston Rockets,Atlanta Hawks,HOU,ATL,2014-12-20,97.0,104.0
22014,1610612742,1610612759,Dallas Mavericks,San Antonio Spurs,DAL,SAS,2014-12-20,99.0,93.0
22014,1610612740,1610612757,New Orleans Pelicans,Portland Trail Blazers,NOP,POR,2014-12-20,88.0,114.0
22014,1610612746,1610612749,Los Angeles Clippers,Milwaukee Bucks,LAC,MIL,2014-12-20,106.0,102.0
22014,1610612752,1610612756,New York Knicks,Phoenix Suns,NYK,PHX,2014-12-20,90.0,99.0
22014,1610612758,1610612747,Sacramento Kings,Los Angeles Lakers,SAC,LAL,2014-12-21,108.0,101.0
22014,1610612764,1610612756,Washington Wizards,Phoenix Suns,WAS,PHX,2014-12-21,92.0,104.0
22014,1610612739,1610612763,Cleveland Cavaliers,Memphis Grizzlies,CLE,MEM,2014-12-21,105.0,91.0
22014,1610612760,1610612740,Oklahoma City Thunder,New Orleans Pelicans,OKC,NOP,2014-12-21,99.0,101.0
22014,1610612748,1610612738,Miami Heat,Boston Celtics,MIA,BOS,2014-12-21,100.0,84.0
22014,1610612750,1610612754,Minnesota Timberwolves,Indiana Pacers,MIN,IND,2014-12-21,96.0,100.0
22014,1610612751,1610612765,Brooklyn Nets,Detroit Pistons,BKN,DET,2014-12-21,110.0,105.0
22014,1610612761,1610612752,Toronto Raptors,New York Knicks,TOR,NYK,2014-12-21,118.0,108.0
22014,1610612753,1610612755,Orlando Magic,Philadelphia 76ers,ORL,PHI,2014-12-21,88.0,96.0
22014,1610612744,1610612758,Golden State Warriors,Sacramento Kings,GSW,SAC,2014-12-22,128.0,108.0
22014,1610612759,1610612746,San Antonio Spurs,Los Angeles Clippers,SAS,LAC,2014-12-22,125.0,118.0
22014,1610612745,1610612757,Houston Rockets,Portland Trail Blazers,HOU,POR,2014-12-22,110.0,95.0
22014,1610612766,1610612743,Charlotte Hornets,Denver Nuggets,CHA,DEN,2014-12-22,110.0,82.0
22014,1610612741,1610612761,Chicago Bulls,Toronto Raptors,CHI,TOR,2014-12-22,129.0,120.0
22014,1610612742,1610612737,Dallas Mavericks,Atlanta Hawks,DAL,ATL,2014-12-22,102.0,105.0
22014,1610612763,1610612762,Memphis Grizzlies,Utah Jazz,MEM,UTA,2014-12-22,91.0,97.0
22014,1610612753,1610612738,Orlando Magic,Boston Celtics,ORL,BOS,2014-12-23,100.0,95.0
22014,1610612747,1610612744,Los Angeles Lakers,Golden State Warriors,LAL,GSW,2014-12-23,115.0,105.0
22014,1610612739,1610612750,Cleveland Cavaliers,Minnesota Timberwolves,CLE,MIN,2014-12-23,125.0,104.0
22014,1610612754,1610612740,Indiana Pacers,New Orleans Pelicans,IND,NOP,2014-12-23,96.0,84.0
22014,1610612760,1610612757,Oklahoma City Thunder,Portland Trail Blazers,OKC,POR,2014-12-23,111.0,115.0
22014,1610612737,1610612746,Atlanta Hawks,Los Angeles Clippers,ATL,LAC,2014-12-23,107.0,104.0
22014,1610612756,1610612742,Phoenix Suns,Dallas Mavericks,PHX,DAL,2014-12-23,124.0,115.0
22014,1610612748,1610612755,Miami Heat,Philadelphia 76ers,MIA,PHI,2014-12-23,87.0,91.0
22014,1610612751,1610612743,Brooklyn Nets,Denver Nuggets,BKN,DEN,2014-12-23,102.0,96.0
22014,1610612764,1610612741,Washington Wizards,Chicago Bulls,WAS,CHI,2014-12-23,91.0,99.0
22014,1610612749,1610612766,Milwaukee Bucks,Charlotte Hornets,MIL,CHA,2014-12-23,101.0,108.0
22014,1610612746,1610612744,Los Angeles Clippers,Golden State Warriors,LAC,GSW,2014-12-25,100.0,86.0
22014,1610612741,1610612747,Chicago Bulls,Los Angeles Lakers,CHI,LAL,2014-12-25,113.0,93.0
22014,1610612748,1610612739,Miami Heat,Cleveland Cavaliers,MIA,CLE,2014-12-25,101.0,91.0
22014,1610612752,1610612764,New York Knicks,Washington Wizards,NYK,WAS,2014-12-25,91.0,102.0
22014,1610612759,1610612760,San Antonio Spurs,Oklahoma City Thunder,SAS,OKC,2014-12-25,106.0,114.0
22014,1610612742,1610612747,Dallas Mavericks,Los Angeles Lakers,DAL,LAL,2014-12-26,102.0,98.0
22014,1610612738,1610612751,Boston Celtics,Brooklyn Nets,BOS,BKN,2014-12-26,107.0,109.0
22014,1610612765,1610612754,Detroit Pistons,Indiana Pacers,DET,IND,2014-12-26,119.0,109.0
22014,1610612758,1610612756,Sacramento Kings,Phoenix Suns,SAC,PHX,2014-12-26,106.0,115.0
22014,1610612737,1610612749,Atlanta Hawks,Milwaukee Bucks,ATL,MIL,2014-12-26,77.0,107.0
22014,1610612760,1610612766,Oklahoma City Thunder,Charlotte Hornets,OKC,CHA,2014-12-26,98.0,75.0
22014,1610612757,1610612755,Portland Trail Blazers,Philadelphia 76ers,POR,PHI,2014-12-26,114.0,93.0
22014,1610612763,1610612745,Memphis Grizzlies,Houston Rockets,MEM,HOU,2014-12-26,111.0,117.0
22014,1610612753,1610612739,Orlando Magic,Cleveland Cavaliers,ORL,CLE,2014-12-26,89.0,98.0
22014,1610612743,1610612750,Denver Nuggets,Minnesota Timberwolves,DEN,MIN,2014-12-26,106.0,102.0
22014,1610612740,1610612759,New Orleans Pelicans,San Antonio Spurs,NOP,SAS,2014-12-26,97.0,90.0
22014,1610612741,1610612740,Chicago Bulls,New Orleans Pelicans,CHI,NOP,2014-12-27,107.0,100.0
22014,1610612764,1610612738,Washington Wizards,Boston Celtics,WAS,BOS,2014-12-27,101.0,88.0
22014,1610612748,1610612763,Miami Heat,Memphis Grizzlies,MIA,MEM,2014-12-27,95.0,103.0
22014,1610612744,1610612750,Golden State Warriors,Minnesota Timberwolves,GSW,MIN,2014-12-27,110.0,97.0
22014,1610612762,1610612755,Utah Jazz,Philadelphia 76ers,UTA,PHI,2014-12-27,88.0,71.0
22014,1610612758,1610612752,Sacramento Kings,New York Knicks,SAC,NYK,2014-12-27,135.0,129.0
22014,1610612749,1610612737,Milwaukee Bucks,Atlanta Hawks,MIL,ATL,2014-12-27,85.0,90.0
22014,1610612746,1610612761,Los Angeles Clippers,Toronto Raptors,LAC,TOR,2014-12-27,98.0,110.0
22014,1610612766,1610612753,Charlotte Hornets,Orlando Magic,CHA,ORL,2014-12-27,94.0,102.0
22014,1610612751,1610612754,Brooklyn Nets,Indiana Pacers,BKN,IND,2014-12-27,85.0,110.0
22014,1610612747,1610612756,Los Angeles Lakers,Phoenix Suns,LAL,PHX,2014-12-28,107.0,116.0
22014,1610612743,1610612761,Denver Nuggets,Toronto Raptors,DEN,TOR,2014-12-28,102.0,116.0
22014,1610612742,1610612760,Dallas Mavericks,Oklahoma City Thunder,DAL,OKC,2014-12-28,112.0,107.0
22014,1610612759,1610612745,San Antonio Spurs,Houston Rockets,SAS,HOU,2014-12-28,110.0,106.0
22014,1610612757,1610612752,Portland Trail Blazers,New York Knicks,POR,NYK,2014-12-28,101.0,79.0
22014,1610612739,1610612765,Cleveland Cavaliers,Detroit Pistons,CLE,DET,2014-12-28,80.0,103.0
22014,1610612745,1610612764,Houston Rockets,Washington Wizards,HOU,WAS,2014-12-29,103.0,104.0
22014,1610612751,1610612758,Brooklyn Nets,Sacramento Kings,BKN,SAC,2014-12-29,107.0,99.0
22014,1610612748,1610612753,Miami Heat,Orlando Magic,MIA,ORL,2014-12-29,101.0,102.0
22014,1610612754,1610612741,Indiana Pacers,Chicago Bulls,IND,CHI,2014-12-29,90.0,92.0
22014,1610612766,1610612749,Charlotte Hornets,Milwaukee Bucks,CHA,MIL,2014-12-29,94.0,104.0
22014,1610612746,1610612762,Los Angeles Clippers,Utah Jazz,LAC,UTA,2014-12-29,101.0,97.0
22014,1610612762,1610612750,Utah Jazz,Minnesota Timberwolves,UTA,MIN,2014-12-30,100.0,94.0
22014,1610612743,1610612747,Denver Nuggets,Los Angeles Lakers,DEN,LAL,2014-12-30,103.0,111.0
22014,1610612742,1610612764,Dallas Mavericks,Washington Wizards,DAL,WAS,2014-12-30,114.0,87.0
22014,1610612763,1610612759,Memphis Grizzlies,San Antonio Spurs,MEM,SAS,2014-12-30,95.0,87.0
22014,1610612741,1610612751,Chicago Bulls,Brooklyn Nets,CHI,BKN,2014-12-30,82.0,96.0
22014,1610612737,1610612739,Atlanta Hawks,Cleveland Cavaliers,ATL,CLE,2014-12-30,109.0,101.0
22014,1610612753,1610612765,Orlando Magic,Detroit Pistons,ORL,DET,2014-12-30,86.0,109.0
22014,1610612740,1610612756,New Orleans Pelicans,Phoenix Suns,NOP,PHX,2014-12-30,110.0,106.0
22014,1610612757,1610612761,Portland Trail Blazers,Toronto Raptors,POR,TOR,2014-12-30,102.0,97.0
22014,1610612744,1610612755,Golden State Warriors,Philadelphia 76ers,GSW,PHI,2014-12-30,126.0,86.0
22014,1610612739,1610612749,Cleveland Cavaliers,Milwaukee Bucks,CLE,MIL,2014-12-31,80.0,96.0
22014,1610612760,1610612756,Oklahoma City Thunder,Phoenix Suns,OKC,PHX,2014-12-31,137.0,134.0
22014,1610612759,1610612740,San Antonio Spurs,New Orleans Pelicans,SAS,NOP,2014-12-31,95.0,93.0
22014,1610612738,1610612758,Boston Celtics,Sacramento Kings,BOS,SAC,2014-12-31,106.0,84.0
22014,1610612754,1610612748,Indiana Pacers,Miami Heat,IND,MIA,2014-12-31,106.0,95.0
22014,1610612745,1610612766,Houston Rockets,Charlotte Hornets,HOU,CHA,2014-12-31,102.0,83.0
22014,1610612746,1610612752,Los Angeles Clippers,New York Knicks,LAC,NYK,2014-12-31,99.0,78.0
22014,1610612741,1610612743,Chicago Bulls,Denver Nuggets,CHI,DEN,2015-01-01,106.0,101.0
22014,1610612750,1610612758,Minnesota Timberwolves,Sacramento Kings,MIN,SAC,2015-01-01,107.0,110.0
22014,1610612766,1610612739,Charlotte Hornets,Cleveland Cavaliers,CHA,CLE,2015-01-02,87.0,91.0
22014,1610612740,1610612745,New Orleans Pelicans,Houston Rockets,NOP,HOU,2015-01-02,111.0,83.0
22014,1610612747,1610612763,Los Angeles Lakers,Memphis Grizzlies,LAL,MEM,2015-01-02,106.0,109.0
22014,1610612744,1610612761,Golden State Warriors,Toronto Raptors,GSW,TOR,2015-01-02,126.0,105.0
22014,1610612753,1610612751,Orlando Magic,Brooklyn Nets,ORL,BKN,2015-01-02,98.0,100.0
22014,1610612738,1610612742,Boston Celtics,Dallas Mavericks,BOS,DAL,2015-01-02,101.0,119.0
22014,1610612756,1610612755,Phoenix Suns,Philadelphia 76ers,PHX,PHI,2015-01-02,112.0,96.0
22014,1610612749,1610612754,Milwaukee Bucks,Indiana Pacers,MIL,IND,2015-01-02,91.0,94.0
22014,1610612760,1610612764,Oklahoma City Thunder,Washington Wizards,OKC,WAS,2015-01-02,109.0,102.0
22014,1610612752,1610612765,New York Knicks,Detroit Pistons,NYK,DET,2015-01-02,81.0,97.0
22014,1610612762,1610612737,Utah Jazz,Atlanta Hawks,UTA,ATL,2015-01-02,92.0,98.0
22014,1610612759,1610612764,San Antonio Spurs,Washington Wizards,SAS,WAS,2015-01-03,101.0,92.0
22014,1610612750,1610612762,Minnesota Timberwolves,Utah Jazz,MIN,UTA,2015-01-03,89.0,101.0
22014,1610612757,1610612737,Portland Trail Blazers,Atlanta Hawks,POR,ATL,2015-01-03,107.0,115.0
22014,1610612746,1610612755,Los Angeles Clippers,Philadelphia 76ers,LAC,PHI,2015-01-03,127.0,91.0
22014,1610612753,1610612766,Orlando Magic,Charlotte Hornets,ORL,CHA,2015-01-03,90.0,98.0
22014,1610612745,1610612748,Houston Rockets,Miami Heat,HOU,MIA,2015-01-03,115.0,79.0
22014,1610612743,1610612763,Denver Nuggets,Memphis Grizzlies,DEN,MEM,2015-01-03,114.0,85.0
22014,1610612741,1610612738,Chicago Bulls,Boston Celtics,CHI,BOS,2015-01-03,109.0,104.0
22014,1610612747,1610612754,Los Angeles Lakers,Indiana Pacers,LAL,IND,2015-01-04,88.0,87.0
22014,1610612739,1610612742,Cleveland Cavaliers,Dallas Mavericks,CLE,DAL,2015-01-04,90.0,109.0
22014,1610612752,1610612749,New York Knicks,Milwaukee Bucks,NYK,MIL,2015-01-04,82.0,95.0
22014,1610612765,1610612758,Detroit Pistons,Sacramento Kings,DET,SAC,2015-01-04,114.0,95.0
22014,1610612748,1610612751,Miami Heat,Brooklyn Nets,MIA,BKN,2015-01-04,88.0,84.0
22014,1610612756,1610612761,Phoenix Suns,Toronto Raptors,PHX,TOR,2015-01-04,125.0,109.0
22014,1610612757,1610612747,Portland Trail Blazers,Los Angeles Lakers,POR,LAL,2015-01-05,98.0,94.0
22014,1610612744,1610612760,Golden State Warriors,Oklahoma City Thunder,GSW,OKC,2015-01-05,117.0,91.0
22014,1610612740,1610612764,New Orleans Pelicans,Washington Wizards,NOP,WAS,2015-01-05,85.0,92.0
22014,1610612763,1610612752,Memphis Grizzlies,New York Knicks,MEM,NYK,2015-01-05,105.0,83.0
22014,1610612762,1610612754,Utah Jazz,Indiana Pacers,UTA,IND,2015-01-05,101.0,105.0
22014,1610612755,1610612739,Philadelphia 76ers,Cleveland Cavaliers,PHI,CLE,2015-01-05,95.0,92.0
22014,1610612741,1610612745,Chicago Bulls,Houston Rockets,CHI,HOU,2015-01-05,114.0,105.0
22014,1610612746,1610612737,Los Angeles Clippers,Atlanta Hawks,LAC,ATL,2015-01-05,98.0,107.0
22014,1610612738,1610612766,Boston Celtics,Charlotte Hornets,BOS,CHA,2015-01-05,95.0,104.0
22014,1610612751,1610612742,Brooklyn Nets,Dallas Mavericks,BKN,DAL,2015-01-05,88.0,96.0
22014,1610612750,1610612743,Minnesota Timberwolves,Denver Nuggets,MIN,DEN,2015-01-05,101.0,110.0
22014,1610612759,1610612765,San Antonio Spurs,Detroit Pistons,SAS,DET,2015-01-06,104.0,105.0
22014,1610612749,1610612756,Milwaukee Bucks,Phoenix Suns,MIL,PHX,2015-01-06,96.0,102.0
22014,1610612758,1610612760,Sacramento Kings,Oklahoma City Thunder,SAC,OKC,2015-01-07,104.0,83.0
22014,1610612737,1610612763,Atlanta Hawks,Memphis Grizzlies,ATL,MEM,2015-01-07,96.0,86.0
22014,1610612766,1610612740,Charlotte Hornets,New Orleans Pelicans,CHA,NOP,2015-01-07,98.0,94.0
22014,1610612744,1610612754,Golden State Warriors,Indiana Pacers,GSW,IND,2015-01-07,117.0,102.0
22014,1610612739,1610612745,Cleveland Cavaliers,Houston Rockets,CLE,HOU,2015-01-07,93.0,105.0
22014,1610612750,1610612756,Minnesota Timberwolves,Phoenix Suns,MIN,PHX,2015-01-07,111.0,113.0
22014,1610612741,1610612762,Chicago Bulls,Utah Jazz,CHI,UTA,2015-01-07,77.0,97.0
22014,1610612746,1610612747,Los Angeles Clippers,Los Angeles Lakers,LAC,LAL,2015-01-07,114.0,89.0
22014,1610612764,1610612752,Washington Wizards,New York Knicks,WAS,NYK,2015-01-07,101.0,91.0
22014,1610612751,1610612738,Brooklyn Nets,Boston Celtics,BKN,BOS,2015-01-07,81.0,89.0
22014,1610612742,1610612765,Dallas Mavericks,Detroit Pistons,DAL,DET,2015-01-07,95.0,108.0
22014,1610612743,1610612753,Denver Nuggets,Orlando Magic,DEN,ORL,2015-01-07,93.0,90.0
22014,1610612755,1610612749,Philadelphia 76ers,Milwaukee Bucks,PHI,MIL,2015-01-07,77.0,97.0
22014,1610612761,1610612766,Toronto Raptors,Charlotte Hornets,TOR,CHA,2015-01-08,95.0,103.0
22014,1610612752,1610612745,New York Knicks,Houston Rockets,NYK,HOU,2015-01-08,96.0,120.0
22014,1610612757,1610612748,Portland Trail Blazers,Miami Heat,POR,MIA,2015-01-08,99.0,83.0
22014,1610612764,1610612741,Washington Wizards,Chicago Bulls,WAS,CHI,2015-01-09,102.0,86.0
22014,1610612740,1610612763,New Orleans Pelicans,Memphis Grizzlies,NOP,MEM,2015-01-09,106.0,95.0
22014,1610612765,1610612737,Detroit Pistons,Atlanta Hawks,DET,ATL,2015-01-09,103.0,106.0
22014,1610612747,1610612753,Los Angeles Lakers,Orlando Magic,LAL,ORL,2015-01-09,101.0,84.0
22014,1610612758,1610612743,Sacramento Kings,Denver Nuggets,SAC,DEN,2015-01-09,108.0,118.0
22014,1610612751,1610612755,Brooklyn Nets,Philadelphia 76ers,BKN,PHI,2015-01-09,88.0,90.0
22014,1610612744,1610612739,Golden State Warriors,Cleveland Cavaliers,GSW,CLE,2015-01-09,112.0,94.0
22014,1610612759,1610612756,San Antonio Spurs,Phoenix Suns,SAS,PHX,2015-01-09,100.0,95.0
22014,1610612760,1610612762,Oklahoma City Thunder,Utah Jazz,OKC,UTA,2015-01-09,99.0,94.0
22014,1610612754,1610612738,Indiana Pacers,Boston Celtics,IND,BOS,2015-01-09,107.0,103.0
22014,1610612749,1610612750,Milwaukee Bucks,Minnesota Timberwolves,MIL,MIN,2015-01-09,98.0,84.0
22014,1610612750,1610612759,Minnesota Timberwolves,San Antonio Spurs,MIN,SAS,2015-01-10,93.0,108.0
22014,1610612745,1610612762,Houston Rockets,Utah Jazz,HOU,UTA,2015-01-10,97.0,82.0
22014,1610612755,1610612754,Philadelphia 76ers,Indiana Pacers,PHI,IND,2015-01-10,93.0,92.0
22014,1610612752,1610612766,New York Knicks,Charlotte Hornets,NYK,CHA,2015-01-10,82.0,110.0
22014,1610612746,1610612742,Los Angeles Clippers,Dallas Mavericks,LAC,DAL,2015-01-10,120.0,100.0
22014,1610612761,1610612738,Toronto Raptors,Boston Celtics,TOR,BOS,2015-01-10,109.0,96.0
22014,1610612741,1610612749,Chicago Bulls,Milwaukee Bucks,CHI,MIL,2015-01-10,95.0,87.0
22014,1610612757,1610612753,Portland Trail Blazers,Orlando Magic,POR,ORL,2015-01-10,103.0,92.0
22014,1610612765,1610612751,Detroit Pistons,Brooklyn Nets,DET,BKN,2015-01-10,98.0,93.0
22014,1610612737,1610612764,Atlanta Hawks,Washington Wizards,ATL,WAS,2015-01-11,120.0,89.0
22014,1610612763,1610612756,Memphis Grizzlies,Phoenix Suns,MEM,PHX,2015-01-11,122.0,110.0
22014,1610612758,1610612739,Sacramento Kings,Cleveland Cavaliers,SAC,CLE,2015-01-11,103.0,84.0
22014,1610612747,1610612757,Los Angeles Lakers,Portland Trail Blazers,LAL,POR,2015-01-11,94.0,106.0
22014,1610612746,1610612748,Los Angeles Clippers,Miami Heat,LAC,MIA,2015-01-11,90.0,104.0
22014,1610612741,1610612753,Chicago Bulls,Orlando Magic,CHI,ORL,2015-01-12,114.0,121.0
22014,1610612751,1610612745,Brooklyn Nets,Houston Rockets,BKN,HOU,2015-01-12,99.0,113.0
22014,1610612738,1610612740,Boston Celtics,New Orleans Pelicans,BOS,NOP,2015-01-12,108.0,100.0
22014,1610612761,1610612765,Toronto Raptors,Detroit Pistons,TOR,DET,2015-01-12,111.0,114.0
22014,1610612755,1610612737,Philadelphia 76ers,Atlanta Hawks,PHI,ATL,2015-01-13,87.0,105.0
22014,1610612754,1610612750,Indiana Pacers,Minnesota Timberwolves,IND,MIN,2015-01-13,101.0,110.0
22014,1610612758,1610612742,Sacramento Kings,Dallas Mavericks,SAC,DAL,2015-01-13,104.0,108.0
22014,1610612764,1610612759,Washington Wizards,San Antonio Spurs,WAS,SAS,2015-01-13,101.0,93.0
22014,1610612747,1610612748,Los Angeles Lakers,Miami Heat,LAL,MIA,2015-01-13,75.0,78.0
22014,1610612762,1610612744,Utah Jazz,Golden State Warriors,UTA,GSW,2015-01-13,105.0,116.0
22014,1610612756,1610612739,Phoenix Suns,Cleveland Cavaliers,PHX,CLE,2015-01-13,107.0,100.0
22014,1610612753,1610612745,Orlando Magic,Houston Rockets,ORL,HOU,2015-01-14,120.0,113.0
22014,1610612738,1610612737,Boston Celtics,Atlanta Hawks,BOS,ATL,2015-01-14,91.0,105.0
22014,1610612761,1610612755,Toronto Raptors,Philadelphia 76ers,TOR,PHI,2015-01-14,100.0,84.0
22014,1610612743,1610612742,Denver Nuggets,Dallas Mavericks,DEN,DAL,2015-01-14,114.0,107.0
22014,1610612765,1610612740,Detroit Pistons,New Orleans Pelicans,DET,NOP,2015-01-14,94.0,105.0
22014,1610612766,1610612759,Charlotte Hornets,San Antonio Spurs,CHA,SAS,2015-01-14,93.0,98.0
22014,1610612751,1610612763,Brooklyn Nets,Memphis Grizzlies,BKN,MEM,2015-01-14,92.0,103.0
22014,1610612744,1610612748,Golden State Warriors,Miami Heat,GSW,MIA,2015-01-14,104.0,89.0
22014,1610612757,1610612746,Portland Trail Blazers,Los Angeles Clippers,POR,LAC,2015-01-14,94.0,100.0
22014,1610612741,1610612764,Chicago Bulls,Washington Wizards,CHI,WAS,2015-01-14,99.0,105.0
22014,1610612745,1610612760,Houston Rockets,Oklahoma City Thunder,HOU,OKC,2015-01-15,112.0,101.0
22014,1610612747,1610612739,Los Angeles Lakers,Cleveland Cavaliers,LAL,CLE,2015-01-15,102.0,109.0
22014,1610612749,1610612752,Milwaukee Bucks,New York Knicks,MIL,NYK,2015-01-15,95.0,79.0
22014,1610612756,1610612750,Phoenix Suns,Minnesota Timberwolves,PHX,MIN,2015-01-16,110.0,99.0
22014,1610612758,1610612748,Sacramento Kings,Miami Heat,SAC,MIA,2015-01-16,83.0,95.0
22014,1610612755,1610612740,Philadelphia 76ers,New Orleans Pelicans,PHI,NOP,2015-01-16,96.0,81.0
22014,1610612764,1610612751,Washington Wizards,Brooklyn Nets,WAS,BKN,2015-01-16,80.0,102.0
22014,1610612760,1610612744,Oklahoma City Thunder,Golden State Warriors,OKC,GSW,2015-01-16,127.0,115.0
22014,1610612759,1610612757,San Antonio Spurs,Portland Trail Blazers,SAS,POR,2015-01-16,110.0,96.0
22014,1610612754,1610612765,Indiana Pacers,Detroit Pistons,IND,DET,2015-01-16,96.0,98.0
22014,1610612746,1610612739,Los Angeles Clippers,Cleveland Cavaliers,LAC,CLE,2015-01-16,121.0,126.0
22014,1610612753,1610612763,Orlando Magic,Memphis Grizzlies,ORL,MEM,2015-01-16,96.0,106.0
22014,1610612738,1610612741,Boston Celtics,Chicago Bulls,BOS,CHI,2015-01-16,103.0,119.0
22014,1610612742,1610612743,Dallas Mavericks,Denver Nuggets,DAL,DEN,2015-01-16,97.0,89.0
22014,1610612761,1610612737,Toronto Raptors,Atlanta Hawks,TOR,ATL,2015-01-16,89.0,110.0
22014,1610612762,1610612747,Utah Jazz,Los Angeles Lakers,UTA,LAL,2015-01-16,94.0,85.0
22014,1610612758,1610612746,Sacramento Kings,Los Angeles Clippers,SAC,LAC,2015-01-17,108.0,117.0
22014,1610612766,1610612754,Charlotte Hornets,Indiana Pacers,CHA,IND,2015-01-17,80.0,71.0
22014,1610612743,1610612750,Denver Nuggets,Minnesota Timberwolves,DEN,MIN,2015-01-17,105.0,113.0
22014,1610612763,1610612757,Memphis Grizzlies,Portland Trail Blazers,MEM,POR,2015-01-17,102.0,98.0
22014,1610612741,1610612737,Chicago Bulls,Atlanta Hawks,CHI,ATL,2015-01-17,99.0,107.0
22014,1610612751,1610612764,Brooklyn Nets,Washington Wizards,BKN,WAS,2015-01-17,90.0,99.0
22014,1610612745,1610612744,Houston Rockets,Golden State Warriors,HOU,GSW,2015-01-17,106.0,131.0
22014,1610612765,1610612755,Detroit Pistons,Philadelphia 76ers,DET,PHI,2015-01-17,107.0,89.0
22014,1610612753,1610612760,Orlando Magic,Oklahoma City Thunder,ORL,OKC,2015-01-18,99.0,127.0
22014,1610612759,1610612762,San Antonio Spurs,Utah Jazz,SAS,UTA,2015-01-18,89.0,69.0
22014,1610612761,1610612740,Toronto Raptors,New Orleans Pelicans,TOR,NOP,2015-01-18,93.0,95.0
22014,1610612757,1610612758,Portland Trail Blazers,Sacramento Kings,POR,SAC,2015-01-19,98.0,94.0
22014,1610612763,1610612742,Memphis Grizzlies,Dallas Mavericks,MEM,DAL,2015-01-19,95.0,103.0
22014,1610612744,1610612743,Golden State Warriors,Denver Nuggets,GSW,DEN,2015-01-19,122.0,79.0
22014,1610612749,1610612761,Milwaukee Bucks,Toronto Raptors,MIL,TOR,2015-01-19,89.0,92.0
22014,1610612764,1610612755,Washington Wizards,Philadelphia 76ers,WAS,PHI,2015-01-19,111.0,76.0
22014,1610612746,1610612738,Los Angeles Clippers,Boston Celtics,LAC,BOS,2015-01-19,102.0,93.0
22014,1610612739,1610612741,Cleveland Cavaliers,Chicago Bulls,CLE,CHI,2015-01-19,108.0,94.0
22014,1610612737,1610612765,Atlanta Hawks,Detroit Pistons,ATL,DET,2015-01-19,93.0,82.0
22014,1610612745,1610612754,Houston Rockets,Indiana Pacers,HOU,IND,2015-01-19,110.0,98.0
22014,1610612752,1610612740,New York Knicks,New Orleans Pelicans,NYK,NOP,2015-01-19,99.0,92.0
22014,1610612756,1610612747,Phoenix Suns,Los Angeles Lakers,PHX,LAL,2015-01-19,115.0,100.0
22014,1610612766,1610612750,Charlotte Hornets,Minnesota Timberwolves,CHA,MIN,2015-01-19,105.0,80.0
22014,1610612743,1610612759,Denver Nuggets,San Antonio Spurs,DEN,SAS,2015-01-20,99.0,109.0
22014,1610612748,1610612760,Miami Heat,Oklahoma City Thunder,MIA,OKC,2015-01-20,86.0,94.0
22014,1610612756,1610612757,Phoenix Suns,Portland Trail Blazers,PHX,POR,2015-01-21,118.0,113.0
22014,1610612755,1610612752,Philadelphia 76ers,New York Knicks,PHI,NYK,2015-01-21,91.0,98.0
22014,1610612739,1610612762,Cleveland Cavaliers,Utah Jazz,CLE,UTA,2015-01-21,106.0,92.0
22014,1610612765,1610612753,Detroit Pistons,Orlando Magic,DET,ORL,2015-01-21,128.0,118.0
22014,1610612763,1610612761,Memphis Grizzlies,Toronto Raptors,MEM,TOR,2015-01-21,92.0,86.0
22014,1610612737,1610612754,Atlanta Hawks,Indiana Pacers,ATL,IND,2015-01-21,110.0,91.0
22014,1610612758,1610612751,Sacramento Kings,Brooklyn Nets,SAC,BKN,2015-01-21,100.0,103.0
22014,1610612750,1610612742,Minnesota Timberwolves,Dallas Mavericks,MIN,DAL,2015-01-21,75.0,98.0
22014,1610612740,1610612747,New Orleans Pelicans,Los Angeles Lakers,NOP,LAL,2015-01-21,96.0,80.0
22014,1610612766,1610612748,Charlotte Hornets,Miami Heat,CHA,MIA,2015-01-21,78.0,76.0
22014,1610612764,1610612760,Washington Wizards,Oklahoma City Thunder,WAS,OKC,2015-01-21,103.0,105.0
22014,1610612744,1610612745,Golden State Warriors,Houston Rockets,GSW,HOU,2015-01-21,126.0,113.0
22014,1610612757,1610612738,Portland Trail Blazers,Boston Celtics,POR,BOS,2015-01-22,89.0,90.0
22014,1610612746,1610612751,Los Angeles Clippers,Brooklyn Nets,LAC,BKN,2015-01-22,123.0,84.0
22014,1610612741,1610612759,Chicago Bulls,San Antonio Spurs,CHI,SAS,2015-01-22,104.0,81.0
22014,1610612749,1610612762,Milwaukee Bucks,Utah Jazz,MIL,UTA,2015-01-22,99.0,101.0
22014,1610612743,1610612738,Denver Nuggets,Boston Celtics,DEN,BOS,2015-01-23,99.0,100.0
22014,1610612739,1610612766,Cleveland Cavaliers,Charlotte Hornets,CLE,CHA,2015-01-23,129.0,90.0
22014,1610612742,1610612741,Dallas Mavericks,Chicago Bulls,DAL,CHI,2015-01-23,98.0,102.0
22014,1610612752,1610612753,New York Knicks,Orlando Magic,NYK,ORL,2015-01-23,113.0,106.0
22014,1610612755,1610612761,Philadelphia 76ers,Toronto Raptors,PHI,TOR,2015-01-23,86.0,91.0
22014,1610612737,1610612760,Atlanta Hawks,Oklahoma City Thunder,ATL,OKC,2015-01-23,103.0,93.0
22014,1610612756,1610612745,Phoenix Suns,Houston Rockets,PHX,HOU,2015-01-23,111.0,113.0
22014,1610612759,1610612747,San Antonio Spurs,Los Angeles Lakers,SAS,LAL,2015-01-23,99.0,85.0
22014,1610612744,1610612758,Golden State Warriors,Sacramento Kings,GSW,SAC,2015-01-23,126.0,101.0
22014,1610612748,1610612754,Miami Heat,Indiana Pacers,MIA,IND,2015-01-23,89.0,87.0
22014,1610612750,1610612740,Minnesota Timberwolves,New Orleans Pelicans,MIN,NOP,2015-01-23,84.0,92.0
22014,1610612766,1610612752,Charlotte Hornets,New York Knicks,CHA,NYK,2015-01-24,76.0,71.0
22014,1610612757,1610612764,Portland Trail Blazers,Washington Wizards,POR,WAS,2015-01-24,103.0,96.0
22014,1610612749,1610612765,Milwaukee Bucks,Detroit Pistons,MIL,DET,2015-01-24,101.0,86.0
22014,1610612763,1610612755,Memphis Grizzlies,Philadelphia 76ers,MEM,PHI,2015-01-24,101.0,83.0
22014,1610612762,1610612751,Utah Jazz,Brooklyn Nets,UTA,BKN,2015-01-24,108.0,73.0
22014,1610612740,1610612742,New Orleans Pelicans,Dallas Mavericks,NOP,DAL,2015-01-25,109.0,106.0
22014,1610612759,1610612749,San Antonio Spurs,Milwaukee Bucks,SAS,MIL,2015-01-25,101.0,95.0
22014,1610612737,1610612750,Atlanta Hawks,Minnesota Timberwolves,ATL,MIN,2015-01-25,112.0,100.0
22014,1610612756,1610612746,Phoenix Suns,Los Angeles Clippers,PHX,LAC,2015-01-25,100.0,120.0
22014,1610612741,1610612748,Chicago Bulls,Miami Heat,CHI,MIA,2015-01-25,84.0,96.0
22014,1610612761,1610612765,Toronto Raptors,Detroit Pistons,TOR,DET,2015-01-25,114.0,110.0
22014,1610612744,1610612738,Golden State Warriors,Boston Celtics,GSW,BOS,2015-01-25,114.0,111.0
22014,1610612739,1610612760,Cleveland Cavaliers,Oklahoma City Thunder,CLE,OKC,2015-01-25,108.0,98.0
22014,1610612747,1610612745,Los Angeles Lakers,Houston Rockets,LAL,HOU,2015-01-25,87.0,99.0
22014,1610612753,1610612754,Orlando Magic,Indiana Pacers,ORL,IND,2015-01-25,99.0,106.0
22014,1610612743,1610612764,Denver Nuggets,Washington Wizards,DEN,WAS,2015-01-25,115.0,117.0
22014,1610612740,1610612755,New Orleans Pelicans,Philadelphia 76ers,NOP,PHI,2015-01-26,99.0,74.0
22014,1610612762,1610612738,Utah Jazz,Boston Celtics,UTA,BOS,2015-01-26,90.0,99.0
22014,1610612763,1610612753,Memphis Grizzlies,Orlando Magic,MEM,ORL,2015-01-26,103.0,94.0
22014,1610612746,1610612743,Los Angeles Clippers,Denver Nuggets,LAC,DEN,2015-01-26,102.0,98.0
22014,1610612760,1610612750,Oklahoma City Thunder,Minnesota Timberwolves,OKC,MIN,2015-01-26,92.0,84.0
22014,1610612748,1610612749,Miami Heat,Milwaukee Bucks,MIA,MIL,2015-01-27,102.0,109.0
22014,1610612747,1610612764,Los Angeles Lakers,Washington Wizards,LAL,WAS,2015-01-27,92.0,98.0
22014,1610612742,1610612763,Dallas Mavericks,Memphis Grizzlies,DAL,MEM,2015-01-27,90.0,109.0
22014,1610612765,1610612739,Detroit Pistons,Cleveland Cavaliers,DET,CLE,2015-01-27,95.0,103.0
22014,1610612744,1610612741,Golden State Warriors,Chicago Bulls,GSW,CHI,2015-01-27,111.0,113.0
22014,1610612754,1610612761,Indiana Pacers,Toronto Raptors,IND,TOR,2015-01-27,91.0,104.0
22014,1610612750,1610612738,Minnesota Timberwolves,Boston Celtics,MIN,BOS,2015-01-28,110.0,98.0
22014,1610612761,1610612758,Toronto Raptors,Sacramento Kings,TOR,SAC,2015-01-28,119.0,102.0
22014,1610612759,1610612766,San Antonio Spurs,Charlotte Hornets,SAS,CHA,2015-01-28,95.0,86.0
22014,1610612737,1610612751,Atlanta Hawks,Brooklyn Nets,ATL,BKN,2015-01-28,113.0,102.0
22014,1610612745,1610612742,Houston Rockets,Dallas Mavericks,HOU,DAL,2015-01-28,99.0,94.0
22014,1610612740,1610612743,New Orleans Pelicans,Denver Nuggets,NOP,DEN,2015-01-28,85.0,93.0
22014,1610612762,1610612746,Utah Jazz,Los Angeles Clippers,UTA,LAC,2015-01-28,89.0,94.0
22014,1610612739,1610612757,Cleveland Cavaliers,Portland Trail Blazers,CLE,POR,2015-01-28,99.0,94.0
22014,1610612752,1610612760,New York Knicks,Oklahoma City Thunder,NYK,OKC,2015-01-28,100.0,92.0
22014,1610612755,1610612765,Philadelphia 76ers,Detroit Pistons,PHI,DET,2015-01-28,89.0,69.0
22014,1610612756,1610612764,Phoenix Suns,Washington Wizards,PHX,WAS,2015-01-28,106.0,98.0
22014,1610612763,1610612743,Memphis Grizzlies,Denver Nuggets,MEM,DEN,2015-01-29,99.0,69.0
22014,1610612753,1610612749,Orlando Magic,Milwaukee Bucks,ORL,MIL,2015-01-29,100.0,115.0
22014,1610612754,1610612752,Indiana Pacers,New York Knicks,IND,NYK,2015-01-29,103.0,82.0
22014,1610612747,1610612741,Los Angeles Lakers,Chicago Bulls,LAL,CHI,2015-01-29,123.0,118.0
22014,1610612738,1610612745,Boston Celtics,Houston Rockets,BOS,HOU,2015-01-30,87.0,93.0
22014,1610612739,1610612758,Cleveland Cavaliers,Sacramento Kings,CLE,SAC,2015-01-30,101.0,90.0
22014,1610612737,1610612757,Atlanta Hawks,Portland Trail Blazers,ATL,POR,2015-01-30,105.0,99.0
22014,1610612751,1610612761,Brooklyn Nets,Toronto Raptors,BKN,TOR,2015-01-30,122.0,127.0
22014,1610612748,1610612742,Miami Heat,Dallas Mavericks,MIA,DAL,2015-01-30,72.0,93.0
22014,1610612756,1610612741,Phoenix Suns,Chicago Bulls,PHX,CHI,2015-01-30,99.0,93.0
22014,1610612762,1610612744,Utah Jazz,Golden State Warriors,UTA,GSW,2015-01-30,110.0,100.0
22014,1610612740,1610612746,New Orleans Pelicans,Los Angeles Clippers,NOP,LAC,2015-01-30,108.0,103.0
22014,1610612755,1610612750,Philadelphia 76ers,Minnesota Timberwolves,PHI,MIN,2015-01-30,103.0,94.0
22014,1610612750,1610612739,Minnesota Timberwolves,Cleveland Cavaliers,MIN,CLE,2015-01-31,90.0,106.0
22014,1610612765,1610612745,Detroit Pistons,Houston Rockets,DET,HOU,2015-01-31,114.0,101.0
22014,1610612749,1610612757,Milwaukee Bucks,Portland Trail Blazers,MIL,POR,2015-01-31,95.0,88.0
22014,1610612737,1610612755,Atlanta Hawks,Philadelphia 76ers,ATL,PHI,2015-01-31,91.0,85.0
22014,1610612743,1610612766,Denver Nuggets,Charlotte Hornets,DEN,CHA,2015-01-31,86.0,104.0
22014,1610612759,1610612746,San Antonio Spurs,Los Angeles Clippers,SAS,LAC,2015-01-31,85.0,105.0
22014,1610612764,1610612761,Washington Wizards,Toronto Raptors,WAS,TOR,2015-01-31,116.0,120.0
22014,1610612744,1610612756,Golden State Warriors,Phoenix Suns,GSW,PHX,2015-01-31,106.0,87.0
22014,1610612763,1610612760,Memphis Grizzlies,Oklahoma City Thunder,MEM,OKC,2015-01-31,85.0,74.0
22014,1610612753,1610612742,Orlando Magic,Dallas Mavericks,ORL,DAL,2015-01-31,93.0,108.0
22014,1610612754,1610612758,Indiana Pacers,Sacramento Kings,IND,SAC,2015-01-31,94.0,99.0
22014,1610612738,1610612748,Boston Celtics,Miami Heat,BOS,MIA,2015-02-01,75.0,83.0
22014,1610612752,1610612747,New York Knicks,Los Angeles Lakers,NYK,LAL,2015-02-01,92.0,80.0
22014,1610612764,1610612766,Washington Wizards,Charlotte Hornets,WAS,CHA,2015-02-02,88.0,92.0
22014,1610612739,1610612755,Cleveland Cavaliers,Philadelphia 76ers,CLE,PHI,2015-02-02,97.0,84.0
22014,1610612760,1610612753,Oklahoma City Thunder,Orlando Magic,OKC,ORL,2015-02-02,104.0,97.0
22014,1610612742,1610612750,Dallas Mavericks,Minnesota Timberwolves,DAL,MIN,2015-02-02,100.0,94.0
22014,1610612740,1610612737,New Orleans Pelicans,Atlanta Hawks,NOP,ATL,2015-02-02,115.0,100.0
22014,1610612751,1610612746,Brooklyn Nets,Los Angeles Clippers,BKN,LAC,2015-02-02,102.0,100.0
22014,1610612756,1610612763,Phoenix Suns,Memphis Grizzlies,PHX,MEM,2015-02-02,101.0,102.0
22014,1610612761,1610612749,Toronto Raptors,Milwaukee Bucks,TOR,MIL,2015-02-02,75.0,82.0
22014,1610612757,1610612762,Portland Trail Blazers,Utah Jazz,POR,UTA,2015-02-03,103.0,102.0
22014,1610612752,1610612738,New York Knicks,Boston Celtics,NYK,BOS,2015-02-03,97.0,108.0
22014,1610612765,1610612748,Detroit Pistons,Miami Heat,DET,MIA,2015-02-03,108.0,91.0
22014,1610612758,1610612744,Sacramento Kings,Golden State Warriors,SAC,GSW,2015-02-03,96.0,121.0
22014,1610612755,1610612743,Philadelphia 76ers,Denver Nuggets,PHI,DEN,2015-02-03,105.0,98.0
22014,1610612749,1610612747,Milwaukee Bucks,Los Angeles Lakers,MIL,LAL,2015-02-04,113.0,105.0
22014,1610612745,1610612741,Houston Rockets,Chicago Bulls,HOU,CHI,2015-02-04,101.0,90.0
22014,1610612740,1610612760,New Orleans Pelicans,Oklahoma City Thunder,NOP,OKC,2015-02-04,91.0,102.0
22014,1610612737,1610612764,Atlanta Hawks,Washington Wizards,ATL,WAS,2015-02-04,105.0,96.0
22014,1610612750,1610612748,Minnesota Timberwolves,Miami Heat,MIN,MIA,2015-02-04,102.0,101.0
22014,1610612754,1610612765,Indiana Pacers,Detroit Pistons,IND,DET,2015-02-04,114.0,109.0
22014,1610612759,1610612753,San Antonio Spurs,Orlando Magic,SAS,ORL,2015-02-04,110.0,103.0
22014,1610612762,1610612763,Utah Jazz,Memphis Grizzlies,UTA,MEM,2015-02-04,90.0,100.0
22014,1610612738,1610612743,Boston Celtics,Denver Nuggets,BOS,DEN,2015-02-04,104.0,100.0
22014,1610612744,1610612742,Golden State Warriors,Dallas Mavericks,GSW,DAL,2015-02-04,128.0,114.0
22014,1610612761,1610612751,Toronto Raptors,Brooklyn Nets,TOR,BKN,2015-02-04,93.0,109.0
22014,1610612757,1610612756,Portland Trail Blazers,Phoenix Suns,POR,PHX,2015-02-05,108.0,87.0
22014,1610612758,1610612742,Sacramento Kings,Dallas Mavericks,SAC,DAL,2015-02-05,78.0,101.0
22014,1610612766,1610612764,Charlotte Hornets,Washington Wizards,CHA,WAS,2015-02-05,94.0,87.0
22014,1610612739,1610612746,Cleveland Cavaliers,Los Angeles Clippers,CLE,LAC,2015-02-05,105.0,94.0
22014,1610612745,1610612749,Houston Rockets,Milwaukee Bucks,HOU,MIL,2015-02-06,117.0,111.0
22014,1610612753,1610612747,Orlando Magic,Los Angeles Lakers,ORL,LAL,2015-02-06,103.0,97.0
22014,1610612759,1610612748,San Antonio Spurs,Miami Heat,SAS,MIA,2015-02-06,98.0,85.0
22014,1610612750,1610612763,Minnesota Timberwolves,Memphis Grizzlies,MIN,MEM,2015-02-06,90.0,89.0
22014,1610612751,1610612752,Brooklyn Nets,New York Knicks,BKN,NYK,2015-02-06,92.0,88.0
22014,1610612760,1610612740,Oklahoma City Thunder,New Orleans Pelicans,OKC,NOP,2015-02-06,113.0,116.0
22014,1610612754,1610612739,Indiana Pacers,Cleveland Cavaliers,IND,CLE,2015-02-06,103.0,99.0
22014,1610612761,1610612746,Toronto Raptors,Los Angeles Clippers,TOR,LAC,2015-02-06,123.0,107.0
22014,1610612737,1610612744,Atlanta Hawks,Golden State Warriors,ATL,GSW,2015-02-06,124.0,116.0
22014,1610612765,1610612743,Detroit Pistons,Denver Nuggets,DET,DEN,2015-02-06,98.0,88.0
22014,1610612738,1610612755,Boston Celtics,Philadelphia 76ers,BOS,PHI,2015-02-06,107.0,96.0
22014,1610612756,1610612762,Phoenix Suns,Utah Jazz,PHX,UTA,2015-02-06,100.0,93.0
22014,1610612762,1610612758,Utah Jazz,Sacramento Kings,UTA,SAC,2015-02-07,102.0,90.0
22014,1610612742,1610612757,Dallas Mavericks,Portland Trail Blazers,DAL,POR,2015-02-07,111.0,101.0
22014,1610612755,1610612766,Philadelphia 76ers,Charlotte Hornets,PHI,CHA,2015-02-07,89.0,81.0
22014,1610612752,1610612744,New York Knicks,Golden State Warriors,NYK,GSW,2015-02-07,92.0,106.0
22014,1610612764,1610612751,Washington Wizards,Brooklyn Nets,WAS,BKN,2015-02-07,114.0,77.0
22014,1610612749,1610612738,Milwaukee Bucks,Boston Celtics,MIL,BOS,2015-02-07,96.0,93.0
22014,1610612740,1610612741,New Orleans Pelicans,Chicago Bulls,NOP,CHI,2015-02-07,72.0,107.0
22014,1610612763,1610612737,Memphis Grizzlies,Atlanta Hawks,MEM,ATL,2015-02-08,94.0,88.0
22014,1610612739,1610612747,Cleveland Cavaliers,Los Angeles Lakers,CLE,LAL,2015-02-08,120.0,105.0
22014,1610612753,1610612741,Orlando Magic,Chicago Bulls,ORL,CHI,2015-02-08,97.0,98.0
22014,1610612760,1610612746,Oklahoma City Thunder,Los Angeles Clippers,OKC,LAC,2015-02-08,131.0,108.0
22014,1610612745,1610612757,Houston Rockets,Portland Trail Blazers,HOU,POR,2015-02-08,98.0,109.0
22014,1610612766,1610612754,Charlotte Hornets,Indiana Pacers,CHA,IND,2015-02-08,102.0,103.0
22014,1610612761,1610612759,Toronto Raptors,San Antonio Spurs,TOR,SAS,2015-02-08,87.0,82.0
22014,1610612765,1610612750,Detroit Pistons,Minnesota Timberwolves,DET,MIN,2015-02-08,101.0,112.0
22014,1610612758,1610612756,Sacramento Kings,Phoenix Suns,SAC,PHX,2015-02-08,85.0,83.0
22014,1610612754,1610612759,Indiana Pacers,San Antonio Spurs,IND,SAS,2015-02-09,93.0,95.0
22014,1610612755,1610612744,Philadelphia 76ers,Golden State Warriors,PHI,GSW,2015-02-09,84.0,89.0
22014,1610612742,1610612746,Dallas Mavericks,Los Angeles Clippers,DAL,LAC,2015-02-09,98.0,115.0
22014,1610612749,1610612751,Milwaukee Bucks,Brooklyn Nets,MIL,BKN,2015-02-09,103.0,97.0
22014,1610612748,1610612752,Miami Heat,New York Knicks,MIA,NYK,2015-02-09,109.0,95.0
22014,1610612764,1610612753,Washington Wizards,Orlando Magic,WAS,ORL,2015-02-09,96.0,80.0
22014,1610612743,1610612760,Denver Nuggets,Oklahoma City Thunder,DEN,OKC,2015-02-09,114.0,124.0
22014,1610612750,1610612737,Minnesota Timberwolves,Atlanta Hawks,MIN,ATL,2015-02-09,105.0,117.0
22014,1610612740,1610612762,New Orleans Pelicans,Utah Jazz,NOP,UTA,2015-02-09,96.0,100.0
22014,1610612763,1610612751,Memphis Grizzlies,Brooklyn Nets,MEM,BKN,2015-02-10,95.0,86.0
22014,1610612741,1610612758,Chicago Bulls,Sacramento Kings,CHI,SAC,2015-02-10,104.0,86.0
22014,1610612756,1610612745,Phoenix Suns,Houston Rockets,PHX,HOU,2015-02-10,118.0,127.0
22014,1610612766,1610612765,Charlotte Hornets,Detroit Pistons,CHA,DET,2015-02-10,78.0,106.0
22014,1610612747,1610612743,Los Angeles Lakers,Denver Nuggets,LAL,DEN,2015-02-10,96.0,106.0
22014,1610612753,1610612752,Orlando Magic,New York Knicks,ORL,NYK,2015-02-11,89.0,83.0
22014,1610612765,1610612759,Detroit Pistons,San Antonio Spurs,DET,SAS,2015-02-11,87.0,104.0
22014,1610612740,1610612754,New Orleans Pelicans,Indiana Pacers,NOP,IND,2015-02-11,93.0,106.0
22014,1610612739,1610612748,Cleveland Cavaliers,Miami Heat,CLE,MIA,2015-02-11,113.0,93.0
22014,1610612742,1610612762,Dallas Mavericks,Utah Jazz,DAL,UTA,2015-02-11,87.0,82.0
22014,1610612749,1610612758,Milwaukee Bucks,Sacramento Kings,MIL,SAC,2015-02-11,111.0,103.0
22014,1610612746,1610612745,Los Angeles Clippers,Houston Rockets,LAC,HOU,2015-02-11,110.0,95.0
22014,1610612760,1610612763,Oklahoma City Thunder,Memphis Grizzlies,OKC,MEM,2015-02-11,105.0,89.0
22014,1610612738,1610612737,Boston Celtics,Atlanta Hawks,BOS,ATL,2015-02-11,89.0,88.0
22014,1610612750,1610612744,Minnesota Timberwolves,Golden State Warriors,MIN,GSW,2015-02-11,91.0,94.0
22014,1610612757,1610612747,Portland Trail Blazers,Los Angeles Lakers,POR,LAL,2015-02-11,102.0,86.0
22014,1610612761,1610612764,Toronto Raptors,Washington Wizards,TOR,WAS,2015-02-11,95.0,93.0
22014,1610612741,1610612739,Chicago Bulls,Cleveland Cavaliers,CHI,CLE,2015-02-12,113.0,98.0
22014,1610612746,1610612759,Los Angeles Clippers,San Antonio Spurs,LAC,SAS,2015-02-19,119.0,115.0
22014,1610612760,1610612742,Oklahoma City Thunder,Dallas Mavericks,OKC,DAL,2015-02-19,104.0,89.0
22014,1610612765,1610612741,Detroit Pistons,Chicago Bulls,DET,CHI,2015-02-20,100.0,91.0
22014,1610612755,1610612754,Philadelphia 76ers,Indiana Pacers,PHI,IND,2015-02-20,95.0,106.0
22014,1610612762,1610612757,Utah Jazz,Portland Trail Blazers,UTA,POR,2015-02-20,92.0,76.0
22014,1610612737,1610612761,Atlanta Hawks,Toronto Raptors,ATL,TOR,2015-02-20,80.0,105.0
22014,1610612764,1610612739,Washington Wizards,Cleveland Cavaliers,WAS,CLE,2015-02-20,89.0,127.0
22014,1610612744,1610612759,Golden State Warriors,San Antonio Spurs,GSW,SAS,2015-02-20,110.0,99.0
22014,1610612750,1610612756,Minnesota Timberwolves,Phoenix Suns,MIN,PHX,2015-02-20,111.0,109.0
22014,1610612742,1610612745,Dallas Mavericks,Houston Rockets,DAL,HOU,2015-02-20,111.0,100.0
22014,1610612753,1610612740,Orlando Magic,New Orleans Pelicans,ORL,NOP,2015-02-20,95.0,84.0
22014,1610612758,1610612738,Sacramento Kings,Boston Celtics,SAC,BOS,2015-02-20,109.0,101.0
22014,1610612747,1610612751,Los Angeles Lakers,Brooklyn Nets,LAL,BKN,2015-02-20,105.0,114.0
22014,1610612749,1610612743,Milwaukee Bucks,Denver Nuggets,MIL,DEN,2015-02-20,89.0,81.0
22014,1610612752,1610612748,New York Knicks,Miami Heat,NYK,MIA,2015-02-20,87.0,111.0
22014,1610612745,1610612761,Houston Rockets,Toronto Raptors,HOU,TOR,2015-02-21,98.0,76.0
22014,1610612766,1610612760,Charlotte Hornets,Oklahoma City Thunder,CHA,OKC,2015-02-21,103.0,110.0
22014,1610612748,1610612740,Miami Heat,New Orleans Pelicans,MIA,NOP,2015-02-21,91.0,105.0
22014,1610612741,1610612756,Chicago Bulls,Phoenix Suns,CHI,PHX,2015-02-21,112.0,107.0
22014,1610612746,1610612758,Los Angeles Clippers,Sacramento Kings,LAC,SAC,2015-02-21,126.0,99.0
22014,1610612749,1610612737,Milwaukee Bucks,Atlanta Hawks,MIL,ATL,2015-02-22,86.0,97.0
22014,1610612753,1610612755,Orlando Magic,Philadelphia 76ers,ORL,PHI,2015-02-22,103.0,98.0
22014,1610612752,1610612739,New York Knicks,Cleveland Cavaliers,NYK,CLE,2015-02-22,83.0,101.0
22014,1610612757,1610612763,Portland Trail Blazers,Memphis Grizzlies,POR,MEM,2015-02-22,92.0,98.0
22014,1610612760,1610612743,Oklahoma City Thunder,Denver Nuggets,OKC,DEN,2015-02-22,119.0,94.0
22014,1610612765,1610612764,Detroit Pistons,Washington Wizards,DET,WAS,2015-02-22,106.0,89.0
22014,1610612754,1610612744,Indiana Pacers,Golden State Warriors,IND,GSW,2015-02-22,104.0,98.0
22014,1610612742,1610612766,Dallas Mavericks,Charlotte Hornets,DAL,CHA,2015-02-22,92.0,81.0
22014,1610612747,1610612738,Los Angeles Lakers,Boston Celtics,LAL,BOS,2015-02-22,118.0,111.0
22014,1610612740,1610612761,New Orleans Pelicans,Toronto Raptors,NOP,TOR,2015-02-23,100.0,97.0
22014,1610612756,1610612738,Phoenix Suns,Boston Celtics,PHX,BOS,2015-02-23,110.0,115.0
22014,1610612746,1610612763,Los Angeles Clippers,Memphis Grizzlies,LAC,MEM,2015-02-23,87.0,90.0
22014,1610612743,1610612751,Denver Nuggets,Brooklyn Nets,DEN,BKN,2015-02-23,82.0,110.0
22014,1610612741,1610612749,Chicago Bulls,Milwaukee Bucks,CHI,MIL,2015-02-23,87.0,71.0
22014,1610612762,1610612759,Utah Jazz,San Antonio Spurs,UTA,SAS,2015-02-23,90.0,81.0
22014,1610612748,1610612755,Miami Heat,Philadelphia 76ers,MIA,PHI,2015-02-23,119.0,108.0
22014,1610612745,1610612750,Houston Rockets,Minnesota Timberwolves,HOU,MIN,2015-02-23,113.0,102.0
22014,1610612765,1610612739,Detroit Pistons,Cleveland Cavaliers,DET,CLE,2015-02-24,93.0,102.0
22014,1610612742,1610612761,Dallas Mavericks,Toronto Raptors,DAL,TOR,2015-02-24,99.0,92.0
22014,1610612764,1610612744,Washington Wizards,Golden State Warriors,WAS,GSW,2015-02-24,107.0,114.0
22014,1610612760,1610612754,Oklahoma City Thunder,Indiana Pacers,OKC,IND,2015-02-24,105.0,92.0
22014,1610612757,1610612759,Portland Trail Blazers,San Antonio Spurs,POR,SAS,2015-02-25,111.0,95.0
22014,1610612738,1610612752,Boston Celtics,New York Knicks,BOS,NYK,2015-02-25,115.0,94.0
22014,1610612745,1610612746,Houston Rockets,Los Angeles Clippers,HOU,LAC,2015-02-25,110.0,105.0
22014,1610612753,1610612748,Orlando Magic,Miami Heat,ORL,MIA,2015-02-25,90.0,93.0
22014,1610612741,1610612766,Chicago Bulls,Charlotte Hornets,CHI,CHA,2015-02-25,86.0,98.0
22014,1610612749,1610612755,Milwaukee Bucks,Philadelphia 76ers,MIL,PHI,2015-02-25,104.0,88.0
22014,1610612743,1610612756,Denver Nuggets,Phoenix Suns,DEN,PHX,2015-02-25,96.0,110.0
22014,1610612758,1610612763,Sacramento Kings,Memphis Grizzlies,SAC,MEM,2015-02-25,102.0,90.0
22014,1610612740,1610612751,New Orleans Pelicans,Brooklyn Nets,NOP,BKN,2015-02-25,102.0,96.0
22014,1610612750,1610612764,Minnesota Timberwolves,Washington Wizards,MIN,WAS,2015-02-25,97.0,77.0
22014,1610612762,1610612747,Utah Jazz,Los Angeles Lakers,UTA,LAL,2015-02-25,97.0,100.0
22014,1610612737,1610612742,Atlanta Hawks,Dallas Mavericks,ATL,DAL,2015-02-25,104.0,87.0
22014,1610612739,1610612744,Cleveland Cavaliers,Golden State Warriors,CLE,GSW,2015-02-26,110.0,99.0
22014,1610612756,1610612760,Phoenix Suns,Oklahoma City Thunder,PHX,OKC,2015-02-26,117.0,113.0
22014,1610612758,1610612759,Sacramento Kings,San Antonio Spurs,SAC,SAS,2015-02-27,96.0,107.0
22014,1610612738,1610612766,Boston Celtics,Charlotte Hornets,BOS,CHA,2015-02-27,106.0,98.0
22014,1610612765,1610612752,Detroit Pistons,New York Knicks,DET,NYK,2015-02-27,115.0,121.0
22014,1610612761,1610612744,Toronto Raptors,Golden State Warriors,TOR,GSW,2015-02-27,89.0,113.0
22014,1610612741,1610612750,Chicago Bulls,Minnesota Timberwolves,CHI,MIN,2015-02-27,96.0,89.0
22014,1610612745,1610612751,Houston Rockets,Brooklyn Nets,HOU,BKN,2015-02-27,102.0,98.0
22014,1610612747,1610612749,Los Angeles Lakers,Milwaukee Bucks,LAL,MIL,2015-02-27,101.0,93.0
22014,1610612757,1610612760,Portland Trail Blazers,Oklahoma City Thunder,POR,OKC,2015-02-27,115.0,112.0
22014,1610612743,1610612762,Denver Nuggets,Utah Jazz,DEN,UTA,2015-02-27,82.0,104.0
22014,1610612754,1610612739,Indiana Pacers,Cleveland Cavaliers,IND,CLE,2015-02-27,93.0,86.0
22014,1610612755,1610612764,Philadelphia 76ers,Washington Wizards,PHI,WAS,2015-02-27,89.0,81.0
22014,1610612763,1610612746,Memphis Grizzlies,Los Angeles Clippers,MEM,LAC,2015-02-27,79.0,97.0
22014,1610612740,1610612748,New Orleans Pelicans,Miami Heat,NOP,MIA,2015-02-27,104.0,102.0
22014,1610612737,1610612753,Atlanta Hawks,Orlando Magic,ATL,ORL,2015-02-27,95.0,88.0
22014,1610612762,1610612749,Utah Jazz,Milwaukee Bucks,UTA,MIL,2015-02-28,82.0,75.0
22014,1610612756,1610612759,Phoenix Suns,San Antonio Spurs,PHX,SAS,2015-02-28,74.0,101.0
22014,1610612752,1610612761,New York Knicks,Toronto Raptors,NYK,TOR,2015-02-28,103.0,98.0
22014,1610612742,1610612751,Dallas Mavericks,Brooklyn Nets,DAL,BKN,2015-02-28,94.0,104.0
22014,1610612764,1610612765,Washington Wizards,Detroit Pistons,WAS,DET,2015-02-28,99.0,95.0
22014,1610612750,1610612763,Minnesota Timberwolves,Memphis Grizzlies,MIN,MEM,2015-02-28,97.0,101.0
22014,1610612748,1610612737,Miami Heat,Atlanta Hawks,MIA,ATL,2015-02-28,91.0,93.0
22014,1610612745,1610612739,Houston Rockets,Cleveland Cavaliers,HOU,CLE,2015-03-01,105.0,103.0
22014,1610612753,1610612766,Orlando Magic,Charlotte Hornets,ORL,CHA,2015-03-01,83.0,98.0
22014,1610612738,1610612744,Boston Celtics,Golden State Warriors,BOS,GSW,2015-03-01,101.0,106.0
22014,1610612754,1610612755,Indiana Pacers,Philadelphia 76ers,IND,PHI,2015-03-01,94.0,74.0
22014,1610612747,1610612760,Los Angeles Lakers,Oklahoma City Thunder,LAL,OKC,2015-03-01,101.0,108.0
22014,1610612743,1610612740,Denver Nuggets,New Orleans Pelicans,DEN,NOP,2015-03-01,92.0,99.0
22014,1610612741,1610612746,Chicago Bulls,Los Angeles Clippers,CHI,LAC,2015-03-01,86.0,96.0
22014,1610612758,1610612757,Sacramento Kings,Portland Trail Blazers,SAC,POR,2015-03-01,99.0,110.0
22014,1610612742,1610612740,Dallas Mavericks,New Orleans Pelicans,DAL,NOP,2015-03-02,102.0,93.0
22014,1610612748,1610612756,Miami Heat,Phoenix Suns,MIA,PHX,2015-03-02,115.0,98.0
22014,1610612755,1610612761,Philadelphia 76ers,Toronto Raptors,PHI,TOR,2015-03-02,103.0,114.0
22014,1610612751,1610612744,Brooklyn Nets,Golden State Warriors,BKN,GSW,2015-03-02,110.0,108.0
22014,1610612750,1610612746,Minnesota Timberwolves,Los Angeles Clippers,MIN,LAC,2015-03-02,105.0,110.0
22014,1610612737,1610612745,Atlanta Hawks,Houston Rockets,ATL,HOU,2015-03-03,104.0,96.0
22014,1610612763,1610612762,Memphis Grizzlies,Utah Jazz,MEM,UTA,2015-03-03,82.0,93.0
22014,1610612739,1610612738,Cleveland Cavaliers,Boston Celtics,CLE,BOS,2015-03-03,110.0,79.0
22014,1610612741,1610612764,Chicago Bulls,Washington Wizards,CHI,WAS,2015-03-03,97.0,92.0
22014,1610612752,1610612758,New York Knicks,Sacramento Kings,NYK,SAC,2015-03-03,86.0,124.0
22014,1610612743,1610612749,Denver Nuggets,Milwaukee Bucks,DEN,MIL,2015-03-03,106.0,95.0
22014,1610612766,1610612747,Charlotte Hornets,Los Angeles Lakers,CHA,LAL,2015-03-03,104.0,103.0
22014,1610612751,1610612766,Brooklyn Nets,Charlotte Hornets,BKN,CHA,2015-03-04,91.0,115.0
22014,1610612748,1610612747,Miami Heat,Los Angeles Lakers,MIA,LAL,2015-03-04,100.0,94.0
22014,1610612746,1610612757,Los Angeles Clippers,Portland Trail Blazers,LAC,POR,2015-03-04,93.0,98.0
22014,1610612760,1610612755,Oklahoma City Thunder,Philadelphia 76ers,OKC,PHI,2015-03-04,123.0,118.0
22014,1610612740,1610612765,New Orleans Pelicans,Detroit Pistons,NOP,DET,2015-03-04,88.0,85.0
22014,1610612753,1610612756,Orlando Magic,Phoenix Suns,ORL,PHX,2015-03-04,100.0,105.0
22014,1610612761,1610612739,Toronto Raptors,Cleveland Cavaliers,TOR,CLE,2015-03-04,112.0,120.0
22014,1610612745,1610612763,Houston Rockets,Memphis Grizzlies,HOU,MEM,2015-03-04,100.0,102.0
22014,1610612744,1610612749,Golden State Warriors,Milwaukee Bucks,GSW,MIL,2015-03-04,102.0,93.0
22014,1610612750,1610612743,Minnesota Timberwolves,Denver Nuggets,MIN,DEN,2015-03-04,85.0,100.0
22014,1610612754,1610612752,Indiana Pacers,New York Knicks,IND,NYK,2015-03-04,105.0,82.0
22014,1610612738,1610612762,Boston Celtics,Utah Jazz,BOS,UTA,2015-03-04,85.0,84.0
22014,1610612759,1610612758,San Antonio Spurs,Sacramento Kings,SAS,SAC,2015-03-04,112.0,85.0
22014,1610612757,1610612742,Portland Trail Blazers,Dallas Mavericks,POR,DAL,2015-03-05,94.0,75.0
22014,1610612741,1610612760,Chicago Bulls,Oklahoma City Thunder,CHI,OKC,2015-03-05,108.0,105.0
22014,1610612740,1610612738,New Orleans Pelicans,Boston Celtics,NOP,BOS,2015-03-06,98.0,104.0
22014,1610612754,1610612741,Indiana Pacers,Chicago Bulls,IND,CHI,2015-03-06,98.0,84.0
22014,1610612755,1610612762,Philadelphia 76ers,Utah Jazz,PHI,UTA,2015-03-06,83.0,89.0
22014,1610612745,1610612765,Houston Rockets,Detroit Pistons,HOU,DET,2015-03-06,103.0,93.0
22014,1610612737,1610612739,Atlanta Hawks,Cleveland Cavaliers,ATL,CLE,2015-03-06,106.0,97.0
22014,1610612759,1610612743,San Antonio Spurs,Denver Nuggets,SAS,DEN,2015-03-06,120.0,111.0
22014,1610612763,1610612747,Memphis Grizzlies,Los Angeles Lakers,MEM,LAL,2015-03-06,97.0,90.0
22014,1610612764,1610612748,Washington Wizards,Miami Heat,WAS,MIA,2015-03-06,99.0,97.0
22014,1610612751,1610612756,Brooklyn Nets,Phoenix Suns,BKN,PHX,2015-03-06,100.0,108.0
22014,1610612766,1610612761,Charlotte Hornets,Toronto Raptors,CHA,TOR,2015-03-06,103.0,94.0
22014,1610612744,1610612742,Golden State Warriors,Dallas Mavericks,GSW,DAL,2015-03-06,104.0,89.0
22014,1610612753,1610612758,Orlando Magic,Sacramento Kings,ORL,SAC,2015-03-06,119.0,114.0
22014,1610612750,1610612757,Minnesota Timberwolves,Portland Trail Blazers,MIN,POR,2015-03-07,121.0,113.0
22014,1610612752,1610612754,New York Knicks,Indiana Pacers,NYK,IND,2015-03-07,86.0,92.0
22014,1610612755,1610612737,Philadelphia 76ers,Atlanta Hawks,PHI,ATL,2015-03-07,92.0,84.0
22014,1610612740,1610612763,New Orleans Pelicans,Memphis Grizzlies,NOP,MEM,2015-03-07,95.0,89.0
22014,1610612739,1610612756,Cleveland Cavaliers,Phoenix Suns,CLE,PHX,2015-03-07,89.0,79.0
22014,1610612749,1610612764,Milwaukee Bucks,Washington Wizards,MIL,WAS,2015-03-07,91.0,85.0
22014,1610612748,1610612758,Miami Heat,Sacramento Kings,MIA,SAC,2015-03-07,114.0,109.0
22014,1610612743,1610612745,Denver Nuggets,Houston Rockets,DEN,HOU,2015-03-07,100.0,114.0
22014,1610612747,1610612742,Los Angeles Lakers,Dallas Mavericks,LAL,DAL,2015-03-08,93.0,100.0
22014,1610612751,1610612762,Brooklyn Nets,Utah Jazz,BKN,UTA,2015-03-08,88.0,95.0
22014,1610612744,1610612746,Golden State Warriors,Los Angeles Clippers,GSW,LAC,2015-03-08,106.0,98.0
22014,1610612765,1610612766,Detroit Pistons,Charlotte Hornets,DET,CHA,2015-03-08,101.0,108.0
22014,1610612759,1610612741,San Antonio Spurs,Chicago Bulls,SAS,CHI,2015-03-08,116.0,105.0
22014,1610612760,1610612761,Oklahoma City Thunder,Toronto Raptors,OKC,TOR,2015-03-08,108.0,104.0
22014,1610612753,1610612738,Orlando Magic,Boston Celtics,ORL,BOS,2015-03-08,103.0,98.0
22014,1610612741,1610612763,Chicago Bulls,Memphis Grizzlies,CHI,MEM,2015-03-09,91.0,101.0
22014,1610612756,1610612744,Phoenix Suns,Golden State Warriors,PHX,GSW,2015-03-09,80.0,98.0
22014,1610612743,1610612752,Denver Nuggets,New York Knicks,DEN,NYK,2015-03-09,106.0,78.0
22014,1610612749,1610612740,Milwaukee Bucks,New Orleans Pelicans,MIL,NOP,2015-03-09,103.0,114.0
22014,1610612748,1610612738,Miami Heat,Boston Celtics,MIA,BOS,2015-03-09,90.0,100.0
22014,1610612737,1610612758,Atlanta Hawks,Sacramento Kings,ATL,SAC,2015-03-09,130.0,105.0
22014,1610612766,1610612764,Charlotte Hornets,Washington Wizards,CHA,WAS,2015-03-09,69.0,95.0
22014,1610612746,1610612750,Los Angeles Clippers,Minnesota Timberwolves,LAC,MIN,2015-03-09,89.0,76.0
22014,1610612754,1610612753,Indiana Pacers,Orlando Magic,IND,ORL,2015-03-10,118.0,86.0
22014,1610612747,1610612765,Los Angeles Lakers,Detroit Pistons,LAL,DET,2015-03-10,93.0,85.0
22014,1610612742,1610612739,Dallas Mavericks,Cleveland Cavaliers,DAL,CLE,2015-03-10,94.0,127.0
22014,1610612751,1610612740,Brooklyn Nets,New Orleans Pelicans,BKN,NOP,2015-03-10,91.0,111.0
22014,1610612759,1610612761,San Antonio Spurs,Toronto Raptors,SAS,TOR,2015-03-10,117.0,107.0
22014,1610612762,1610612752,Utah Jazz,New York Knicks,UTA,NYK,2015-03-10,87.0,82.0
22014,1610612743,1610612737,Denver Nuggets,Atlanta Hawks,DEN,ATL,2015-03-11,115.0,102.0
22014,1610612757,1610612745,Portland Trail Blazers,Houston Rockets,POR,HOU,2015-03-11,105.0,100.0
22014,1610612748,1610612751,Miami Heat,Brooklyn Nets,MIA,BKN,2015-03-11,104.0,98.0
22014,1610612744,1610612765,Golden State Warriors,Detroit Pistons,GSW,DET,2015-03-11,105.0,98.0
22014,1610612749,1610612753,Milwaukee Bucks,Orlando Magic,MIL,ORL,2015-03-11,97.0,91.0
22014,1610612760,1610612746,Oklahoma City Thunder,Los Angeles Clippers,OKC,LAC,2015-03-11,108.0,120.0
22014,1610612738,1610612763,Boston Celtics,Memphis Grizzlies,BOS,MEM,2015-03-11,95.0,92.0
22014,1610612766,1610612758,Charlotte Hornets,Sacramento Kings,CHA,SAC,2015-03-11,106.0,113.0
22014,1610612755,1610612741,Philadelphia 76ers,Chicago Bulls,PHI,CHI,2015-03-11,95.0,104.0
22014,1610612756,1610612750,Phoenix Suns,Minnesota Timberwolves,PHX,MIN,2015-03-11,106.0,97.0
22014,1610612754,1610612749,Indiana Pacers,Milwaukee Bucks,IND,MIL,2015-03-12,109.0,103.0
22014,1610612759,1610612739,San Antonio Spurs,Cleveland Cavaliers,SAS,CLE,2015-03-12,125.0,128.0
22014,1610612764,1610612763,Washington Wizards,Memphis Grizzlies,WAS,MEM,2015-03-12,107.0,87.0
22014,1610612762,1610612745,Utah Jazz,Houston Rockets,UTA,HOU,2015-03-12,109.0,91.0
22014,1610612747,1610612752,Los Angeles Lakers,New York Knicks,LAL,NYK,2015-03-12,94.0,101.0
22014,1610612743,1610612744,Denver Nuggets,Golden State Warriors,DEN,GSW,2015-03-13,114.0,103.0
22014,1610612760,1610612750,Oklahoma City Thunder,Minnesota Timberwolves,OKC,MIN,2015-03-13,113.0,99.0
22014,1610612756,1610612737,Phoenix Suns,Atlanta Hawks,PHX,ATL,2015-03-13,87.0,96.0
22014,1610612766,1610612741,Charlotte Hornets,Chicago Bulls,CHA,CHI,2015-03-13,101.0,91.0
22014,1610612738,1610612753,Boston Celtics,Orlando Magic,BOS,ORL,2015-03-13,95.0,88.0
22014,1610612755,1610612758,Philadelphia 76ers,Sacramento Kings,PHI,SAC,2015-03-13,114.0,107.0
22014,1610612757,1610612765,Portland Trail Blazers,Detroit Pistons,POR,DET,2015-03-13,118.0,99.0
22014,1610612761,1610612748,Toronto Raptors,Miami Heat,TOR,MIA,2015-03-13,102.0,92.0
22014,1610612742,1610612746,Dallas Mavericks,Los Angeles Clippers,DAL,LAC,2015-03-13,129.0,99.0
22014,1610612762,1610612765,Utah Jazz,Detroit Pistons,UTA,DET,2015-03-14,88.0,85.0
22014,1610612754,1610612738,Indiana Pacers,Boston Celtics,IND,BOS,2015-03-14,89.0,93.0
22014,1610612763,1610612749,Memphis Grizzlies,Milwaukee Bucks,MEM,MIL,2015-03-14,96.0,83.0
22014,1610612755,1610612751,Philadelphia 76ers,Brooklyn Nets,PHI,BKN,2015-03-14,87.0,94.0
22014,1610612744,1610612752,Golden State Warriors,New York Knicks,GSW,NYK,2015-03-14,125.0,94.0
22014,1610612764,1610612758,Washington Wizards,Sacramento Kings,WAS,SAC,2015-03-14,113.0,97.0
22014,1610612760,1610612741,Oklahoma City Thunder,Chicago Bulls,OKC,CHI,2015-03-15,109.0,100.0
22014,1610612747,1610612737,Los Angeles Lakers,Atlanta Hawks,LAL,ATL,2015-03-15,86.0,91.0
22014,1610612753,1610612739,Orlando Magic,Cleveland Cavaliers,ORL,CLE,2015-03-15,108.0,123.0
22014,1610612761,1610612757,Toronto Raptors,Portland Trail Blazers,TOR,POR,2015-03-15,97.0,113.0
22014,1610612756,1610612752,Phoenix Suns,New York Knicks,PHX,NYK,2015-03-15,102.0,89.0
22014,1610612740,1610612743,New Orleans Pelicans,Denver Nuggets,NOP,DEN,2015-03-15,111.0,118.0
22014,1610612759,1610612750,San Antonio Spurs,Minnesota Timberwolves,SAS,MIN,2015-03-15,123.0,97.0
22014,1610612746,1610612745,Los Angeles Clippers,Houston Rockets,LAC,HOU,2015-03-15,98.0,100.0
22014,1610612762,1610612766,Utah Jazz,Charlotte Hornets,UTA,CHA,2015-03-16,94.0,66.0
22014,1610612748,1610612739,Miami Heat,Cleveland Cavaliers,MIA,CLE,2015-03-16,106.0,92.0
22014,1610612758,1610612737,Sacramento Kings,Atlanta Hawks,SAC,ATL,2015-03-16,103.0,110.0
22014,1610612750,1610612751,Minnesota Timberwolves,Brooklyn Nets,MIN,BKN,2015-03-16,106.0,122.0
22014,1610612764,1610612757,Washington Wizards,Portland Trail Blazers,WAS,POR,2015-03-16,105.0,97.0
22014,1610612738,1610612755,Boston Celtics,Philadelphia 76ers,BOS,PHI,2015-03-16,108.0,89.0
22014,1610612744,1610612747,Golden State Warriors,Los Angeles Lakers,GSW,LAL,2015-03-16,108.0,105.0
22014,1610612763,1610612743,Memphis Grizzlies,Denver Nuggets,MEM,DEN,2015-03-16,92.0,81.0
22014,1610612754,1610612761,Indiana Pacers,Toronto Raptors,IND,TOR,2015-03-16,98.0,117.0
22014,1610612742,1610612760,Dallas Mavericks,Oklahoma City Thunder,DAL,OKC,2015-03-16,119.0,115.0
22014,1610612752,1610612759,New York Knicks,San Antonio Spurs,NYK,SAS,2015-03-17,104.0,100.0
22014,1610612746,1610612766,Los Angeles Clippers,Charlotte Hornets,LAC,CHA,2015-03-17,99.0,92.0
22014,1610612745,1610612753,Houston Rockets,Orlando Magic,HOU,ORL,2015-03-17,107.0,94.0
22014,1610612740,1610612749,New Orleans Pelicans,Milwaukee Bucks,NOP,MIL,2015-03-17,85.0,84.0
22014,1610612765,1610612763,Detroit Pistons,Memphis Grizzlies,DET,MEM,2015-03-17,105.0,95.0
22014,1610612744,1610612737,Golden State Warriors,Atlanta Hawks,GSW,ATL,2015-03-18,114.0,95.0
22014,1610612758,1610612746,Sacramento Kings,Los Angeles Clippers,SAC,LAC,2015-03-18,105.0,116.0
22014,1610612741,1610612754,Chicago Bulls,Indiana Pacers,CHI,IND,2015-03-18,103.0,86.0
22014,1610612760,1610612738,Oklahoma City Thunder,Boston Celtics,OKC,BOS,2015-03-18,122.0,118.0
22014,1610612755,1610612765,Philadelphia 76ers,Detroit Pistons,PHI,DET,2015-03-18,94.0,83.0
22014,1610612739,1610612751,Cleveland Cavaliers,Brooklyn Nets,CLE,BKN,2015-03-18,117.0,92.0
22014,1610612742,1610612753,Dallas Mavericks,Orlando Magic,DAL,ORL,2015-03-18,107.0,102.0
22014,1610612748,1610612757,Miami Heat,Portland Trail Blazers,MIA,POR,2015-03-18,108.0,104.0
22014,1610612749,1610612759,Milwaukee Bucks,San Antonio Spurs,MIL,SAS,2015-03-18,103.0,114.0
22014,1610612762,1610612764,Utah Jazz,Washington Wizards,UTA,WAS,2015-03-18,84.0,88.0
22014,1610612761,1610612750,Toronto Raptors,Minnesota Timberwolves,TOR,MIN,2015-03-18,105.0,100.0
22014,1610612752,1610612750,New York Knicks,Minnesota Timberwolves,NYK,MIN,2015-03-19,92.0,95.0
22014,1610612756,1610612740,Phoenix Suns,New Orleans Pelicans,PHX,NOP,2015-03-19,74.0,72.0
22014,1610612747,1610612762,Los Angeles Lakers,Utah Jazz,LAL,UTA,2015-03-19,73.0,80.0
22014,1610612745,1610612743,Houston Rockets,Denver Nuggets,HOU,DEN,2015-03-19,118.0,108.0
22014,1610612741,1610612761,Chicago Bulls,Toronto Raptors,CHI,TOR,2015-03-20,108.0,92.0
22014,1610612744,1610612740,Golden State Warriors,New Orleans Pelicans,GSW,NOP,2015-03-20,112.0,96.0
22014,1610612751,1610612749,Brooklyn Nets,Milwaukee Bucks,BKN,MIL,2015-03-20,129.0,127.0
22014,1610612742,1610612763,Dallas Mavericks,Memphis Grizzlies,DAL,MEM,2015-03-20,101.0,112.0
22014,1610612748,1610612743,Miami Heat,Denver Nuggets,MIA,DEN,2015-03-20,108.0,91.0
22014,1610612746,1610612764,Los Angeles Clippers,Washington Wizards,LAC,WAS,2015-03-20,113.0,99.0
22014,1610612753,1610612757,Orlando Magic,Portland Trail Blazers,ORL,POR,2015-03-20,111.0,104.0
22014,1610612755,1610612752,Philadelphia 76ers,New York Knicks,PHI,NYK,2015-03-20,97.0,81.0
22014,1610612758,1610612766,Sacramento Kings,Charlotte Hornets,SAC,CHA,2015-03-20,101.0,91.0
22014,1610612759,1610612738,San Antonio Spurs,Boston Celtics,SAS,BOS,2015-03-20,101.0,89.0
22014,1610612739,1610612754,Cleveland Cavaliers,Indiana Pacers,CLE,IND,2015-03-20,95.0,92.0
22014,1610612760,1610612737,Oklahoma City Thunder,Atlanta Hawks,OKC,ATL,2015-03-20,123.0,115.0
22014,1610612765,1610612741,Detroit Pistons,Chicago Bulls,DET,CHI,2015-03-21,107.0,91.0
22014,1610612763,1610612757,Memphis Grizzlies,Portland Trail Blazers,MEM,POR,2015-03-21,97.0,86.0
22014,1610612744,1610612762,Golden State Warriors,Utah Jazz,GSW,UTA,2015-03-21,106.0,91.0
22014,1610612745,1610612756,Houston Rockets,Phoenix Suns,HOU,PHX,2015-03-21,102.0,117.0
22014,1610612754,1610612751,Indiana Pacers,Brooklyn Nets,IND,BKN,2015-03-21,111.0,123.0
22014,1610612756,1610612742,Phoenix Suns,Dallas Mavericks,PHX,DAL,2015-03-22,98.0,92.0
22014,1610612753,1610612743,Orlando Magic,Denver Nuggets,ORL,DEN,2015-03-22,100.0,119.0
22014,1610612749,1610612739,Milwaukee Bucks,Cleveland Cavaliers,MIL,CLE,2015-03-22,90.0,108.0
22014,1610612737,1610612759,Atlanta Hawks,San Antonio Spurs,ATL,SAS,2015-03-22,95.0,114.0
22014,1610612747,1610612755,Los Angeles Lakers,Philadelphia 76ers,LAL,PHI,2015-03-22,101.0,87.0
22014,1610612738,1610612765,Boston Celtics,Detroit Pistons,BOS,DET,2015-03-22,97.0,105.0
22014,1610612761,1610612752,Toronto Raptors,New York Knicks,TOR,NYK,2015-03-22,106.0,89.0
22014,1610612760,1610612748,Oklahoma City Thunder,Miami Heat,OKC,MIA,2015-03-22,93.0,75.0
22014,1610612758,1610612764,Sacramento Kings,Washington Wizards,SAC,WAS,2015-03-22,109.0,86.0
22014,1610612750,1610612766,Minnesota Timberwolves,Charlotte Hornets,MIN,CHA,2015-03-22,98.0,109.0
22014,1610612746,1610612740,Los Angeles Clippers,New Orleans Pelicans,LAC,NOP,2015-03-22,107.0,100.0
22014,1610612752,1610612763,New York Knicks,Memphis Grizzlies,NYK,MEM,2015-03-23,82.0,103.0
22014,1610612754,1610612745,Indiana Pacers,Houston Rockets,IND,HOU,2015-03-23,100.0,110.0
22014,1610612741,1610612766,Chicago Bulls,Charlotte Hornets,CHI,CHA,2015-03-23,98.0,86.0
22014,1610612744,1610612764,Golden State Warriors,Washington Wizards,GSW,WAS,2015-03-23,107.0,76.0
22014,1610612762,1610612750,Utah Jazz,Minnesota Timberwolves,UTA,MIN,2015-03-23,104.0,106.0
22014,1610612751,1610612738,Brooklyn Nets,Boston Celtics,BKN,BOS,2015-03-23,91.0,110.0
22014,1610612758,1610612755,Sacramento Kings,Philadelphia 76ers,SAC,PHI,2015-03-24,107.0,106.0
22014,1610612765,1610612761,Detroit Pistons,Toronto Raptors,DET,TOR,2015-03-24,108.0,104.0
22014,1610612760,1610612747,Oklahoma City Thunder,Los Angeles Lakers,OKC,LAL,2015-03-24,127.0,117.0
22014,1610612757,1610612744,Portland Trail Blazers,Golden State Warriors,POR,GSW,2015-03-24,108.0,122.0
22014,1610612749,1610612748,Milwaukee Bucks,Miami Heat,MIL,MIA,2015-03-24,89.0,88.0
22014,1610612742,1610612759,Dallas Mavericks,San Antonio Spurs,DAL,SAS,2015-03-24,101.0,94.0
22014,1610612759,1610612760,San Antonio Spurs,Oklahoma City Thunder,SAS,OKC,2015-03-25,130.0,91.0
22014,1610612750,1610612747,Minnesota Timberwolves,Los Angeles Lakers,MIN,LAL,2015-03-25,99.0,101.0
22014,1610612752,1610612746,New York Knicks,Los Angeles Clippers,NYK,LAC,2015-03-25,80.0,111.0
22014,1610612766,1610612751,Charlotte Hornets,Brooklyn Nets,CHA,BKN,2015-03-25,88.0,91.0
22014,1610612761,1610612741,Toronto Raptors,Chicago Bulls,TOR,CHI,2015-03-25,103.0,116.0
22014,1610612740,1610612745,New Orleans Pelicans,Houston Rockets,NOP,HOU,2015-03-25,93.0,95.0
22014,1610612762,1610612757,Utah Jazz,Portland Trail Blazers,UTA,POR,2015-03-25,89.0,92.0
22014,1610612756,1610612758,Phoenix Suns,Sacramento Kings,PHX,SAC,2015-03-25,99.0,108.0
22014,1610612743,1610612755,Denver Nuggets,Philadelphia 76ers,DEN,PHI,2015-03-25,85.0,99.0
22014,1610612764,1610612754,Washington Wizards,Indiana Pacers,WAS,IND,2015-03-25,101.0,103.0
22014,1610612763,1610612739,Memphis Grizzlies,Cleveland Cavaliers,MEM,CLE,2015-03-25,89.0,111.0
22014,1610612738,1610612748,Boston Celtics,Miami Heat,BOS,MIA,2015-03-25,86.0,93.0
22014,1610612753,1610612737,Orlando Magic,Atlanta Hawks,ORL,ATL,2015-03-25,83.0,95.0
22014,1610612749,1610612754,Milwaukee Bucks,Indiana Pacers,MIL,IND,2015-03-26,111.0,107.0
22014,1610612759,1610612742,San Antonio Spurs,Dallas Mavericks,SAS,DAL,2015-03-27,94.0,76.0
22014,1610612764,1610612766,Washington Wizards,Charlotte Hornets,WAS,CHA,2015-03-27,110.0,107.0
22014,1610612737,1610612748,Atlanta Hawks,Miami Heat,ATL,MIA,2015-03-27,99.0,86.0
22014,1610612745,1610612750,Houston Rockets,Minnesota Timberwolves,HOU,MIN,2015-03-27,120.0,110.0
22014,1610612752,1610612738,New York Knicks,Boston Celtics,NYK,BOS,2015-03-27,92.0,96.0
22014,1610612761,1610612747,Toronto Raptors,Los Angeles Lakers,TOR,LAL,2015-03-27,94.0,83.0
22014,1610612743,1610612762,Denver Nuggets,Utah Jazz,DEN,UTA,2015-03-27,107.0,91.0
22014,1610612740,1610612758,New Orleans Pelicans,Sacramento Kings,NOP,SAC,2015-03-27,102.0,88.0
22014,1610612763,1610612744,Memphis Grizzlies,Golden State Warriors,MEM,GSW,2015-03-27,84.0,107.0
22014,1610612755,1610612746,Philadelphia 76ers,Los Angeles Clippers,PHI,LAC,2015-03-27,98.0,119.0
22014,1610612756,1610612757,Phoenix Suns,Portland Trail Blazers,PHX,POR,2015-03-27,81.0,87.0
22014,1610612753,1610612765,Orlando Magic,Detroit Pistons,ORL,DET,2015-03-27,97.0,111.0
22014,1610612751,1610612739,Brooklyn Nets,Cleveland Cavaliers,BKN,CLE,2015-03-27,106.0,98.0
22014,1610612762,1610612760,Utah Jazz,Oklahoma City Thunder,UTA,OKC,2015-03-28,94.0,89.0
22014,1610612741,1610612752,Chicago Bulls,New York Knicks,CHI,NYK,2015-03-28,111.0,80.0
22014,1610612749,1610612744,Milwaukee Bucks,Golden State Warriors,MIL,GSW,2015-03-28,95.0,108.0
22014,1610612766,1610612737,Charlotte Hornets,Atlanta Hawks,CHA,ATL,2015-03-28,115.0,100.0
22014,1610612757,1610612743,Portland Trail Blazers,Denver Nuggets,POR,DEN,2015-03-28,120.0,114.0
22014,1610612756,1610612760,Phoenix Suns,Oklahoma City Thunder,PHX,OKC,2015-03-29,97.0,109.0
22014,1610612764,1610612745,Washington Wizards,Houston Rockets,WAS,HOU,2015-03-29,91.0,99.0
22014,1610612759,1610612763,San Antonio Spurs,Memphis Grizzlies,SAS,MEM,2015-03-29,103.0,89.0
22014,1610612740,1610612750,New Orleans Pelicans,Minnesota Timberwolves,NOP,MIN,2015-03-29,110.0,88.0
22014,1610612754,1610612742,Indiana Pacers,Dallas Mavericks,IND,DAL,2015-03-29,104.0,99.0
22014,1610612748,1610612765,Miami Heat,Detroit Pistons,MIA,DET,2015-03-29,109.0,102.0
22014,1610612751,1610612747,Brooklyn Nets,Los Angeles Lakers,BKN,LAL,2015-03-29,107.0,99.0
22014,1610612738,1610612746,Boston Celtics,Los Angeles Clippers,BOS,LAC,2015-03-29,106.0,119.0
22014,1610612739,1610612755,Cleveland Cavaliers,Philadelphia 76ers,CLE,PHI,2015-03-29,87.0,86.0
22014,1610612763,1610612758,Memphis Grizzlies,Sacramento Kings,MEM,SAC,2015-03-30,97.0,83.0
22014,1610612755,1610612747,Philadelphia 76ers,Los Angeles Lakers,PHI,LAL,2015-03-30,111.0,113.0
22014,1610612737,1610612749,Atlanta Hawks,Milwaukee Bucks,ATL,MIL,2015-03-30,101.0,88.0
22014,1610612761,1610612745,Toronto Raptors,Houston Rockets,TOR,HOU,2015-03-30,99.0,96.0
22014,1610612766,1610612738,Charlotte Hornets,Boston Celtics,CHA,BOS,2015-03-30,104.0,116.0
22014,1610612750,1610612762,Minnesota Timberwolves,Utah Jazz,MIN,UTA,2015-03-30,84.0,104.0
22014,1610612757,1610612756,Portland Trail Blazers,Phoenix Suns,POR,PHX,2015-03-30,109.0,86.0
22014,1610612765,1610612737,Detroit Pistons,Atlanta Hawks,DET,ATL,2015-03-31,105.0,95.0
22014,1610612751,1610612754,Brooklyn Nets,Indiana Pacers,BKN,IND,2015-03-31,111.0,106.0
22014,1610612748,1610612759,Miami Heat,San Antonio Spurs,MIA,SAS,2015-03-31,81.0,95.0
22014,1610612746,1610612744,Los Angeles Clippers,Golden State Warriors,LAC,GSW,2015-03-31,106.0,110.0
22014,1610612753,1610612759,Orlando Magic,San Antonio Spurs,ORL,SAS,2015-04-01,91.0,103.0
22014,1610612749,1610612741,Milwaukee Bucks,Chicago Bulls,MIL,CHI,2015-04-01,95.0,91.0
22014,1610612757,1610612746,Portland Trail Blazers,Los Angeles Clippers,POR,LAC,2015-04-01,122.0,126.0
22014,1610612750,1610612761,Minnesota Timberwolves,Toronto Raptors,MIN,TOR,2015-04-01,99.0,113.0
22014,1610612762,1610612743,Utah Jazz,Denver Nuggets,UTA,DEN,2015-04-01,98.0,84.0
22014,1610612738,1610612754,Boston Celtics,Indiana Pacers,BOS,IND,2015-04-01,100.0,87.0
22014,1610612752,1610612751,New York Knicks,Brooklyn Nets,NYK,BKN,2015-04-01,98.0,100.0
22014,1610612764,1610612755,Washington Wizards,Philadelphia 76ers,WAS,PHI,2015-04-01,106.0,93.0
22014,1610612745,1610612758,Houston Rockets,Sacramento Kings,HOU,SAC,2015-04-01,115.0,111.0
22014,1610612766,1610612765,Charlotte Hornets,Detroit Pistons,CHA,DET,2015-04-01,102.0,78.0
22014,1610612760,1610612742,Oklahoma City Thunder,Dallas Mavericks,OKC,DAL,2015-04-01,131.0,135.0
22014,1610612747,1610612740,Los Angeles Lakers,New Orleans Pelicans,LAL,NOP,2015-04-01,92.0,113.0
22014,1610612744,1610612756,Golden State Warriors,Phoenix Suns,GSW,PHX,2015-04-02,107.0,106.0
22014,1610612739,1610612748,Cleveland Cavaliers,Miami Heat,CLE,MIA,2015-04-02,114.0,88.0
22014,1610612742,1610612745,Dallas Mavericks,Houston Rockets,DAL,HOU,2015-04-02,101.0,108.0
22014,1610612764,1610612752,Washington Wizards,New York Knicks,WAS,NYK,2015-04-03,101.0,87.0
22014,1610612750,1610612753,Minnesota Timberwolves,Orlando Magic,MIN,ORL,2015-04-03,84.0,97.0
22014,1610612759,1610612743,San Antonio Spurs,Denver Nuggets,SAS,DEN,2015-04-03,123.0,93.0
22014,1610612758,1610612740,Sacramento Kings,New Orleans Pelicans,SAC,NOP,2015-04-03,95.0,101.0
22014,1610612747,1610612757,Los Angeles Lakers,Portland Trail Blazers,LAL,POR,2015-04-03,77.0,107.0
22014,1610612741,1610612765,Chicago Bulls,Detroit Pistons,CHI,DET,2015-04-03,88.0,82.0
22014,1610612754,1610612766,Indiana Pacers,Charlotte Hornets,IND,CHA,2015-04-03,93.0,74.0
22014,1610612751,1610612761,Brooklyn Nets,Toronto Raptors,BKN,TOR,2015-04-03,114.0,109.0
22014,1610612763,1610612760,Memphis Grizzlies,Oklahoma City Thunder,MEM,OKC,2015-04-03,100.0,92.0
22014,1610612738,1610612749,Boston Celtics,Milwaukee Bucks,BOS,MIL,2015-04-03,101.0,110.0
22014,1610612737,1610612751,Atlanta Hawks,Brooklyn Nets,ATL,BKN,2015-04-04,131.0,99.0
22014,1610612761,1610612738,Toronto Raptors,Boston Celtics,TOR,BOS,2015-04-04,116.0,117.0
22014,1610612749,1610612753,Milwaukee Bucks,Orlando Magic,MIL,ORL,2015-04-04,90.0,97.0
22014,1610612766,1610612755,Charlotte Hornets,Philadelphia 76ers,CHA,PHI,2015-04-04,92.0,91.0
22014,1610612742,1610612744,Dallas Mavericks,Golden State Warriors,DAL,GSW,2015-04-04,110.0,123.0
22014,1610612743,1610612746,Denver Nuggets,Los Angeles Clippers,DEN,LAC,2015-04-04,92.0,107.0
22014,1610612763,1610612764,Memphis Grizzlies,Washington Wizards,MEM,WAS,2015-04-04,83.0,92.0
22014,1610612765,1610612748,Detroit Pistons,Miami Heat,DET,MIA,2015-04-04,99.0,98.0
22014,1610612756,1610612762,Phoenix Suns,Utah Jazz,PHX,UTA,2015-04-04,87.0,85.0
22014,1610612757,1610612740,Portland Trail Blazers,New Orleans Pelicans,POR,NOP,2015-04-04,99.0,90.0
22014,1610612759,1610612744,San Antonio Spurs,Golden State Warriors,SAS,GSW,2015-04-05,107.0,92.0
22014,1610612747,1610612746,Los Angeles Lakers,Los Angeles Clippers,LAL,LAC,2015-04-05,78.0,106.0
22014,1610612752,1610612755,New York Knicks,Philadelphia 76ers,NYK,PHI,2015-04-05,101.0,91.0
22014,1610612758,1610612762,Sacramento Kings,Utah Jazz,SAC,UTA,2015-04-05,95.0,101.0
22014,1610612754,1610612748,Indiana Pacers,Miami Heat,IND,MIA,2015-04-05,112.0,89.0
22014,1610612739,1610612741,Cleveland Cavaliers,Chicago Bulls,CLE,CHI,2015-04-05,99.0,94.0
22014,1610612760,1610612745,Oklahoma City Thunder,Houston Rockets,OKC,HOU,2015-04-05,112.0,115.0
22014,1610612751,1610612757,Brooklyn Nets,Portland Trail Blazers,BKN,POR,2015-04-06,106.0,96.0
22014,1610612748,1610612766,Miami Heat,Charlotte Hornets,MIA,CHA,2015-04-07,105.0,100.0
22014,1610612746,1610612747,Los Angeles Clippers,Los Angeles Lakers,LAC,LAL,2015-04-07,105.0,100.0
22014,1610612737,1610612756,Atlanta Hawks,Phoenix Suns,ATL,PHX,2015-04-07,96.0,69.0
22014,1610612760,1610612759,Oklahoma City Thunder,San Antonio Spurs,OKC,SAS,2015-04-07,88.0,113.0
22014,1610612758,1610612750,Sacramento Kings,Minnesota Timberwolves,SAC,MIN,2015-04-07,116.0,111.0
22014,1610612740,1610612744,New Orleans Pelicans,Golden State Warriors,NOP,GSW,2015-04-07,103.0,100.0
22014,1610612763,1610612740,Memphis Grizzlies,New Orleans Pelicans,MEM,NOP,2015-04-08,110.0,74.0
22014,1610612755,1610612764,Philadelphia 76ers,Washington Wizards,PHI,WAS,2015-04-08,90.0,119.0
22014,1610612742,1610612756,Dallas Mavericks,Phoenix Suns,DAL,PHX,2015-04-08,107.0,104.0
22014,1610612765,1610612738,Detroit Pistons,Boston Celtics,DET,BOS,2015-04-08,103.0,113.0
22014,1610612766,1610612761,Charlotte Hornets,Toronto Raptors,CHA,TOR,2015-04-08,74.0,92.0
22014,1610612749,1610612739,Milwaukee Bucks,Cleveland Cavaliers,MIL,CLE,2015-04-08,99.0,104.0
22014,1610612753,1610612741,Orlando Magic,Chicago Bulls,ORL,CHI,2015-04-08,105.0,103.0
22014,1610612757,1610612750,Portland Trail Blazers,Minnesota Timberwolves,POR,MIN,2015-04-08,116.0,91.0
22014,1610612743,1610612747,Denver Nuggets,Los Angeles Lakers,DEN,LAL,2015-04-08,119.0,101.0
22014,1610612752,1610612754,New York Knicks,Indiana Pacers,NYK,IND,2015-04-08,86.0,102.0
22014,1610612759,1610612745,San Antonio Spurs,Houston Rockets,SAS,HOU,2015-04-08,110.0,98.0
22014,1610612762,1610612758,Utah Jazz,Sacramento Kings,UTA,SAC,2015-04-08,103.0,91.0
22014,1610612751,1610612737,Brooklyn Nets,Atlanta Hawks,BKN,ATL,2015-04-08,111.0,114.0
22014,1610612748,1610612741,Miami Heat,Chicago Bulls,MIA,CHI,2015-04-09,78.0,89.0
22014,1610612744,1610612757,Golden State Warriors,Portland Trail Blazers,GSW,POR,2015-04-09,116.0,105.0
22014,1610612753,1610612761,Orlando Magic,Toronto Raptors,ORL,TOR,2015-04-10,99.0,101.0
22014,1610612739,1610612738,Cleveland Cavaliers,Boston Celtics,CLE,BOS,2015-04-10,90.0,99.0
22014,1610612751,1610612764,Brooklyn Nets,Washington Wizards,BKN,WAS,2015-04-10,117.0,80.0
22014,1610612762,1610612763,Utah Jazz,Memphis Grizzlies,UTA,MEM,2015-04-10,88.0,89.0
22014,1610612747,1610612750,Los Angeles Lakers,Minnesota Timberwolves,LAL,MIN,2015-04-10,106.0,98.0
22014,1610612765,1610612754,Detroit Pistons,Indiana Pacers,DET,IND,2015-04-10,103.0,107.0
22014,1610612737,1610612766,Atlanta Hawks,Charlotte Hornets,ATL,CHA,2015-04-10,104.0,80.0
22014,1610612760,1610612758,Oklahoma City Thunder,Sacramento Kings,OKC,SAC,2015-04-10,116.0,103.0
22014,1610612752,1610612749,New York Knicks,Milwaukee Bucks,NYK,MIL,2015-04-10,91.0,99.0
22014,1610612745,1610612759,Houston Rockets,San Antonio Spurs,HOU,SAS,2015-04-10,103.0,104.0
22014,1610612743,1610612742,Denver Nuggets,Dallas Mavericks,DEN,DAL,2015-04-10,143.0,144.0
22014,1610612740,1610612756,New Orleans Pelicans,Phoenix Suns,NOP,PHX,2015-04-10,90.0,75.0
22014,1610612757,1610612762,Portland Trail Blazers,Utah Jazz,POR,UTA,2015-04-11,105.0,111.0
22014,1610612744,1610612750,Golden State Warriors,Minnesota Timberwolves,GSW,MIN,2015-04-11,110.0,101.0
22014,1610612746,1610612763,Los Angeles Clippers,Memphis Grizzlies,LAC,MEM,2015-04-11,94.0,86.0
22014,1610612753,1610612752,Orlando Magic,New York Knicks,ORL,NYK,2015-04-11,79.0,80.0
22014,1610612741,1610612755,Chicago Bulls,Philadelphia 76ers,CHI,PHI,2015-04-11,114.0,107.0
22014,1610612748,1610612761,Miami Heat,Toronto Raptors,MIA,TOR,2015-04-11,104.0,107.0
22014,1610612743,1610612758,Denver Nuggets,Sacramento Kings,DEN,SAC,2015-04-12,122.0,111.0
22014,1610612754,1610612760,Indiana Pacers,Oklahoma City Thunder,IND,OKC,2015-04-12,116.0,104.0
22014,1610612764,1610612737,Washington Wizards,Atlanta Hawks,WAS,ATL,2015-04-12,108.0,99.0
22014,1610612738,1610612739,Boston Celtics,Cleveland Cavaliers,BOS,CLE,2015-04-12,117.0,78.0
22014,1610612765,1610612766,Detroit Pistons,Charlotte Hornets,DET,CHA,2015-04-12,116.0,77.0
22014,1610612747,1610612742,Los Angeles Lakers,Dallas Mavericks,LAL,DAL,2015-04-12,106.0,120.0
22014,1610612759,1610612756,San Antonio Spurs,Phoenix Suns,SAS,PHX,2015-04-12,107.0,91.0
22014,1610612745,1610612740,Houston Rockets,New Orleans Pelicans,HOU,NOP,2015-04-12,121.0,114.0
22014,1610612749,1610612751,Milwaukee Bucks,Brooklyn Nets,MIL,BKN,2015-04-12,96.0,73.0
22014,1610612762,1610612742,Utah Jazz,Dallas Mavericks,UTA,DAL,2015-04-13,109.0,92.0
22014,1610612750,1610612740,Minnesota Timberwolves,New Orleans Pelicans,MIN,NOP,2015-04-13,88.0,100.0
22014,1610612760,1610612757,Oklahoma City Thunder,Portland Trail Blazers,OKC,POR,2015-04-13,101.0,90.0
22014,1610612748,1610612753,Miami Heat,Orlando Magic,MIA,ORL,2015-04-13,100.0,93.0
22014,1610612758,1610612747,Sacramento Kings,Los Angeles Lakers,SAC,LAL,2015-04-13,102.0,92.0
22014,1610612746,1610612743,Los Angeles Clippers,Denver Nuggets,LAC,DEN,2015-04-13,110.0,103.0
22014,1610612751,1610612741,Brooklyn Nets,Chicago Bulls,BKN,CHI,2015-04-13,86.0,113.0
22014,1610612737,1610612752,Atlanta Hawks,New York Knicks,ATL,NYK,2015-04-13,108.0,112.0
22014,1610612755,1610612749,Philadelphia 76ers,Milwaukee Bucks,PHI,MIL,2015-04-13,97.0,107.0
22014,1610612744,1610612763,Golden State Warriors,Memphis Grizzlies,GSW,MEM,2015-04-13,111.0,107.0
22014,1610612766,1610612745,Charlotte Hornets,Houston Rockets,CHA,HOU,2015-04-13,90.0,100.0
22014,1610612739,1610612765,Cleveland Cavaliers,Detroit Pistons,CLE,DET,2015-04-13,109.0,97.0
22014,1610612756,1610612746,Phoenix Suns,Los Angeles Clippers,PHX,LAC,2015-04-14,101.0,112.0
22014,1610612754,1610612764,Indiana Pacers,Washington Wizards,IND,WAS,2015-04-14,99.0,95.0
22014,1610612738,1610612761,Boston Celtics,Toronto Raptors,BOS,TOR,2015-04-14,95.0,93.0
22014,1610612750,1610612760,Minnesota Timberwolves,Oklahoma City Thunder,MIN,OKC,2015-04-15,113.0,138.0
22014,1610612751,1610612753,Brooklyn Nets,Orlando Magic,BKN,ORL,2015-04-15,101.0,88.0
22014,1610612747,1610612758,Los Angeles Lakers,Sacramento Kings,LAL,SAC,2015-04-15,99.0,122.0
22014,1610612745,1610612762,Houston Rockets,Utah Jazz,HOU,UTA,2015-04-15,117.0,91.0
22014,1610612742,1610612757,Dallas Mavericks,Portland Trail Blazers,DAL,POR,2015-04-15,114.0,98.0
22014,1610612741,1610612737,Chicago Bulls,Atlanta Hawks,CHI,ATL,2015-04-15,91.0,85.0
22014,1610612740,1610612759,New Orleans Pelicans,San Antonio Spurs,NOP,SAS,2015-04-15,108.0,103.0
22014,1610612763,1610612754,Memphis Grizzlies,Indiana Pacers,MEM,IND,2015-04-15,95.0,83.0
22014,1610612739,1610612764,Cleveland Cavaliers,Washington Wizards,CLE,WAS,2015-04-15,113.0,108.0
22014,1610612744,1610612743,Golden State Warriors,Denver Nuggets,GSW,DEN,2015-04-15,133.0,126.0
22014,1610612755,1610612748,Philadelphia 76ers,Miami Heat,PHI,MIA,2015-04-15,101.0,105.0
22014,1610612752,1610612765,New York Knicks,Detroit Pistons,NYK,DET,2015-04-15,90.0,112.0
22014,1610612749,1610612738,Milwaukee Bucks,Boston Celtics,MIL,BOS,2015-04-15,100.0,105.0
22014,1610612761,1610612766,Toronto Raptors,Charlotte Hornets,TOR,CHA,2015-04-15,92.0,87.0
42014,1610612761,1610612764,Toronto Raptors,Washington Wizards,TOR,WAS,2015-04-18,86.0,93.0
42014,1610612744,1610612740,Golden State Warriors,New Orleans Pelicans,GSW,NOP,2015-04-18,106.0,99.0
42014,1610612741,1610612749,Chicago Bulls,Milwaukee Bucks,CHI,MIL,2015-04-18,103.0,91.0
42014,1610612745,1610612742,Houston Rockets,Dallas Mavericks,HOU,DAL,2015-04-18,118.0,108.0
42014,1610612763,1610612757,Memphis Grizzlies,Portland Trail Blazers,MEM,POR,2015-04-19,100.0,86.0
42014,1610612737,1610612751,Atlanta Hawks,Brooklyn Nets,ATL,BKN,2015-04-19,99.0,92.0
42014,1610612746,1610612759,Los Angeles Clippers,San Antonio Spurs,LAC,SAS,2015-04-19,107.0,92.0
42014,1610612739,1610612738,Cleveland Cavaliers,Boston Celtics,CLE,BOS,2015-04-19,113.0,100.0
42014,1610612744,1610612740,Golden State Warriors,New Orleans Pelicans,GSW,NOP,2015-04-20,97.0,87.0
42014,1610612741,1610612749,Chicago Bulls,Milwaukee Bucks,CHI,MIL,2015-04-20,91.0,82.0
42014,1610612739,1610612738,Cleveland Cavaliers,Boston Celtics,CLE,BOS,2015-04-21,99.0,91.0
42014,1610612761,1610612764,Toronto Raptors,Washington Wizards,TOR,WAS,2015-04-21,106.0,117.0
42014,1610612745,1610612742,Houston Rockets,Dallas Mavericks,HOU,DAL,2015-04-21,111.0,99.0
42014,1610612763,1610612757,Memphis Grizzlies,Portland Trail Blazers,MEM,POR,2015-04-22,97.0,82.0
42014,1610612746,1610612759,Los Angeles Clippers,San Antonio Spurs,LAC,SAS,2015-04-22,107.0,111.0
42014,1610612737,1610612751,Atlanta Hawks,Brooklyn Nets,ATL,BKN,2015-04-22,96.0,91.0
42014,1610612738,1610612739,Boston Celtics,Cleveland Cavaliers,BOS,CLE,2015-04-23,95.0,103.0
42014,1610612740,1610612744,New Orleans Pelicans,Golden State Warriors,NOP,GSW,2015-04-23,119.0,123.0
42014,1610612749,1610612741,Milwaukee Bucks,Chicago Bulls,MIL,CHI,2015-04-23,106.0,113.0
42014,1610612764,1610612761,Washington Wizards,Toronto Raptors,WAS,TOR,2015-04-24,106.0,99.0
42014,1610612759,1610612746,San Antonio Spurs,Los Angeles Clippers,SAS,LAC,2015-04-24,100.0,73.0
42014,1610612742,1610612745,Dallas Mavericks,Houston Rockets,DAL,HOU,2015-04-24,128.0,130.0
42014,1610612751,1610612737,Brooklyn Nets,Atlanta Hawks,BKN,ATL,2015-04-25,91.0,83.0
42014,1610612757,1610612763,Portland Trail Blazers,Memphis Grizzlies,POR,MEM,2015-04-25,109.0,115.0
42014,1610612740,1610612744,New Orleans Pelicans,Golden State Warriors,NOP,GSW,2015-04-25,98.0,109.0
42014,1610612749,1610612741,Milwaukee Bucks,Chicago Bulls,MIL,CHI,2015-04-25,92.0,90.0
42014,1610612759,1610612746,San Antonio Spurs,Los Angeles Clippers,SAS,LAC,2015-04-26,105.0,114.0
42014,1610612764,1610612761,Washington Wizards,Toronto Raptors,WAS,TOR,2015-04-26,125.0,94.0
42014,1610612742,1610612745,Dallas Mavericks,Houston Rockets,DAL,HOU,2015-04-26,121.0,109.0
42014,1610612738,1610612739,Boston Celtics,Cleveland Cavaliers,BOS,CLE,2015-04-26,93.0,101.0
42014,1610612741,1610612749,Chicago Bulls,Milwaukee Bucks,CHI,MIL,2015-04-27,88.0,94.0
42014,1610612757,1610612763,Portland Trail Blazers,Memphis Grizzlies,POR,MEM,2015-04-27,99.0,92.0
42014,1610612751,1610612737,Brooklyn Nets,Atlanta Hawks,BKN,ATL,2015-04-27,120.0,115.0
42014,1610612745,1610612742,Houston Rockets,Dallas Mavericks,HOU,DAL,2015-04-28,103.0,94.0
42014,1610612746,1610612759,Los Angeles Clippers,San Antonio Spurs,LAC,SAS,2015-04-28,107.0,111.0
42014,1610612737,1610612751,Atlanta Hawks,Brooklyn Nets,ATL,BKN,2015-04-29,107.0,97.0
42014,1610612763,1610612757,Memphis Grizzlies,Portland Trail Blazers,MEM,POR,2015-04-29,99.0,93.0
42014,1610612759,1610612746,San Antonio Spurs,Los Angeles Clippers,SAS,LAC,2015-04-30,96.0,102.0
42014,1610612749,1610612741,Milwaukee Bucks,Chicago Bulls,MIL,CHI,2015-04-30,66.0,120.0
42014,1610612751,1610612737,Brooklyn Nets,Atlanta Hawks,BKN,ATL,2015-05-01,87.0,111.0
42014,1610612746,1610612759,Los Angeles Clippers,San Antonio Spurs,LAC,SAS,2015-05-02,111.0,109.0
42014,1610612737,1610612764,Atlanta Hawks,Washington Wizards,ATL,WAS,2015-05-03,98.0,104.0
42014,1610612744,1610612763,Golden State Warriors,Memphis Grizzlies,GSW,MEM,2015-05-03,101.0,86.0
42014,1610612739,1610612741,Cleveland Cavaliers,Chicago Bulls,CLE,CHI,2015-05-04,92.0,99.0
42014,1610612745,1610612746,Houston Rockets,Los Angeles Clippers,HOU,LAC,2015-05-04,101.0,117.0
42014,1610612737,1610612764,Atlanta Hawks,Washington Wizards,ATL,WAS,2015-05-05,106.0,90.0
42014,1610612744,1610612763,Golden State Warriors,Memphis Grizzlies,GSW,MEM,2015-05-05,90.0,97.0
42014,1610612745,1610612746,Houston Rockets,Los Angeles Clippers,HOU,LAC,2015-05-06,115.0,109.0
42014,1610612739,1610612741,Cleveland Cavaliers,Chicago Bulls,CLE,CHI,2015-05-06,106.0,91.0
42014,1610612746,1610612745,Los Angeles Clippers,Houston Rockets,LAC,HOU,2015-05-08,124.0,99.0
42014,1610612741,1610612739,Chicago Bulls,Cleveland Cavaliers,CHI,CLE,2015-05-08,99.0,96.0
42014,1610612764,1610612737,Washington Wizards,Atlanta Hawks,WAS,ATL,2015-05-09,103.0,101.0
42014,1610612763,1610612744,Memphis Grizzlies,Golden State Warriors,MEM,GSW,2015-05-09,99.0,89.0
42014,1610612741,1610612739,Chicago Bulls,Cleveland Cavaliers,CHI,CLE,2015-05-10,84.0,86.0
42014,1610612746,1610612745,Los Angeles Clippers,Houston Rockets,LAC,HOU,2015-05-10,128.0,95.0
42014,1610612764,1610612737,Washington Wizards,Atlanta Hawks,WAS,ATL,2015-05-11,101.0,106.0
42014,1610612763,1610612744,Memphis Grizzlies,Golden State Warriors,MEM,GSW,2015-05-11,84.0,101.0
42014,1610612745,1610612746,Houston Rockets,Los Angeles Clippers,HOU,LAC,2015-05-12,124.0,103.0
42014,1610612739,1610612741,Cleveland Cavaliers,Chicago Bulls,CLE,CHI,2015-05-12,106.0,101.0
42014,1610612737,1610612764,Atlanta Hawks,Washington Wizards,ATL,WAS,2015-05-13,82.0,81.0
42014,1610612744,1610612763,Golden State Warriors,Memphis Grizzlies,GSW,MEM,2015-05-13,98.0,78.0
42014,1610612741,1610612739,Chicago Bulls,Cleveland Cavaliers,CHI,CLE,2015-05-14,73.0,94.0
42014,1610612746,1610612745,Los Angeles Clippers,Houston Rockets,LAC,HOU,2015-05-14,107.0,119.0
42014,1610612764,1610612737,Washington Wizards,Atlanta Hawks,WAS,ATL,2015-05-15,91.0,94.0
42014,1610612763,1610612744,Memphis Grizzlies,Golden State Warriors,MEM,GSW,2015-05-15,95.0,108.0
42014,1610612745,1610612746,Houston Rockets,Los Angeles Clippers,HOU,LAC,2015-05-17,113.0,100.0
42014,1610612744,1610612745,Golden State Warriors,Houston Rockets,GSW,HOU,2015-05-19,110.0,106.0
42014,1610612737,1610612739,Atlanta Hawks,Cleveland Cavaliers,ATL,CLE,2015-05-20,89.0,97.0
42014,1610612744,1610612745,Golden State Warriors,Houston Rockets,GSW,HOU,2015-05-21,99.0,98.0
42014,1610612737,1610612739,Atlanta Hawks,Cleveland Cavaliers,ATL,CLE,2015-05-22,82.0,94.0
42014,1610612745,1610612744,Houston Rockets,Golden State Warriors,HOU,GSW,2015-05-23,80.0,115.0
42014,1610612739,1610612737,Cleveland Cavaliers,Atlanta Hawks,CLE,ATL,2015-05-24,114.0,111.0
42014,1610612745,1610612744,Houston Rockets,Golden State Warriors,HOU,GSW,2015-05-25,128.0,115.0
42014,1610612739,1610612737,Cleveland Cavaliers,Atlanta Hawks,CLE,ATL,2015-05-26,118.0,88.0
42014,1610612744,1610612745,Golden State Warriors,Houston Rockets,GSW,HOU,2015-05-27,104.0,90.0
42014,1610612744,1610612739,Golden State Warriors,Cleveland Cavaliers,GSW,CLE,2015-06-04,108.0,100.0
42014,1610612744,1610612739,Golden State Warriors,Cleveland Cavaliers,GSW,CLE,2015-06-07,93.0,95.0
42014,1610612739,1610612744,Cleveland Cavaliers,Golden State Warriors,CLE,GSW,2015-06-09,96.0,91.0
42014,1610612739,1610612744,Cleveland Cavaliers,Golden State Warriors,CLE,GSW,2015-06-11,82.0,103.0
42014,1610612744,1610612739,Golden State Warriors,Cleveland Cavaliers,GSW,CLE,2015-06-14,104.0,91.0
42014,1610612739,1610612744,Cleveland Cavaliers,Golden State Warriors,CLE,GSW,2015-06-16,97.0,105.0
22015,1610612737,1610612765,Atlanta Hawks,Detroit Pistons,ATL,DET,2015-10-27,94.0,106.0
22015,1610612744,1610612740,Golden State Warriors,New Orleans Pelicans,GSW,NOP,2015-10-27,111.0,95.0
22015,1610612741,1610612739,Chicago Bulls,Cleveland Cavaliers,CHI,CLE,2015-10-27,97.0,95.0
22015,1610612761,1610612754,Toronto Raptors,Indiana Pacers,TOR,IND,2015-10-28,106.0,99.0
22015,1610612760,1610612759,Oklahoma City Thunder,San Antonio Spurs,OKC,SAS,2015-10-28,112.0,106.0
22015,1610612751,1610612741,Brooklyn Nets,Chicago Bulls,BKN,CHI,2015-10-28,100.0,115.0
22015,1610612757,1610612740,Portland Trail Blazers,New Orleans Pelicans,POR,NOP,2015-10-28,112.0,94.0
22015,1610612749,1610612752,Milwaukee Bucks,New York Knicks,MIL,NYK,2015-10-28,97.0,122.0
22015,1610612745,1610612743,Houston Rockets,Denver Nuggets,HOU,DEN,2015-10-28,85.0,105.0
22015,1610612765,1610612762,Detroit Pistons,Utah Jazz,DET,UTA,2015-10-28,92.0,87.0
22015,1610612747,1610612750,Los Angeles Lakers,Minnesota Timberwolves,LAL,MIN,2015-10-28,111.0,112.0
22015,1610612763,1610612739,Memphis Grizzlies,Cleveland Cavaliers,MEM,CLE,2015-10-28,76.0,106.0
22015,1610612756,1610612742,Phoenix Suns,Dallas Mavericks,PHX,DAL,2015-10-28,95.0,111.0
22015,1610612758,1610612746,Sacramento Kings,LA Clippers,SAC,LAC,2015-10-28,104.0,111.0
22015,1610612748,1610612766,Miami Heat,Charlotte Hornets,MIA,CHA,2015-10-28,104.0,94.0
22015,1610612738,1610612755,Boston Celtics,Philadelphia 76ers,BOS,PHI,2015-10-28,112.0,95.0
22015,1610612753,1610612764,Orlando Magic,Washington Wizards,ORL,WAS,2015-10-28,87.0,88.0
22015,1610612746,1610612742,LA Clippers,Dallas Mavericks,LAC,DAL,2015-10-29,104.0,88.0
22015,1610612754,1610612763,Indiana Pacers,Memphis Grizzlies,IND,MEM,2015-10-29,103.0,112.0
22015,1610612752,1610612737,New York Knicks,Atlanta Hawks,NYK,ATL,2015-10-29,101.0,112.0
22015,1610612743,1610612750,Denver Nuggets,Minnesota Timberwolves,DEN,MIN,2015-10-30,78.0,95.0
22015,1610612755,1610612762,Philadelphia 76ers,Utah Jazz,PHI,UTA,2015-10-30,71.0,99.0
22015,1610612737,1610612766,Atlanta Hawks,Charlotte Hornets,ATL,CHA,2015-10-30,97.0,94.0
22015,1610612758,1610612747,Sacramento Kings,Los Angeles Lakers,SAC,LAL,2015-10-30,132.0,114.0
22015,1610612753,1610612760,Orlando Magic,Oklahoma City Thunder,ORL,OKC,2015-10-30,136.0,139.0
22015,1610612759,1610612751,San Antonio Spurs,Brooklyn Nets,SAS,BKN,2015-10-30,102.0,75.0
22015,1610612749,1610612764,Milwaukee Bucks,Washington Wizards,MIL,WAS,2015-10-30,113.0,118.0
22015,1610612739,1610612748,Cleveland Cavaliers,Miami Heat,CLE,MIA,2015-10-30,102.0,92.0
22015,1610612765,1610612741,Detroit Pistons,Chicago Bulls,DET,CHI,2015-10-30,98.0,94.0
22015,1610612738,1610612761,Boston Celtics,Toronto Raptors,BOS,TOR,2015-10-30,103.0,113.0
22015,1610612745,1610612744,Houston Rockets,Golden State Warriors,HOU,GSW,2015-10-30,92.0,112.0
22015,1610612756,1610612757,Phoenix Suns,Portland Trail Blazers,PHX,POR,2015-10-30,110.0,92.0
22015,1610612757,1610612756,Portland Trail Blazers,Phoenix Suns,POR,PHX,2015-10-31,90.0,101.0
22015,1610612746,1610612758,LA Clippers,Sacramento Kings,LAC,SAC,2015-10-31,114.0,109.0
22015,1610612754,1610612762,Indiana Pacers,Utah Jazz,IND,UTA,2015-10-31,76.0,97.0
22015,1610612764,1610612752,Washington Wizards,New York Knicks,WAS,NYK,2015-10-31,110.0,117.0
22015,1610612740,1610612744,New Orleans Pelicans,Golden State Warriors,NOP,GSW,2015-10-31,120.0,134.0
22015,1610612763,1610612751,Memphis Grizzlies,Brooklyn Nets,MEM,BKN,2015-10-31,101.0,91.0
22015,1610612766,1610612737,Charlotte Hornets,Atlanta Hawks,CHA,ATL,2015-11-01,92.0,94.0
22015,1610612738,1610612759,Boston Celtics,San Antonio Spurs,BOS,SAS,2015-11-01,87.0,95.0
22015,1610612748,1610612745,Miami Heat,Houston Rockets,MIA,HOU,2015-11-01,109.0,89.0
22015,1610612747,1610612742,Los Angeles Lakers,Dallas Mavericks,LAL,DAL,2015-11-01,93.0,103.0
22015,1610612761,1610612749,Toronto Raptors,Milwaukee Bucks,TOR,MIL,2015-11-01,106.0,87.0
22015,1610612741,1610612753,Chicago Bulls,Orlando Magic,CHI,ORL,2015-11-01,92.0,87.0
22015,1610612760,1610612743,Oklahoma City Thunder,Denver Nuggets,OKC,DEN,2015-11-01,117.0,93.0
22015,1610612750,1610612757,Minnesota Timberwolves,Portland Trail Blazers,MIN,POR,2015-11-02,101.0,106.0
22015,1610612745,1610612760,Houston Rockets,Oklahoma City Thunder,HOU,OKC,2015-11-02,110.0,105.0
22015,1610612744,1610612763,Golden State Warriors,Memphis Grizzlies,GSW,MEM,2015-11-02,119.0,69.0
22015,1610612746,1610612756,LA Clippers,Phoenix Suns,LAC,PHX,2015-11-02,102.0,96.0
22015,1610612751,1610612749,Brooklyn Nets,Milwaukee Bucks,BKN,MIL,2015-11-02,96.0,103.0
22015,1610612755,1610612739,Philadelphia 76ers,Cleveland Cavaliers,PHI,CLE,2015-11-02,100.0,107.0
22015,1610612752,1610612759,New York Knicks,San Antonio Spurs,NYK,SAS,2015-11-02,84.0,94.0
22015,1610612748,1610612737,Miami Heat,Atlanta Hawks,MIA,ATL,2015-11-03,92.0,98.0
22015,1610612747,1610612743,Los Angeles Lakers,Denver Nuggets,LAL,DEN,2015-11-03,109.0,120.0
22015,1610612742,1610612761,Dallas Mavericks,Toronto Raptors,DAL,TOR,2015-11-03,91.0,102.0
22015,1610612740,1610612753,New Orleans Pelicans,Orlando Magic,NOP,ORL,2015-11-03,94.0,103.0
22015,1610612766,1610612741,Charlotte Hornets,Chicago Bulls,CHA,CHI,2015-11-03,130.0,105.0
22015,1610612758,1610612763,Sacramento Kings,Memphis Grizzlies,SAC,MEM,2015-11-03,89.0,103.0
22015,1610612765,1610612754,Detroit Pistons,Indiana Pacers,DET,IND,2015-11-03,82.0,94.0
22015,1610612737,1610612751,Atlanta Hawks,Brooklyn Nets,ATL,BKN,2015-11-04,101.0,87.0
22015,1610612754,1610612738,Indiana Pacers,Boston Celtics,IND,BOS,2015-11-04,100.0,98.0
22015,1610612745,1610612753,Houston Rockets,Orlando Magic,HOU,ORL,2015-11-04,119.0,114.0
22015,1610612739,1610612752,Cleveland Cavaliers,New York Knicks,CLE,NYK,2015-11-04,96.0,86.0
22015,1610612760,1610612761,Oklahoma City Thunder,Toronto Raptors,OKC,TOR,2015-11-04,98.0,103.0
22015,1610612764,1610612759,Washington Wizards,San Antonio Spurs,WAS,SAS,2015-11-04,102.0,99.0
22015,1610612762,1610612757,Utah Jazz,Portland Trail Blazers,UTA,POR,2015-11-04,92.0,108.0
22015,1610612744,1610612746,Golden State Warriors,LA Clippers,GSW,LAC,2015-11-04,112.0,108.0
22015,1610612749,1610612755,Milwaukee Bucks,Philadelphia 76ers,MIL,PHI,2015-11-04,91.0,87.0
22015,1610612756,1610612758,Phoenix Suns,Sacramento Kings,PHX,SAC,2015-11-04,118.0,97.0
22015,1610612741,1610612760,Chicago Bulls,Oklahoma City Thunder,CHI,OKC,2015-11-05,104.0,98.0
22015,1610612743,1610612762,Denver Nuggets,Utah Jazz,DEN,UTA,2015-11-05,84.0,96.0
22015,1610612750,1610612748,Minnesota Timberwolves,Miami Heat,MIN,MIA,2015-11-05,84.0,96.0
22015,1610612757,1610612763,Portland Trail Blazers,Memphis Grizzlies,POR,MEM,2015-11-05,115.0,96.0
22015,1610612742,1610612766,Dallas Mavericks,Charlotte Hornets,DAL,CHA,2015-11-05,94.0,108.0
22015,1610612739,1610612755,Cleveland Cavaliers,Philadelphia 76ers,CLE,PHI,2015-11-06,108.0,102.0
22015,1610612753,1610612761,Orlando Magic,Toronto Raptors,ORL,TOR,2015-11-06,92.0,87.0
22015,1610612738,1610612764,Boston Celtics,Washington Wizards,BOS,WAS,2015-11-06,118.0,98.0
22015,1610612740,1610612737,New Orleans Pelicans,Atlanta Hawks,NOP,ATL,2015-11-06,115.0,121.0
22015,1610612751,1610612747,Brooklyn Nets,Los Angeles Lakers,BKN,LAL,2015-11-06,98.0,104.0
22015,1610612744,1610612743,Golden State Warriors,Denver Nuggets,GSW,DEN,2015-11-06,119.0,104.0
22015,1610612754,1610612748,Indiana Pacers,Miami Heat,IND,MIA,2015-11-06,90.0,87.0
22015,1610612758,1610612745,Sacramento Kings,Houston Rockets,SAC,HOU,2015-11-06,110.0,116.0
22015,1610612752,1610612749,New York Knicks,Milwaukee Bucks,NYK,MIL,2015-11-06,92.0,99.0
22015,1610612756,1610612765,Phoenix Suns,Detroit Pistons,PHX,DET,2015-11-06,92.0,100.0
22015,1610612762,1610612763,Utah Jazz,Memphis Grizzlies,UTA,MEM,2015-11-07,89.0,79.0
22015,1610612759,1610612766,San Antonio Spurs,Charlotte Hornets,SAS,CHA,2015-11-07,114.0,94.0
22015,1610612746,1610612745,LA Clippers,Houston Rockets,LAC,HOU,2015-11-07,105.0,109.0
22015,1610612758,1610612744,Sacramento Kings,Golden State Warriors,SAC,GSW,2015-11-07,94.0,103.0
22015,1610612755,1610612753,Philadelphia 76ers,Orlando Magic,PHI,ORL,2015-11-07,97.0,105.0
22015,1610612749,1610612751,Milwaukee Bucks,Brooklyn Nets,MIL,BKN,2015-11-07,94.0,86.0
22015,1610612742,1610612740,Dallas Mavericks,New Orleans Pelicans,DAL,NOP,2015-11-07,107.0,98.0
22015,1610612741,1610612750,Chicago Bulls,Minnesota Timberwolves,CHI,MIN,2015-11-07,93.0,102.0
22015,1610612737,1610612764,Atlanta Hawks,Washington Wizards,ATL,WAS,2015-11-07,114.0,99.0
22015,1610612752,1610612747,New York Knicks,Los Angeles Lakers,NYK,LAL,2015-11-08,99.0,95.0
22015,1610612748,1610612761,Miami Heat,Toronto Raptors,MIA,TOR,2015-11-08,96.0,76.0
22015,1610612760,1610612756,Oklahoma City Thunder,Phoenix Suns,OKC,PHX,2015-11-08,124.0,103.0
22015,1610612739,1610612754,Cleveland Cavaliers,Indiana Pacers,CLE,IND,2015-11-08,101.0,97.0
22015,1610612757,1610612765,Portland Trail Blazers,Detroit Pistons,POR,DET,2015-11-08,103.0,120.0
22015,1610612746,1610612763,LA Clippers,Memphis Grizzlies,LAC,MEM,2015-11-09,94.0,92.0
22015,1610612755,1610612741,Philadelphia 76ers,Chicago Bulls,PHI,CHI,2015-11-09,88.0,111.0
22015,1610612754,1610612753,Indiana Pacers,Orlando Magic,IND,ORL,2015-11-09,97.0,84.0
22015,1610612758,1610612759,Sacramento Kings,San Antonio Spurs,SAC,SAS,2015-11-09,88.0,106.0
22015,1610612743,1610612757,Denver Nuggets,Portland Trail Blazers,DEN,POR,2015-11-09,108.0,104.0
22015,1610612737,1610612750,Atlanta Hawks,Minnesota Timberwolves,ATL,MIN,2015-11-09,107.0,117.0
22015,1610612744,1610612765,Golden State Warriors,Detroit Pistons,GSW,DET,2015-11-09,109.0,95.0
22015,1610612740,1610612742,New Orleans Pelicans,Dallas Mavericks,NOP,DAL,2015-11-10,120.0,105.0
22015,1610612764,1610612760,Washington Wizards,Oklahoma City Thunder,WAS,OKC,2015-11-10,101.0,125.0
22015,1610612739,1610612762,Cleveland Cavaliers,Utah Jazz,CLE,UTA,2015-11-10,118.0,114.0
22015,1610612750,1610612766,Minnesota Timberwolves,Charlotte Hornets,MIN,CHA,2015-11-10,95.0,104.0
22015,1610612748,1610612747,Miami Heat,Los Angeles Lakers,MIA,LAL,2015-11-10,101.0,88.0
22015,1610612761,1610612752,Toronto Raptors,New York Knicks,TOR,NYK,2015-11-10,109.0,111.0
22015,1610612749,1610612738,Milwaukee Bucks,Boston Celtics,MIL,BOS,2015-11-10,83.0,99.0
22015,1610612738,1610612754,Boston Celtics,Indiana Pacers,BOS,IND,2015-11-11,91.0,102.0
22015,1610612737,1610612740,Atlanta Hawks,New Orleans Pelicans,ATL,NOP,2015-11-11,106.0,98.0
22015,1610612742,1610612746,Dallas Mavericks,LA Clippers,DAL,LAC,2015-11-11,118.0,108.0
22015,1610612745,1610612751,Houston Rockets,Brooklyn Nets,HOU,BKN,2015-11-11,98.0,106.0
22015,1610612753,1610612747,Orlando Magic,Los Angeles Lakers,ORL,LAL,2015-11-11,101.0,99.0
22015,1610612757,1610612759,Portland Trail Blazers,San Antonio Spurs,POR,SAS,2015-11-11,101.0,113.0
22015,1610612763,1610612744,Memphis Grizzlies,Golden State Warriors,MEM,GSW,2015-11-11,84.0,100.0
22015,1610612766,1610612752,Charlotte Hornets,New York Knicks,CHA,NYK,2015-11-11,95.0,93.0
22015,1610612758,1610612765,Sacramento Kings,Detroit Pistons,SAC,DET,2015-11-11,101.0,92.0
22015,1610612755,1610612761,Philadelphia 76ers,Toronto Raptors,PHI,TOR,2015-11-11,103.0,119.0
22015,1610612743,1610612749,Denver Nuggets,Milwaukee Bucks,DEN,MIL,2015-11-11,103.0,102.0
22015,1610612750,1610612744,Minnesota Timberwolves,Golden State Warriors,MIN,GSW,2015-11-12,116.0,129.0
22015,1610612748,1610612762,Miami Heat,Utah Jazz,MIA,UTA,2015-11-12,92.0,91.0
22015,1610612756,1610612746,Phoenix Suns,LA Clippers,PHX,LAC,2015-11-12,118.0,104.0
22015,1610612760,1610612755,Oklahoma City Thunder,Philadelphia 76ers,OKC,PHI,2015-11-13,102.0,85.0
22015,1610612741,1610612766,Chicago Bulls,Charlotte Hornets,CHI,CHA,2015-11-13,102.0,97.0
22015,1610612743,1610612745,Denver Nuggets,Houston Rockets,DEN,HOU,2015-11-13,107.0,98.0
22015,1610612742,1610612747,Dallas Mavericks,Los Angeles Lakers,DAL,LAL,2015-11-13,90.0,82.0
22015,1610612752,1610612739,New York Knicks,Cleveland Cavaliers,NYK,CLE,2015-11-13,84.0,90.0
22015,1610612763,1610612757,Memphis Grizzlies,Portland Trail Blazers,MEM,POR,2015-11-13,101.0,100.0
22015,1610612738,1610612737,Boston Celtics,Atlanta Hawks,BOS,ATL,2015-11-13,106.0,93.0
22015,1610612753,1610612762,Orlando Magic,Utah Jazz,ORL,UTA,2015-11-13,102.0,93.0
22015,1610612754,1610612750,Indiana Pacers,Minnesota Timberwolves,IND,MIN,2015-11-13,107.0,103.0
22015,1610612758,1610612751,Sacramento Kings,Brooklyn Nets,SAC,BKN,2015-11-13,111.0,109.0
22015,1610612761,1610612740,Toronto Raptors,New Orleans Pelicans,TOR,NOP,2015-11-13,100.0,81.0
22015,1610612749,1610612739,Milwaukee Bucks,Cleveland Cavaliers,MIL,CLE,2015-11-14,108.0,105.0
22015,1610612764,1610612753,Washington Wizards,Orlando Magic,WAS,ORL,2015-11-14,108.0,99.0
22015,1610612745,1610612742,Houston Rockets,Dallas Mavericks,HOU,DAL,2015-11-14,98.0,110.0
22015,1610612759,1610612755,San Antonio Spurs,Philadelphia 76ers,SAS,PHI,2015-11-14,92.0,83.0
22015,1610612746,1610612765,LA Clippers,Detroit Pistons,LAC,DET,2015-11-14,101.0,96.0
22015,1610612744,1610612751,Golden State Warriors,Brooklyn Nets,GSW,BKN,2015-11-14,107.0,99.0
22015,1610612756,1610612743,Phoenix Suns,Denver Nuggets,PHX,DEN,2015-11-14,105.0,81.0
22015,1610612758,1610612761,Sacramento Kings,Toronto Raptors,SAC,TOR,2015-11-15,107.0,101.0
22015,1610612752,1610612740,New York Knicks,New Orleans Pelicans,NYK,NOP,2015-11-15,95.0,87.0
22015,1610612766,1610612757,Charlotte Hornets,Portland Trail Blazers,CHA,POR,2015-11-15,106.0,94.0
22015,1610612750,1610612763,Minnesota Timberwolves,Memphis Grizzlies,MIN,MEM,2015-11-15,106.0,114.0
22015,1610612737,1610612762,Atlanta Hawks,Utah Jazz,ATL,UTA,2015-11-15,96.0,97.0
22015,1610612747,1610612765,Los Angeles Lakers,Detroit Pistons,LAL,DET,2015-11-15,97.0,85.0
22015,1610612760,1610612738,Oklahoma City Thunder,Boston Celtics,OKC,BOS,2015-11-15,85.0,100.0
22015,1610612741,1610612754,Chicago Bulls,Indiana Pacers,CHI,IND,2015-11-16,96.0,95.0
22015,1610612759,1610612757,San Antonio Spurs,Portland Trail Blazers,SAS,POR,2015-11-16,93.0,80.0
22015,1610612755,1610612742,Philadelphia 76ers,Dallas Mavericks,PHI,DAL,2015-11-16,86.0,92.0
22015,1610612763,1610612760,Memphis Grizzlies,Oklahoma City Thunder,MEM,OKC,2015-11-16,122.0,114.0
22015,1610612745,1610612738,Houston Rockets,Boston Celtics,HOU,BOS,2015-11-16,95.0,111.0
22015,1610612756,1610612747,Phoenix Suns,Los Angeles Lakers,PHX,LAL,2015-11-16,120.0,101.0
22015,1610612751,1610612737,Brooklyn Nets,Atlanta Hawks,BKN,ATL,2015-11-17,90.0,88.0
22015,1610612764,1610612749,Washington Wizards,Milwaukee Bucks,WAS,MIL,2015-11-17,115.0,86.0
22015,1610612740,1610612743,New Orleans Pelicans,Denver Nuggets,NOP,DEN,2015-11-17,98.0,115.0
22015,1610612752,1610612766,New York Knicks,Charlotte Hornets,NYK,CHA,2015-11-17,102.0,94.0
22015,1610612748,1610612750,Miami Heat,Minnesota Timberwolves,MIA,MIN,2015-11-17,91.0,103.0
22015,1610612744,1610612761,Golden State Warriors,Toronto Raptors,GSW,TOR,2015-11-17,115.0,110.0
22015,1610612765,1610612739,Detroit Pistons,Cleveland Cavaliers,DET,CLE,2015-11-17,104.0,99.0
22015,1610612759,1610612743,San Antonio Spurs,Denver Nuggets,SAS,DEN,2015-11-18,109.0,98.0
22015,1610612753,1610612750,Orlando Magic,Minnesota Timberwolves,ORL,MIN,2015-11-18,104.0,101.0
22015,1610612766,1610612751,Charlotte Hornets,Brooklyn Nets,CHA,BKN,2015-11-18,116.0,111.0
22015,1610612756,1610612741,Phoenix Suns,Chicago Bulls,PHX,CHI,2015-11-18,97.0,103.0
22015,1610612762,1610612761,Utah Jazz,Toronto Raptors,UTA,TOR,2015-11-18,93.0,89.0
22015,1610612760,1610612740,Oklahoma City Thunder,New Orleans Pelicans,OKC,NOP,2015-11-18,110.0,103.0
22015,1610612745,1610612757,Houston Rockets,Portland Trail Blazers,HOU,POR,2015-11-18,108.0,103.0
22015,1610612755,1610612754,Philadelphia 76ers,Indiana Pacers,PHI,IND,2015-11-18,85.0,112.0
22015,1610612737,1610612758,Atlanta Hawks,Sacramento Kings,ATL,SAC,2015-11-18,103.0,97.0
22015,1610612738,1610612742,Boston Celtics,Dallas Mavericks,BOS,DAL,2015-11-18,102.0,106.0
22015,1610612746,1610612744,LA Clippers,Golden State Warriors,LAC,GSW,2015-11-19,117.0,124.0
22015,1610612739,1610612749,Cleveland Cavaliers,Milwaukee Bucks,CLE,MIL,2015-11-19,115.0,100.0
22015,1610612748,1610612758,Miami Heat,Sacramento Kings,MIA,SAC,2015-11-19,116.0,109.0
22015,1610612738,1610612751,Boston Celtics,Brooklyn Nets,BOS,BKN,2015-11-20,120.0,95.0
22015,1610612744,1610612741,Golden State Warriors,Chicago Bulls,GSW,CHI,2015-11-20,106.0,94.0
22015,1610612757,1610612746,Portland Trail Blazers,LA Clippers,POR,LAC,2015-11-20,102.0,91.0
22015,1610612763,1610612745,Memphis Grizzlies,Houston Rockets,MEM,HOU,2015-11-20,96.0,84.0
22015,1610612742,1610612762,Dallas Mavericks,Utah Jazz,DAL,UTA,2015-11-20,102.0,93.0
22015,1610612766,1610612755,Charlotte Hornets,Philadelphia 76ers,CHA,PHI,2015-11-20,113.0,88.0
22015,1610612760,1610612752,Oklahoma City Thunder,New York Knicks,OKC,NYK,2015-11-20,90.0,93.0
22015,1610612750,1610612765,Minnesota Timberwolves,Detroit Pistons,MIN,DET,2015-11-20,86.0,96.0
22015,1610612740,1610612759,New Orleans Pelicans,San Antonio Spurs,NOP,SAS,2015-11-20,104.0,90.0
22015,1610612743,1610612756,Denver Nuggets,Phoenix Suns,DEN,PHX,2015-11-20,107.0,114.0
22015,1610612747,1610612761,Los Angeles Lakers,Toronto Raptors,LAL,TOR,2015-11-20,91.0,102.0
22015,1610612754,1610612749,Indiana Pacers,Milwaukee Bucks,IND,MIL,2015-11-21,123.0,86.0
22015,1610612765,1610612764,Detroit Pistons,Washington Wizards,DET,WAS,2015-11-21,95.0,97.0
22015,1610612753,1610612758,Orlando Magic,Sacramento Kings,ORL,SAC,2015-11-21,91.0,97.0
22015,1610612759,1610612763,San Antonio Spurs,Memphis Grizzlies,SAS,MEM,2015-11-21,92.0,82.0
22015,1610612739,1610612737,Cleveland Cavaliers,Atlanta Hawks,CLE,ATL,2015-11-21,109.0,97.0
22015,1610612748,1610612755,Miami Heat,Philadelphia 76ers,MIA,PHI,2015-11-21,96.0,91.0
22015,1610612745,1610612752,Houston Rockets,New York Knicks,HOU,NYK,2015-11-21,102.0,107.0
22015,1610612751,1610612738,Brooklyn Nets,Boston Celtics,BKN,BOS,2015-11-22,111.0,101.0
22015,1610612743,1610612744,Denver Nuggets,Golden State Warriors,DEN,GSW,2015-11-22,105.0,118.0
22015,1610612760,1610612742,Oklahoma City Thunder,Dallas Mavericks,OKC,DAL,2015-11-22,117.0,114.0
22015,1610612747,1610612757,Los Angeles Lakers,Portland Trail Blazers,LAL,POR,2015-11-22,93.0,107.0
22015,1610612740,1610612756,New Orleans Pelicans,Phoenix Suns,NOP,PHX,2015-11-22,122.0,116.0
22015,1610612746,1610612761,LA Clippers,Toronto Raptors,LAC,TOR,2015-11-22,80.0,91.0
22015,1610612750,1610612755,Minnesota Timberwolves,Philadelphia 76ers,MIN,PHI,2015-11-23,100.0,95.0
22015,1610612762,1610612760,Utah Jazz,Oklahoma City Thunder,UTA,OKC,2015-11-23,89.0,111.0
22015,1610612739,1610612753,Cleveland Cavaliers,Orlando Magic,CLE,ORL,2015-11-23,117.0,103.0
22015,1610612766,1610612758,Charlotte Hornets,Sacramento Kings,CHA,SAC,2015-11-23,127.0,122.0
22015,1610612748,1610612752,Miami Heat,New York Knicks,MIA,NYK,2015-11-23,95.0,78.0
22015,1610612759,1610612756,San Antonio Spurs,Phoenix Suns,SAS,PHX,2015-11-23,98.0,84.0
22015,1610612749,1610612765,Milwaukee Bucks,Detroit Pistons,MIL,DET,2015-11-23,109.0,88.0
22015,1610612763,1610612742,Memphis Grizzlies,Dallas Mavericks,MEM,DAL,2015-11-24,110.0,96.0
22015,1610612757,1610612741,Portland Trail Blazers,Chicago Bulls,POR,CHI,2015-11-24,88.0,93.0
22015,1610612743,1610612746,Denver Nuggets,LA Clippers,DEN,LAC,2015-11-24,94.0,111.0
22015,1610612764,1610612754,Washington Wizards,Indiana Pacers,WAS,IND,2015-11-24,106.0,123.0
22015,1610612744,1610612747,Golden State Warriors,Los Angeles Lakers,GSW,LAL,2015-11-24,111.0,77.0
22015,1610612737,1610612738,Atlanta Hawks,Boston Celtics,ATL,BOS,2015-11-24,121.0,97.0
22015,1610612749,1610612758,Milwaukee Bucks,Sacramento Kings,MIL,SAC,2015-11-25,118.0,129.0
22015,1610612759,1610612742,San Antonio Spurs,Dallas Mavericks,SAS,DAL,2015-11-25,88.0,83.0
22015,1610612760,1610612751,Oklahoma City Thunder,Brooklyn Nets,OKC,BKN,2015-11-25,110.0,99.0
22015,1610612745,1610612763,Houston Rockets,Memphis Grizzlies,HOU,MEM,2015-11-25,93.0,102.0
22015,1610612738,1610612755,Boston Celtics,Philadelphia 76ers,BOS,PHI,2015-11-25,84.0,80.0
22015,1610612753,1610612752,Orlando Magic,New York Knicks,ORL,NYK,2015-11-25,100.0,91.0
22015,1610612746,1610612762,LA Clippers,Utah Jazz,LAC,UTA,2015-11-25,91.0,102.0
22015,1610612756,1610612740,Phoenix Suns,New Orleans Pelicans,PHX,NOP,2015-11-25,114.0,120.0
22015,1610612766,1610612764,Charlotte Hornets,Washington Wizards,CHA,WAS,2015-11-25,101.0,87.0
22015,1610612765,1610612748,Detroit Pistons,Miami Heat,DET,MIA,2015-11-25,104.0,81.0
22015,1610612761,1610612739,Toronto Raptors,Cleveland Cavaliers,TOR,CLE,2015-11-25,103.0,99.0
22015,1610612750,1610612737,Minnesota Timberwolves,Atlanta Hawks,MIN,ATL,2015-11-25,99.0,95.0
22015,1610612743,1610612759,Denver Nuggets,San Antonio Spurs,DEN,SAS,2015-11-27,80.0,91.0
22015,1610612746,1610612740,LA Clippers,New Orleans Pelicans,LAC,NOP,2015-11-27,111.0,90.0
22015,1610612756,1610612744,Phoenix Suns,Golden State Warriors,PHX,GSW,2015-11-27,116.0,135.0
22015,1610612752,1610612748,New York Knicks,Miami Heat,NYK,MIA,2015-11-27,78.0,97.0
22015,1610612766,1610612739,Charlotte Hornets,Cleveland Cavaliers,CHA,CLE,2015-11-27,90.0,95.0
22015,1610612745,1610612755,Houston Rockets,Philadelphia 76ers,HOU,PHI,2015-11-27,116.0,114.0
22015,1610612753,1610612749,Orlando Magic,Milwaukee Bucks,ORL,MIL,2015-11-27,114.0,90.0
22015,1610612754,1610612741,Indiana Pacers,Chicago Bulls,IND,CHI,2015-11-27,104.0,92.0
22015,1610612760,1610612765,Oklahoma City Thunder,Detroit Pistons,OKC,DET,2015-11-27,103.0,87.0
22015,1610612758,1610612750,Sacramento Kings,Minnesota Timberwolves,SAC,MIN,2015-11-27,91.0,101.0
22015,1610612738,1610612764,Boston Celtics,Washington Wizards,BOS,WAS,2015-11-27,111.0,78.0
22015,1610612763,1610612737,Memphis Grizzlies,Atlanta Hawks,MEM,ATL,2015-11-27,101.0,116.0
22015,1610612764,1610612761,Washington Wizards,Toronto Raptors,WAS,TOR,2015-11-28,82.0,84.0
22015,1610612762,1610612740,Utah Jazz,New Orleans Pelicans,UTA,NOP,2015-11-28,101.0,87.0
22015,1610612742,1610612743,Dallas Mavericks,Denver Nuggets,DAL,DEN,2015-11-28,92.0,81.0
22015,1610612744,1610612758,Golden State Warriors,Sacramento Kings,GSW,SAC,2015-11-28,120.0,101.0
22015,1610612757,1610612747,Portland Trail Blazers,Los Angeles Lakers,POR,LAL,2015-11-28,108.0,96.0
22015,1610612759,1610612737,San Antonio Spurs,Atlanta Hawks,SAS,ATL,2015-11-28,108.0,88.0
22015,1610612739,1610612751,Cleveland Cavaliers,Brooklyn Nets,CLE,BKN,2015-11-28,90.0,88.0
22015,1610612747,1610612754,Los Angeles Lakers,Indiana Pacers,LAL,IND,2015-11-29,103.0,107.0
22015,1610612761,1610612756,Toronto Raptors,Phoenix Suns,TOR,PHX,2015-11-29,102.0,107.0
22015,1610612752,1610612745,New York Knicks,Houston Rockets,NYK,HOU,2015-11-29,111.0,116.0
22015,1610612763,1610612755,Memphis Grizzlies,Philadelphia 76ers,MEM,PHI,2015-11-29,92.0,84.0
22015,1610612751,1610612765,Brooklyn Nets,Detroit Pistons,BKN,DET,2015-11-29,87.0,83.0
22015,1610612753,1610612738,Orlando Magic,Boston Celtics,ORL,BOS,2015-11-29,110.0,91.0
22015,1610612746,1610612750,LA Clippers,Minnesota Timberwolves,LAC,MIN,2015-11-29,107.0,99.0
22015,1610612766,1610612749,Charlotte Hornets,Milwaukee Bucks,CHA,MIL,2015-11-29,87.0,82.0
22015,1610612746,1610612757,LA Clippers,Portland Trail Blazers,LAC,POR,2015-11-30,102.0,87.0
22015,1610612748,1610612738,Miami Heat,Boston Celtics,MIA,BOS,2015-11-30,95.0,105.0
22015,1610612765,1610612745,Detroit Pistons,Houston Rockets,DET,HOU,2015-11-30,116.0,105.0
22015,1610612737,1610612760,Atlanta Hawks,Oklahoma City Thunder,ATL,OKC,2015-11-30,106.0,100.0
22015,1610612749,1610612743,Milwaukee Bucks,Denver Nuggets,MIL,DEN,2015-11-30,92.0,74.0
22015,1610612762,1610612744,Utah Jazz,Golden State Warriors,UTA,GSW,2015-11-30,103.0,106.0
22015,1610612758,1610612742,Sacramento Kings,Dallas Mavericks,SAC,DAL,2015-11-30,112.0,98.0
22015,1610612741,1610612759,Chicago Bulls,San Antonio Spurs,CHI,SAS,2015-11-30,92.0,89.0
22015,1610612739,1610612764,Cleveland Cavaliers,Washington Wizards,CLE,WAS,2015-12-01,85.0,97.0
22015,1610612751,1610612756,Brooklyn Nets,Phoenix Suns,BKN,PHX,2015-12-01,94.0,91.0
22015,1610612740,1610612763,New Orleans Pelicans,Memphis Grizzlies,NOP,MEM,2015-12-01,104.0,113.0
22015,1610612755,1610612747,Philadelphia 76ers,Los Angeles Lakers,PHI,LAL,2015-12-01,103.0,91.0
22015,1610612750,1610612753,Minnesota Timberwolves,Orlando Magic,MIN,ORL,2015-12-01,93.0,96.0
22015,1610612757,1610612742,Portland Trail Blazers,Dallas Mavericks,POR,DAL,2015-12-01,112.0,115.0
22015,1610612766,1610612744,Charlotte Hornets,Golden State Warriors,CHA,GSW,2015-12-02,99.0,116.0
22015,1610612745,1610612740,Houston Rockets,New Orleans Pelicans,HOU,NOP,2015-12-02,108.0,101.0
22015,1610612741,1610612743,Chicago Bulls,Denver Nuggets,CHI,DEN,2015-12-02,99.0,90.0
22015,1610612752,1610612755,New York Knicks,Philadelphia 76ers,NYK,PHI,2015-12-02,99.0,87.0
22015,1610612764,1610612747,Washington Wizards,Los Angeles Lakers,WAS,LAL,2015-12-02,104.0,108.0
22015,1610612759,1610612749,San Antonio Spurs,Milwaukee Bucks,SAS,MIL,2015-12-02,95.0,70.0
22015,1610612746,1610612754,LA Clippers,Indiana Pacers,LAC,IND,2015-12-02,91.0,103.0
22015,1610612765,1610612756,Detroit Pistons,Phoenix Suns,DET,PHX,2015-12-02,127.0,122.0
22015,1610612737,1610612761,Atlanta Hawks,Toronto Raptors,ATL,TOR,2015-12-02,86.0,96.0
22015,1610612763,1610612759,Memphis Grizzlies,San Antonio Spurs,MEM,SAS,2015-12-03,83.0,103.0
22015,1610612762,1610612753,Utah Jazz,Orlando Magic,UTA,ORL,2015-12-03,94.0,103.0
22015,1610612757,1610612754,Portland Trail Blazers,Indiana Pacers,POR,IND,2015-12-03,123.0,111.0
22015,1610612758,1610612738,Sacramento Kings,Boston Celtics,SAC,BOS,2015-12-03,97.0,114.0
22015,1610612761,1610612743,Toronto Raptors,Denver Nuggets,TOR,DEN,2015-12-03,105.0,106.0
22015,1610612748,1610612760,Miami Heat,Oklahoma City Thunder,MIA,OKC,2015-12-03,97.0,95.0
22015,1610612740,1610612739,New Orleans Pelicans,Cleveland Cavaliers,NOP,CLE,2015-12-04,114.0,108.0
22015,1610612765,1610612749,Detroit Pistons,Milwaukee Bucks,DET,MIL,2015-12-04,102.0,95.0
22015,1610612742,1610612745,Dallas Mavericks,Houston Rockets,DAL,HOU,2015-12-04,96.0,100.0
22015,1610612764,1610612756,Washington Wizards,Phoenix Suns,WAS,PHX,2015-12-04,109.0,106.0
22015,1610612752,1610612751,New York Knicks,Brooklyn Nets,NYK,BKN,2015-12-04,108.0,91.0
22015,1610612737,1610612747,Atlanta Hawks,Los Angeles Lakers,ATL,LAL,2015-12-04,100.0,87.0
22015,1610612761,1610612744,Toronto Raptors,Golden State Warriors,TOR,GSW,2015-12-05,109.0,112.0
22015,1610612748,1610612739,Miami Heat,Cleveland Cavaliers,MIA,CLE,2015-12-05,99.0,84.0
22015,1610612745,1610612758,Houston Rockets,Sacramento Kings,HOU,SAC,2015-12-05,120.0,113.0
22015,1610612750,1610612757,Minnesota Timberwolves,Portland Trail Blazers,MIN,POR,2015-12-05,103.0,109.0
22015,1610612741,1610612766,Chicago Bulls,Charlotte Hornets,CHI,CHA,2015-12-05,96.0,102.0
22015,1610612762,1610612754,Utah Jazz,Indiana Pacers,UTA,IND,2015-12-05,122.0,119.0
22015,1610612749,1610612752,Milwaukee Bucks,New York Knicks,MIL,NYK,2015-12-05,106.0,91.0
22015,1610612755,1610612743,Philadelphia 76ers,Denver Nuggets,PHI,DEN,2015-12-05,105.0,108.0
22015,1610612759,1610612738,San Antonio Spurs,Boston Celtics,SAS,BOS,2015-12-05,108.0,105.0
22015,1610612746,1610612753,LA Clippers,Orlando Magic,LAC,ORL,2015-12-05,103.0,101.0
22015,1610612760,1610612758,Oklahoma City Thunder,Sacramento Kings,OKC,SAC,2015-12-06,98.0,95.0
22015,1610612765,1610612747,Detroit Pistons,Los Angeles Lakers,DET,LAL,2015-12-06,111.0,91.0
22015,1610612763,1610612756,Memphis Grizzlies,Phoenix Suns,MEM,PHX,2015-12-06,95.0,93.0
22015,1610612751,1610612744,Brooklyn Nets,Golden State Warriors,BKN,GSW,2015-12-06,98.0,114.0
22015,1610612764,1610612742,Washington Wizards,Dallas Mavericks,WAS,DAL,2015-12-06,104.0,116.0
22015,1610612750,1610612746,Minnesota Timberwolves,LA Clippers,MIN,LAC,2015-12-07,106.0,110.0
22015,1610612740,1610612738,New Orleans Pelicans,Boston Celtics,NOP,BOS,2015-12-07,93.0,111.0
22015,1610612741,1610612756,Chicago Bulls,Phoenix Suns,CHI,PHX,2015-12-07,101.0,103.0
22015,1610612761,1610612747,Toronto Raptors,Los Angeles Lakers,TOR,LAL,2015-12-07,102.0,93.0
22015,1610612749,1610612757,Milwaukee Bucks,Portland Trail Blazers,MIL,POR,2015-12-07,90.0,88.0
22015,1610612748,1610612764,Miami Heat,Washington Wizards,MIA,WAS,2015-12-07,103.0,114.0
22015,1610612752,1610612742,New York Knicks,Dallas Mavericks,NYK,DAL,2015-12-07,97.0,104.0
22015,1610612766,1610612765,Charlotte Hornets,Detroit Pistons,CHA,DET,2015-12-07,104.0,84.0
22015,1610612755,1610612759,Philadelphia 76ers,San Antonio Spurs,PHI,SAS,2015-12-07,68.0,119.0
22015,1610612739,1610612757,Cleveland Cavaliers,Portland Trail Blazers,CLE,POR,2015-12-08,105.0,100.0
22015,1610612743,1610612753,Denver Nuggets,Orlando Magic,DEN,ORL,2015-12-08,74.0,85.0
22015,1610612754,1610612744,Indiana Pacers,Golden State Warriors,IND,GSW,2015-12-08,123.0,131.0
22015,1610612751,1610612745,Brooklyn Nets,Houston Rockets,BKN,HOU,2015-12-08,110.0,105.0
22015,1610612758,1610612762,Sacramento Kings,Utah Jazz,SAC,UTA,2015-12-08,114.0,106.0
22015,1610612763,1610612760,Memphis Grizzlies,Oklahoma City Thunder,MEM,OKC,2015-12-08,88.0,125.0
22015,1610612765,1610612763,Detroit Pistons,Memphis Grizzlies,DET,MEM,2015-12-09,92.0,93.0
22015,1610612756,1610612753,Phoenix Suns,Orlando Magic,PHX,ORL,2015-12-09,107.0,104.0
22015,1610612738,1610612741,Boston Celtics,Chicago Bulls,BOS,CHI,2015-12-09,105.0,100.0
22015,1610612742,1610612737,Dallas Mavericks,Atlanta Hawks,DAL,ATL,2015-12-09,95.0,98.0
22015,1610612750,1610612747,Minnesota Timberwolves,Los Angeles Lakers,MIN,LAL,2015-12-09,123.0,122.0
22015,1610612761,1610612759,Toronto Raptors,San Antonio Spurs,TOR,SAS,2015-12-09,97.0,94.0
22015,1610612749,1610612746,Milwaukee Bucks,LA Clippers,MIL,LAC,2015-12-09,95.0,109.0
22015,1610612766,1610612748,Charlotte Hornets,Miami Heat,CHA,MIA,2015-12-09,99.0,81.0
22015,1610612762,1610612752,Utah Jazz,New York Knicks,UTA,NYK,2015-12-09,106.0,85.0
22015,1610612764,1610612745,Washington Wizards,Houston Rockets,WAS,HOU,2015-12-09,103.0,109.0
22015,1610612760,1610612737,Oklahoma City Thunder,Atlanta Hawks,OKC,ATL,2015-12-10,107.0,94.0
22015,1610612758,1610612752,Sacramento Kings,New York Knicks,SAC,NYK,2015-12-10,99.0,97.0
22015,1610612741,1610612746,Chicago Bulls,LA Clippers,CHI,LAC,2015-12-10,83.0,80.0
22015,1610612751,1610612755,Brooklyn Nets,Philadelphia 76ers,BKN,PHI,2015-12-10,100.0,91.0
22015,1610612743,1610612750,Denver Nuggets,Minnesota Timberwolves,DEN,MIN,2015-12-11,111.0,108.0
22015,1610612759,1610612747,San Antonio Spurs,Los Angeles Lakers,SAS,LAL,2015-12-11,109.0,87.0
22015,1610612755,1610612765,Philadelphia 76ers,Detroit Pistons,PHI,DET,2015-12-11,95.0,107.0
22015,1610612761,1610612749,Toronto Raptors,Milwaukee Bucks,TOR,MIL,2015-12-11,90.0,83.0
22015,1610612740,1610612764,New Orleans Pelicans,Washington Wizards,NOP,WAS,2015-12-11,107.0,105.0
22015,1610612763,1610612766,Memphis Grizzlies,Charlotte Hornets,MEM,CHA,2015-12-11,99.0,123.0
22015,1610612762,1610612760,Utah Jazz,Oklahoma City Thunder,UTA,OKC,2015-12-11,90.0,94.0
22015,1610612753,1610612739,Orlando Magic,Cleveland Cavaliers,ORL,CLE,2015-12-11,76.0,111.0
22015,1610612756,1610612757,Phoenix Suns,Portland Trail Blazers,PHX,POR,2015-12-11,96.0,106.0
22015,1610612738,1610612744,Boston Celtics,Golden State Warriors,BOS,GSW,2015-12-11,119.0,124.0
22015,1610612754,1610612748,Indiana Pacers,Miami Heat,IND,MIA,2015-12-11,96.0,83.0
22015,1610612766,1610612738,Charlotte Hornets,Boston Celtics,CHA,BOS,2015-12-12,93.0,98.0
22015,1610612741,1610612740,Chicago Bulls,New Orleans Pelicans,CHI,NOP,2015-12-12,98.0,94.0
22015,1610612749,1610612744,Milwaukee Bucks,Golden State Warriors,MIL,GSW,2015-12-12,108.0,95.0
22015,1610612742,1610612764,Dallas Mavericks,Washington Wizards,DAL,WAS,2015-12-12,111.0,114.0
22015,1610612737,1610612759,Atlanta Hawks,San Antonio Spurs,ATL,SAS,2015-12-12,78.0,103.0
22015,1610612765,1610612754,Detroit Pistons,Indiana Pacers,DET,IND,2015-12-12,118.0,96.0
22015,1610612751,1610612746,Brooklyn Nets,LA Clippers,BKN,LAC,2015-12-12,100.0,105.0
22015,1610612757,1610612752,Portland Trail Blazers,New York Knicks,POR,NYK,2015-12-12,110.0,112.0
22015,1610612745,1610612747,Houston Rockets,Los Angeles Lakers,HOU,LAL,2015-12-12,126.0,97.0
22015,1610612761,1610612755,Toronto Raptors,Philadelphia 76ers,TOR,PHI,2015-12-13,96.0,76.0
22015,1610612748,1610612763,Miami Heat,Memphis Grizzlies,MIA,MEM,2015-12-13,100.0,97.0
22015,1610612756,1610612750,Phoenix Suns,Minnesota Timberwolves,PHX,MIN,2015-12-13,108.0,101.0
22015,1610612760,1610612762,Oklahoma City Thunder,Utah Jazz,OKC,UTA,2015-12-13,104.0,98.0
22015,1610612743,1610612745,Denver Nuggets,Houston Rockets,DEN,HOU,2015-12-14,114.0,108.0
22015,1610612759,1610612762,San Antonio Spurs,Utah Jazz,SAS,UTA,2015-12-14,118.0,81.0
22015,1610612741,1610612755,Chicago Bulls,Philadelphia 76ers,CHI,PHI,2015-12-14,115.0,96.0
22015,1610612737,1610612748,Atlanta Hawks,Miami Heat,ATL,MIA,2015-12-14,88.0,100.0
22015,1610612742,1610612756,Dallas Mavericks,Phoenix Suns,DAL,PHX,2015-12-14,104.0,94.0
22015,1610612751,1610612753,Brooklyn Nets,Orlando Magic,BKN,ORL,2015-12-14,82.0,105.0
22015,1610612754,1610612761,Indiana Pacers,Toronto Raptors,IND,TOR,2015-12-14,106.0,90.0
22015,1610612763,1610612764,Memphis Grizzlies,Washington Wizards,MEM,WAS,2015-12-14,112.0,95.0
22015,1610612757,1610612740,Portland Trail Blazers,New Orleans Pelicans,POR,NOP,2015-12-14,105.0,101.0
22015,1610612765,1610612746,Detroit Pistons,LA Clippers,DET,LAC,2015-12-14,103.0,105.0
22015,1610612738,1610612739,Boston Celtics,Cleveland Cavaliers,BOS,CLE,2015-12-15,77.0,89.0
22015,1610612747,1610612749,Los Angeles Lakers,Milwaukee Bucks,LAL,MIL,2015-12-15,113.0,95.0
22015,1610612758,1610612745,Sacramento Kings,Houston Rockets,SAC,HOU,2015-12-15,107.0,97.0
22015,1610612750,1610612743,Minnesota Timberwolves,Denver Nuggets,MIN,DEN,2015-12-15,100.0,112.0
22015,1610612752,1610612750,New York Knicks,Minnesota Timberwolves,NYK,MIN,2015-12-16,107.0,102.0
22015,1610612760,1610612757,Oklahoma City Thunder,Portland Trail Blazers,OKC,POR,2015-12-16,106.0,90.0
22015,1610612762,1610612740,Utah Jazz,New Orleans Pelicans,UTA,NOP,2015-12-16,94.0,104.0
22015,1610612744,1610612756,Golden State Warriors,Phoenix Suns,GSW,PHX,2015-12-16,128.0,103.0
22015,1610612754,1610612742,Indiana Pacers,Dallas Mavericks,IND,DAL,2015-12-16,107.0,81.0
22015,1610612753,1610612766,Orlando Magic,Charlotte Hornets,ORL,CHA,2015-12-16,113.0,98.0
22015,1610612737,1610612755,Atlanta Hawks,Philadelphia 76ers,ATL,PHI,2015-12-16,127.0,106.0
22015,1610612759,1610612764,San Antonio Spurs,Washington Wizards,SAS,WAS,2015-12-16,114.0,95.0
22015,1610612751,1610612748,Brooklyn Nets,Miami Heat,BKN,MIA,2015-12-16,98.0,104.0
22015,1610612765,1610612738,Detroit Pistons,Boston Celtics,DET,BOS,2015-12-16,119.0,116.0
22015,1610612741,1610612763,Chicago Bulls,Memphis Grizzlies,CHI,MEM,2015-12-16,98.0,85.0
22015,1610612746,1610612749,LA Clippers,Milwaukee Bucks,LAC,MIL,2015-12-16,103.0,90.0
22015,1610612739,1610612760,Cleveland Cavaliers,Oklahoma City Thunder,CLE,OKC,2015-12-17,104.0,100.0
22015,1610612747,1610612745,Los Angeles Lakers,Houston Rockets,LAL,HOU,2015-12-17,87.0,107.0
22015,1610612766,1610612761,Charlotte Hornets,Toronto Raptors,CHA,TOR,2015-12-17,109.0,99.0
22015,1610612741,1610612765,Chicago Bulls,Detroit Pistons,CHI,DET,2015-12-18,144.0,147.0
22015,1610612759,1610612746,San Antonio Spurs,LA Clippers,SAS,LAC,2015-12-18,115.0,107.0
22015,1610612750,1610612758,Minnesota Timberwolves,Sacramento Kings,MIN,SAC,2015-12-18,99.0,95.0
22015,1610612762,1610612743,Utah Jazz,Denver Nuggets,UTA,DEN,2015-12-18,97.0,88.0
22015,1610612756,1610612740,Phoenix Suns,New Orleans Pelicans,PHX,NOP,2015-12-18,104.0,88.0
22015,1610612754,1610612751,Indiana Pacers,Brooklyn Nets,IND,BKN,2015-12-18,104.0,97.0
22015,1610612748,1610612761,Miami Heat,Toronto Raptors,MIA,TOR,2015-12-18,94.0,108.0
22015,1610612742,1610612763,Dallas Mavericks,Memphis Grizzlies,DAL,MEM,2015-12-18,97.0,88.0
22015,1610612753,1610612757,Orlando Magic,Portland Trail Blazers,ORL,POR,2015-12-18,102.0,94.0
22015,1610612755,1610612752,Philadelphia 76ers,New York Knicks,PHI,NYK,2015-12-18,97.0,107.0
22015,1610612744,1610612749,Golden State Warriors,Milwaukee Bucks,GSW,MIL,2015-12-18,121.0,112.0
22015,1610612738,1610612737,Boston Celtics,Atlanta Hawks,BOS,ATL,2015-12-18,101.0,109.0
22015,1610612764,1610612766,Washington Wizards,Charlotte Hornets,WAS,CHA,2015-12-19,109.0,101.0
22015,1610612745,1610612746,Houston Rockets,LA Clippers,HOU,LAC,2015-12-19,107.0,97.0
22015,1610612763,1610612754,Memphis Grizzlies,Indiana Pacers,MEM,IND,2015-12-19,96.0,84.0
22015,1610612760,1610612747,Oklahoma City Thunder,Los Angeles Lakers,OKC,LAL,2015-12-19,118.0,78.0
22015,1610612752,1610612741,New York Knicks,Chicago Bulls,NYK,CHI,2015-12-19,107.0,91.0
22015,1610612743,1610612740,Denver Nuggets,New Orleans Pelicans,DEN,NOP,2015-12-20,125.0,130.0
22015,1610612739,1610612755,Cleveland Cavaliers,Philadelphia 76ers,CLE,PHI,2015-12-20,108.0,86.0
22015,1610612751,1610612750,Brooklyn Nets,Minnesota Timberwolves,BKN,MIN,2015-12-20,85.0,100.0
22015,1610612748,1610612757,Miami Heat,Portland Trail Blazers,MIA,POR,2015-12-20,116.0,109.0
22015,1610612753,1610612737,Orlando Magic,Atlanta Hawks,ORL,ATL,2015-12-20,100.0,103.0
22015,1610612761,1610612758,Toronto Raptors,Sacramento Kings,TOR,SAC,2015-12-20,94.0,104.0
22015,1610612756,1610612749,Phoenix Suns,Milwaukee Bucks,PHX,MIL,2015-12-20,95.0,101.0
22015,1610612746,1610612760,LA Clippers,Oklahoma City Thunder,LAC,OKC,2015-12-21,99.0,100.0
22015,1610612759,1610612754,San Antonio Spurs,Indiana Pacers,SAS,IND,2015-12-21,106.0,92.0
22015,1610612762,1610612756,Utah Jazz,Phoenix Suns,UTA,PHX,2015-12-21,110.0,89.0
22015,1610612752,1610612753,New York Knicks,Orlando Magic,NYK,ORL,2015-12-21,99.0,107.0
22015,1610612745,1610612766,Houston Rockets,Charlotte Hornets,HOU,CHA,2015-12-21,102.0,95.0
22015,1610612737,1610612757,Atlanta Hawks,Portland Trail Blazers,ATL,POR,2015-12-21,106.0,97.0
22015,1610612738,1610612750,Boston Celtics,Minnesota Timberwolves,BOS,MIN,2015-12-21,113.0,99.0
22015,1610612741,1610612751,Chicago Bulls,Brooklyn Nets,CHI,BKN,2015-12-21,102.0,105.0
22015,1610612764,1610612758,Washington Wizards,Sacramento Kings,WAS,SAC,2015-12-21,113.0,99.0
22015,1610612761,1610612742,Toronto Raptors,Dallas Mavericks,TOR,DAL,2015-12-22,103.0,99.0
22015,1610612748,1610612765,Miami Heat,Detroit Pistons,MIA,DET,2015-12-22,92.0,93.0
22015,1610612755,1610612763,Philadelphia 76ers,Memphis Grizzlies,PHI,MEM,2015-12-22,90.0,104.0
22015,1610612743,1610612747,Denver Nuggets,Los Angeles Lakers,DEN,LAL,2015-12-22,107.0,111.0
22015,1610612739,1610612752,Cleveland Cavaliers,New York Knicks,CLE,NYK,2015-12-23,91.0,84.0
22015,1610612747,1610612760,Los Angeles Lakers,Oklahoma City Thunder,LAL,OKC,2015-12-23,85.0,120.0
22015,1610612764,1610612763,Washington Wizards,Memphis Grizzlies,WAS,MEM,2015-12-23,100.0,91.0
22015,1610612737,1610612765,Atlanta Hawks,Detroit Pistons,ATL,DET,2015-12-23,107.0,100.0
22015,1610612753,1610612745,Orlando Magic,Houston Rockets,ORL,HOU,2015-12-23,104.0,101.0
22015,1610612740,1610612757,New Orleans Pelicans,Portland Trail Blazers,NOP,POR,2015-12-23,115.0,89.0
22015,1610612751,1610612742,Brooklyn Nets,Dallas Mavericks,BKN,DAL,2015-12-23,118.0,119.0
22015,1610612754,1610612758,Indiana Pacers,Sacramento Kings,IND,SAC,2015-12-23,106.0,108.0
22015,1610612744,1610612762,Golden State Warriors,Utah Jazz,GSW,UTA,2015-12-23,103.0,85.0
22015,1610612756,1610612743,Phoenix Suns,Denver Nuggets,PHX,DEN,2015-12-23,96.0,104.0
22015,1610612766,1610612738,Charlotte Hornets,Boston Celtics,CHA,BOS,2015-12-23,89.0,102.0
22015,1610612749,1610612755,Milwaukee Bucks,Philadelphia 76ers,MIL,PHI,2015-12-23,113.0,100.0
22015,1610612750,1610612759,Minnesota Timberwolves,San Antonio Spurs,MIN,SAS,2015-12-23,83.0,108.0
22015,1610612744,1610612739,Golden State Warriors,Cleveland Cavaliers,GSW,CLE,2015-12-25,89.0,83.0
22015,1610612745,1610612759,Houston Rockets,San Antonio Spurs,HOU,SAS,2015-12-25,88.0,84.0
22015,1610612747,1610612746,Los Angeles Lakers,LA Clippers,LAL,LAC,2015-12-25,84.0,94.0
22015,1610612748,1610612740,Miami Heat,New Orleans Pelicans,MIA,NOP,2015-12-25,94.0,88.0
22015,1610612760,1610612741,Oklahoma City Thunder,Chicago Bulls,OKC,CHI,2015-12-25,96.0,105.0
22015,1610612766,1610612763,Charlotte Hornets,Memphis Grizzlies,CHA,MEM,2015-12-26,98.0,92.0
22015,1610612762,1610612746,Utah Jazz,LA Clippers,UTA,LAC,2015-12-26,104.0,109.0
22015,1610612765,1610612738,Detroit Pistons,Boston Celtics,DET,BOS,2015-12-26,93.0,99.0
22015,1610612759,1610612743,San Antonio Spurs,Denver Nuggets,SAS,DEN,2015-12-26,101.0,86.0
22015,1610612742,1610612741,Dallas Mavericks,Chicago Bulls,DAL,CHI,2015-12-26,118.0,111.0
22015,1610612750,1610612754,Minnesota Timberwolves,Indiana Pacers,MIN,IND,2015-12-26,88.0,102.0
22015,1610612737,1610612752,Atlanta Hawks,New York Knicks,ATL,NYK,2015-12-26,117.0,98.0
22015,1610612749,1610612761,Milwaukee Bucks,Toronto Raptors,MIL,TOR,2015-12-26,90.0,111.0
22015,1610612753,1610612748,Orlando Magic,Miami Heat,ORL,MIA,2015-12-26,101.0,108.0
22015,1610612751,1610612764,Brooklyn Nets,Washington Wizards,BKN,WAS,2015-12-26,96.0,111.0
22015,1610612756,1610612755,Phoenix Suns,Philadelphia 76ers,PHX,PHI,2015-12-26,104.0,111.0
22015,1610612740,1610612745,New Orleans Pelicans,Houston Rockets,NOP,HOU,2015-12-26,110.0,108.0
22015,1610612757,1610612739,Portland Trail Blazers,Cleveland Cavaliers,POR,CLE,2015-12-26,105.0,76.0
22015,1610612760,1610612743,Oklahoma City Thunder,Denver Nuggets,OKC,DEN,2015-12-27,122.0,112.0
22015,1610612758,1610612757,Sacramento Kings,Portland Trail Blazers,SAC,POR,2015-12-27,94.0,98.0
22015,1610612763,1610612747,Memphis Grizzlies,Los Angeles Lakers,MEM,LAL,2015-12-27,112.0,96.0
22015,1610612738,1610612752,Boston Celtics,New York Knicks,BOS,NYK,2015-12-27,100.0,91.0
22015,1610612764,1610612746,Washington Wizards,LA Clippers,WAS,LAC,2015-12-28,91.0,108.0
22015,1610612766,1610612747,Charlotte Hornets,Los Angeles Lakers,CHA,LAL,2015-12-28,108.0,98.0
22015,1610612762,1610612755,Utah Jazz,Philadelphia 76ers,UTA,PHI,2015-12-28,95.0,91.0
22015,1610612756,1610612739,Phoenix Suns,Cleveland Cavaliers,PHX,CLE,2015-12-28,97.0,101.0
22015,1610612744,1610612758,Golden State Warriors,Sacramento Kings,GSW,SAC,2015-12-28,122.0,103.0
22015,1610612753,1610612740,Orlando Magic,New Orleans Pelicans,ORL,NOP,2015-12-28,104.0,89.0
22015,1610612741,1610612761,Chicago Bulls,Toronto Raptors,CHI,TOR,2015-12-28,104.0,97.0
22015,1610612754,1610612737,Indiana Pacers,Atlanta Hawks,IND,ATL,2015-12-28,93.0,87.0
22015,1610612748,1610612751,Miami Heat,Brooklyn Nets,MIA,BKN,2015-12-28,105.0,111.0
22015,1610612742,1610612749,Dallas Mavericks,Milwaukee Bucks,DAL,MIL,2015-12-28,103.0,93.0
22015,1610612759,1610612750,San Antonio Spurs,Minnesota Timberwolves,SAS,MIN,2015-12-28,101.0,95.0
22015,1610612760,1610612749,Oklahoma City Thunder,Milwaukee Bucks,OKC,MIL,2015-12-29,131.0,123.0
22015,1610612763,1610612748,Memphis Grizzlies,Miami Heat,MEM,MIA,2015-12-29,99.0,90.0
22015,1610612752,1610612765,New York Knicks,Detroit Pistons,NYK,DET,2015-12-29,108.0,96.0
22015,1610612743,1610612739,Denver Nuggets,Cleveland Cavaliers,DEN,CLE,2015-12-29,87.0,93.0
22015,1610612745,1610612737,Houston Rockets,Atlanta Hawks,HOU,ATL,2015-12-29,115.0,121.0
22015,1610612741,1610612754,Chicago Bulls,Indiana Pacers,CHI,IND,2015-12-30,102.0,100.0
22015,1610612742,1610612744,Dallas Mavericks,Golden State Warriors,DAL,GSW,2015-12-30,114.0,91.0
22015,1610612750,1610612762,Minnesota Timberwolves,Utah Jazz,MIN,UTA,2015-12-30,94.0,80.0
22015,1610612757,1610612743,Portland Trail Blazers,Denver Nuggets,POR,DEN,2015-12-30,110.0,103.0
22015,1610612753,1610612751,Orlando Magic,Brooklyn Nets,ORL,BKN,2015-12-30,100.0,93.0
22015,1610612766,1610612746,Charlotte Hornets,LA Clippers,CHA,LAC,2015-12-30,117.0,122.0
22015,1610612761,1610612764,Toronto Raptors,Washington Wizards,TOR,WAS,2015-12-30,94.0,91.0
22015,1610612738,1610612747,Boston Celtics,Los Angeles Lakers,BOS,LAL,2015-12-30,104.0,112.0
22015,1610612759,1610612756,San Antonio Spurs,Phoenix Suns,SAS,PHX,2015-12-30,112.0,79.0
22015,1610612758,1610612755,Sacramento Kings,Philadelphia 76ers,SAC,PHI,2015-12-30,105.0,110.0
22015,1610612745,1610612744,Houston Rockets,Golden State Warriors,HOU,GSW,2015-12-31,110.0,114.0
22015,1610612754,1610612749,Indiana Pacers,Milwaukee Bucks,IND,MIL,2015-12-31,116.0,120.0
22015,1610612762,1610612757,Utah Jazz,Portland Trail Blazers,UTA,POR,2015-12-31,109.0,96.0
22015,1610612740,1610612746,New Orleans Pelicans,LA Clippers,NOP,LAC,2015-12-31,89.0,95.0
22015,1610612760,1610612756,Oklahoma City Thunder,Phoenix Suns,OKC,PHX,2015-12-31,110.0,106.0
22015,1610612765,1610612750,Detroit Pistons,Minnesota Timberwolves,DET,MIN,2015-12-31,115.0,90.0
22015,1610612741,1610612752,Chicago Bulls,New York Knicks,CHI,NYK,2016-01-01,108.0,81.0
22015,1610612761,1610612766,Toronto Raptors,Charlotte Hornets,TOR,CHA,2016-01-01,104.0,94.0
22015,1610612748,1610612742,Miami Heat,Dallas Mavericks,MIA,DAL,2016-01-01,106.0,82.0
22015,1610612747,1610612755,Los Angeles Lakers,Philadelphia 76ers,LAL,PHI,2016-01-01,93.0,84.0
22015,1610612764,1610612753,Washington Wizards,Orlando Magic,WAS,ORL,2016-01-01,103.0,91.0
22015,1610612750,1610612749,Minnesota Timberwolves,Milwaukee Bucks,MIN,MIL,2016-01-02,85.0,95.0
22015,1610612738,1610612751,Boston Celtics,Brooklyn Nets,BOS,BKN,2016-01-02,97.0,100.0
22015,1610612759,1610612745,San Antonio Spurs,Houston Rockets,SAS,HOU,2016-01-02,121.0,103.0
22015,1610612766,1610612760,Charlotte Hornets,Oklahoma City Thunder,CHA,OKC,2016-01-02,90.0,109.0
22015,1610612746,1610612755,LA Clippers,Philadelphia 76ers,LAC,PHI,2016-01-02,130.0,99.0
22015,1610612739,1610612753,Cleveland Cavaliers,Orlando Magic,CLE,ORL,2016-01-02,104.0,79.0
22015,1610612762,1610612763,Utah Jazz,Memphis Grizzlies,UTA,MEM,2016-01-02,92.0,87.0
22015,1610612742,1610612740,Dallas Mavericks,New Orleans Pelicans,DAL,NOP,2016-01-02,98.0,105.0
22015,1610612744,1610612743,Golden State Warriors,Denver Nuggets,GSW,DEN,2016-01-02,111.0,108.0
22015,1610612758,1610612756,Sacramento Kings,Phoenix Suns,SAC,PHX,2016-01-02,142.0,119.0
22015,1610612754,1610612765,Indiana Pacers,Detroit Pistons,IND,DET,2016-01-02,94.0,82.0
22015,1610612743,1610612757,Denver Nuggets,Portland Trail Blazers,DEN,POR,2016-01-03,106.0,112.0
22015,1610612752,1610612737,New York Knicks,Atlanta Hawks,NYK,ATL,2016-01-03,111.0,97.0
22015,1610612761,1610612741,Toronto Raptors,Chicago Bulls,TOR,CHI,2016-01-03,113.0,115.0
22015,1610612764,1610612748,Washington Wizards,Miami Heat,WAS,MIA,2016-01-03,75.0,97.0
22015,1610612747,1610612756,Los Angeles Lakers,Phoenix Suns,LAL,PHX,2016-01-03,97.0,77.0
22015,1610612762,1610612745,Utah Jazz,Houston Rockets,UTA,HOU,2016-01-04,91.0,93.0
22015,1610612751,1610612738,Brooklyn Nets,Boston Celtics,BKN,BOS,2016-01-04,94.0,103.0
22015,1610612749,1610612759,Milwaukee Bucks,San Antonio Spurs,MIL,SAS,2016-01-04,98.0,123.0
22015,1610612748,1610612754,Miami Heat,Indiana Pacers,MIA,IND,2016-01-04,103.0,100.0
22015,1610612760,1610612758,Oklahoma City Thunder,Sacramento Kings,OKC,SAC,2016-01-04,104.0,116.0
22015,1610612739,1610612761,Cleveland Cavaliers,Toronto Raptors,CLE,TOR,2016-01-04,122.0,100.0
22015,1610612757,1610612763,Portland Trail Blazers,Memphis Grizzlies,POR,MEM,2016-01-04,78.0,91.0
22015,1610612765,1610612753,Detroit Pistons,Orlando Magic,DET,ORL,2016-01-04,115.0,89.0
22015,1610612755,1610612750,Philadelphia 76ers,Minnesota Timberwolves,PHI,MIN,2016-01-04,109.0,99.0
22015,1610612744,1610612766,Golden State Warriors,Charlotte Hornets,GSW,CHA,2016-01-04,111.0,101.0
22015,1610612742,1610612758,Dallas Mavericks,Sacramento Kings,DAL,SAC,2016-01-05,117.0,116.0
22015,1610612741,1610612749,Chicago Bulls,Milwaukee Bucks,CHI,MIL,2016-01-05,117.0,106.0
22015,1610612747,1610612744,Los Angeles Lakers,Golden State Warriors,LAL,GSW,2016-01-05,88.0,109.0
22015,1610612737,1610612752,Atlanta Hawks,New York Knicks,ATL,NYK,2016-01-05,101.0,107.0
22015,1610612753,1610612754,Orlando Magic,Indiana Pacers,ORL,IND,2016-01-06,86.0,95.0
22015,1610612759,1610612762,San Antonio Spurs,Utah Jazz,SAS,UTA,2016-01-06,123.0,98.0
22015,1610612757,1610612746,Portland Trail Blazers,LA Clippers,POR,LAC,2016-01-06,98.0,109.0
22015,1610612760,1610612763,Oklahoma City Thunder,Memphis Grizzlies,OKC,MEM,2016-01-06,112.0,94.0
22015,1610612756,1610612766,Phoenix Suns,Charlotte Hornets,PHX,CHA,2016-01-06,111.0,102.0
22015,1610612738,1610612765,Boston Celtics,Detroit Pistons,BOS,DET,2016-01-06,94.0,99.0
22015,1610612750,1610612743,Minnesota Timberwolves,Denver Nuggets,MIN,DEN,2016-01-06,74.0,78.0
22015,1610612740,1610612742,New Orleans Pelicans,Dallas Mavericks,NOP,DAL,2016-01-06,91.0,100.0
22015,1610612751,1610612761,Brooklyn Nets,Toronto Raptors,BKN,TOR,2016-01-06,74.0,91.0
22015,1610612764,1610612739,Washington Wizards,Cleveland Cavaliers,WAS,CLE,2016-01-06,115.0,121.0
22015,1610612748,1610612752,Miami Heat,New York Knicks,MIA,NYK,2016-01-06,90.0,98.0
22015,1610612758,1610612747,Sacramento Kings,Los Angeles Lakers,SAC,LAL,2016-01-07,118.0,115.0
22015,1610612741,1610612738,Chicago Bulls,Boston Celtics,CHI,BOS,2016-01-07,101.0,92.0
22015,1610612745,1610612762,Houston Rockets,Utah Jazz,HOU,UTA,2016-01-07,103.0,94.0
22015,1610612755,1610612737,Philadelphia 76ers,Atlanta Hawks,PHI,ATL,2016-01-07,98.0,126.0
22015,1610612751,1610612753,Brooklyn Nets,Orlando Magic,BKN,ORL,2016-01-08,77.0,83.0
22015,1610612747,1610612760,Los Angeles Lakers,Oklahoma City Thunder,LAL,OKC,2016-01-08,113.0,117.0
22015,1610612756,1610612748,Phoenix Suns,Miami Heat,PHX,MIA,2016-01-08,95.0,103.0
22015,1610612740,1610612754,New Orleans Pelicans,Indiana Pacers,NOP,IND,2016-01-08,86.0,91.0
22015,1610612764,1610612761,Washington Wizards,Toronto Raptors,WAS,TOR,2016-01-08,88.0,97.0
22015,1610612763,1610612743,Memphis Grizzlies,Denver Nuggets,MEM,DEN,2016-01-08,91.0,84.0
22015,1610612749,1610612742,Milwaukee Bucks,Dallas Mavericks,MIL,DAL,2016-01-08,96.0,95.0
22015,1610612759,1610612752,San Antonio Spurs,New York Knicks,SAS,NYK,2016-01-08,100.0,99.0
22015,1610612757,1610612744,Portland Trail Blazers,Golden State Warriors,POR,GSW,2016-01-08,108.0,128.0
22015,1610612750,1610612739,Minnesota Timberwolves,Cleveland Cavaliers,MIN,CLE,2016-01-08,99.0,125.0
22015,1610612762,1610612748,Utah Jazz,Miami Heat,UTA,MIA,2016-01-09,98.0,83.0
22015,1610612755,1610612761,Philadelphia 76ers,Toronto Raptors,PHI,TOR,2016-01-09,95.0,108.0
22015,1610612765,1610612751,Detroit Pistons,Brooklyn Nets,DET,BKN,2016-01-09,103.0,89.0
22015,1610612753,1610612764,Orlando Magic,Washington Wizards,ORL,WAS,2016-01-09,99.0,105.0
22015,1610612746,1610612766,LA Clippers,Charlotte Hornets,LAC,CHA,2016-01-09,97.0,83.0
22015,1610612758,1610612744,Sacramento Kings,Golden State Warriors,SAC,GSW,2016-01-09,116.0,128.0
22015,1610612737,1610612741,Atlanta Hawks,Chicago Bulls,ATL,CHI,2016-01-09,120.0,105.0
22015,1610612745,1610612754,Houston Rockets,Indiana Pacers,HOU,IND,2016-01-10,107.0,103.0
22015,1610612743,1610612766,Denver Nuggets,Charlotte Hornets,DEN,CHA,2016-01-10,95.0,92.0
22015,1610612763,1610612738,Memphis Grizzlies,Boston Celtics,MEM,BOS,2016-01-10,101.0,98.0
22015,1610612757,1610612760,Portland Trail Blazers,Oklahoma City Thunder,POR,OKC,2016-01-10,115.0,110.0
22015,1610612750,1610612742,Minnesota Timberwolves,Dallas Mavericks,MIN,DAL,2016-01-10,87.0,93.0
22015,1610612752,1610612749,New York Knicks,Milwaukee Bucks,NYK,MIL,2016-01-10,100.0,88.0
22015,1610612746,1610612740,LA Clippers,New Orleans Pelicans,LAC,NOP,2016-01-10,114.0,111.0
22015,1610612755,1610612739,Philadelphia 76ers,Cleveland Cavaliers,PHI,CLE,2016-01-10,85.0,95.0
22015,1610612747,1610612762,Los Angeles Lakers,Utah Jazz,LAL,UTA,2016-01-10,74.0,86.0
22015,1610612751,1610612759,Brooklyn Nets,San Antonio Spurs,BKN,SAS,2016-01-11,79.0,106.0
22015,1610612741,1610612764,Chicago Bulls,Washington Wizards,CHI,WAS,2016-01-11,100.0,114.0
22015,1610612744,1610612748,Golden State Warriors,Miami Heat,GSW,MIA,2016-01-11,111.0,103.0
22015,1610612763,1610612745,Memphis Grizzlies,Houston Rockets,MEM,HOU,2016-01-12,91.0,107.0
22015,1610612750,1610612760,Minnesota Timberwolves,Oklahoma City Thunder,MIN,OKC,2016-01-12,96.0,101.0
22015,1610612749,1610612741,Milwaukee Bucks,Chicago Bulls,MIL,CHI,2016-01-12,106.0,101.0
22015,1610612754,1610612756,Indiana Pacers,Phoenix Suns,IND,PHX,2016-01-12,116.0,97.0
22015,1610612765,1610612759,Detroit Pistons,San Antonio Spurs,DET,SAS,2016-01-12,99.0,109.0
22015,1610612742,1610612739,Dallas Mavericks,Cleveland Cavaliers,DAL,CLE,2016-01-12,107.0,110.0
22015,1610612752,1610612738,New York Knicks,Boston Celtics,NYK,BOS,2016-01-12,120.0,114.0
22015,1610612747,1610612740,Los Angeles Lakers,New Orleans Pelicans,LAL,NOP,2016-01-12,95.0,91.0
22015,1610612764,1610612749,Washington Wizards,Milwaukee Bucks,WAS,MIL,2016-01-13,106.0,101.0
22015,1610612766,1610612737,Charlotte Hornets,Atlanta Hawks,CHA,ATL,2016-01-13,107.0,84.0
22015,1610612746,1610612748,LA Clippers,Miami Heat,LAC,MIA,2016-01-13,104.0,90.0
22015,1610612738,1610612754,Boston Celtics,Indiana Pacers,BOS,IND,2016-01-13,103.0,94.0
22015,1610612757,1610612762,Portland Trail Blazers,Utah Jazz,POR,UTA,2016-01-13,99.0,85.0
22015,1610612758,1610612740,Sacramento Kings,New Orleans Pelicans,SAC,NOP,2016-01-13,97.0,109.0
22015,1610612745,1610612750,Houston Rockets,Minnesota Timberwolves,HOU,MIN,2016-01-13,107.0,104.0
22015,1610612751,1610612752,Brooklyn Nets,New York Knicks,BKN,NYK,2016-01-13,110.0,104.0
22015,1610612760,1610612742,Oklahoma City Thunder,Dallas Mavericks,OKC,DAL,2016-01-13,108.0,89.0
22015,1610612743,1610612744,Denver Nuggets,Golden State Warriors,DEN,GSW,2016-01-13,112.0,110.0
22015,1610612763,1610612765,Memphis Grizzlies,Detroit Pistons,MEM,DET,2016-01-14,103.0,101.0
22015,1610612755,1610612741,Philadelphia 76ers,Chicago Bulls,PHI,CHI,2016-01-14,111.0,115.0
22015,1610612744,1610612747,Golden State Warriors,Los Angeles Lakers,GSW,LAL,2016-01-14,116.0,98.0
22015,1610612759,1610612739,San Antonio Spurs,Cleveland Cavaliers,SAS,CLE,2016-01-14,99.0,95.0
22015,1610612753,1610612761,Orlando Magic,Toronto Raptors,ORL,TOR,2016-01-14,103.0,106.0
22015,1610612762,1610612758,Utah Jazz,Sacramento Kings,UTA,SAC,2016-01-14,101.0,103.0
22015,1610612751,1610612757,Brooklyn Nets,Portland Trail Blazers,BKN,POR,2016-01-15,104.0,116.0
22015,1610612738,1610612756,Boston Celtics,Phoenix Suns,BOS,PHX,2016-01-15,117.0,103.0
22015,1610612749,1610612737,Milwaukee Bucks,Atlanta Hawks,MIL,ATL,2016-01-15,108.0,101.0
22015,1610612740,1610612766,New Orleans Pelicans,Charlotte Hornets,NOP,CHA,2016-01-15,109.0,107.0
22015,1610612745,1610612739,Houston Rockets,Cleveland Cavaliers,HOU,CLE,2016-01-15,77.0,91.0
22015,1610612743,1610612748,Denver Nuggets,Miami Heat,DEN,MIA,2016-01-15,95.0,98.0
22015,1610612741,1610612742,Chicago Bulls,Dallas Mavericks,CHI,DAL,2016-01-15,77.0,83.0
22015,1610612760,1610612750,Oklahoma City Thunder,Minnesota Timberwolves,OKC,MIN,2016-01-15,113.0,93.0
22015,1610612754,1610612764,Indiana Pacers,Washington Wizards,IND,WAS,2016-01-15,104.0,118.0
22015,1610612762,1610612747,Utah Jazz,Los Angeles Lakers,UTA,LAL,2016-01-16,109.0,82.0
22015,1610612764,1610612738,Washington Wizards,Boston Celtics,WAS,BOS,2016-01-16,117.0,119.0
22015,1610612737,1610612751,Atlanta Hawks,Brooklyn Nets,ATL,BKN,2016-01-16,114.0,86.0
22015,1610612755,1610612757,Philadelphia 76ers,Portland Trail Blazers,PHI,POR,2016-01-16,114.0,89.0
22015,1610612765,1610612744,Detroit Pistons,Golden State Warriors,DET,GSW,2016-01-16,113.0,95.0
22015,1610612766,1610612749,Charlotte Hornets,Milwaukee Bucks,CHA,MIL,2016-01-16,92.0,105.0
22015,1610612763,1610612752,Memphis Grizzlies,New York Knicks,MEM,NYK,2016-01-16,103.0,95.0
22015,1610612746,1610612758,LA Clippers,Sacramento Kings,LAC,SAC,2016-01-16,103.0,110.0
22015,1610612747,1610612745,Los Angeles Lakers,Houston Rockets,LAL,HOU,2016-01-17,95.0,112.0
22015,1610612759,1610612742,San Antonio Spurs,Dallas Mavericks,SAS,DAL,2016-01-17,112.0,83.0
22015,1610612750,1610612756,Minnesota Timberwolves,Phoenix Suns,MIN,PHX,2016-01-17,117.0,87.0
22015,1610612760,1610612748,Oklahoma City Thunder,Miami Heat,OKC,MIA,2016-01-17,99.0,74.0
22015,1610612743,1610612754,Denver Nuggets,Indiana Pacers,DEN,IND,2016-01-17,129.0,126.0
22015,1610612739,1610612744,Cleveland Cavaliers,Golden State Warriors,CLE,GSW,2016-01-18,98.0,132.0
22015,1610612742,1610612738,Dallas Mavericks,Boston Celtics,DAL,BOS,2016-01-18,118.0,113.0
22015,1610612764,1610612757,Washington Wizards,Portland Trail Blazers,WAS,POR,2016-01-18,98.0,108.0
22015,1610612761,1610612751,Toronto Raptors,Brooklyn Nets,TOR,BKN,2016-01-18,112.0,100.0
22015,1610612766,1610612762,Charlotte Hornets,Utah Jazz,CHA,UTA,2016-01-18,124.0,119.0
22015,1610612765,1610612741,Detroit Pistons,Chicago Bulls,DET,CHI,2016-01-18,101.0,111.0
22015,1610612752,1610612755,New York Knicks,Philadelphia 76ers,NYK,PHI,2016-01-18,119.0,113.0
22015,1610612746,1610612745,LA Clippers,Houston Rockets,LAC,HOU,2016-01-18,140.0,132.0
22015,1610612737,1610612753,Atlanta Hawks,Orlando Magic,ATL,ORL,2016-01-18,98.0,81.0
22015,1610612763,1610612740,Memphis Grizzlies,New Orleans Pelicans,MEM,NOP,2016-01-18,101.0,99.0
22015,1610612756,1610612754,Phoenix Suns,Indiana Pacers,PHX,IND,2016-01-19,94.0,97.0
22015,1610612743,1610612760,Denver Nuggets,Oklahoma City Thunder,DEN,OKC,2016-01-19,104.0,110.0
22015,1610612740,1610612750,New Orleans Pelicans,Minnesota Timberwolves,NOP,MIN,2016-01-19,114.0,99.0
22015,1610612748,1610612749,Miami Heat,Milwaukee Bucks,MIA,MIL,2016-01-19,79.0,91.0
22015,1610612753,1610612755,Orlando Magic,Philadelphia 76ers,ORL,PHI,2016-01-20,87.0,96.0
22015,1610612747,1610612758,Los Angeles Lakers,Sacramento Kings,LAL,SAC,2016-01-20,93.0,112.0
22015,1610612760,1610612766,Oklahoma City Thunder,Charlotte Hornets,OKC,CHA,2016-01-20,109.0,95.0
22015,1610612741,1610612744,Chicago Bulls,Golden State Warriors,CHI,GSW,2016-01-20,94.0,125.0
22015,1610612764,1610612748,Washington Wizards,Miami Heat,WAS,MIA,2016-01-20,106.0,87.0
22015,1610612742,1610612750,Dallas Mavericks,Minnesota Timberwolves,DAL,MIN,2016-01-20,106.0,94.0
22015,1610612757,1610612737,Portland Trail Blazers,Atlanta Hawks,POR,ATL,2016-01-20,98.0,104.0
22015,1610612745,1610612765,Houston Rockets,Detroit Pistons,HOU,DET,2016-01-20,114.0,123.0
22015,1610612752,1610612762,New York Knicks,Utah Jazz,NYK,UTA,2016-01-20,118.0,111.0
22015,1610612761,1610612738,Toronto Raptors,Boston Celtics,TOR,BOS,2016-01-20,115.0,109.0
22015,1610612751,1610612739,Brooklyn Nets,Cleveland Cavaliers,BKN,CLE,2016-01-20,78.0,91.0
22015,1610612739,1610612746,Cleveland Cavaliers,LA Clippers,CLE,LAC,2016-01-21,115.0,102.0
22015,1610612740,1610612765,New Orleans Pelicans,Detroit Pistons,NOP,DET,2016-01-21,115.0,99.0
22015,1610612758,1610612737,Sacramento Kings,Atlanta Hawks,SAC,ATL,2016-01-21,91.0,88.0
22015,1610612756,1610612759,Phoenix Suns,San Antonio Spurs,PHX,SAS,2016-01-21,89.0,117.0
22015,1610612743,1610612763,Denver Nuggets,Memphis Grizzlies,DEN,MEM,2016-01-21,101.0,102.0
22015,1610612744,1610612754,Golden State Warriors,Indiana Pacers,GSW,IND,2016-01-22,122.0,110.0
22015,1610612747,1610612759,Los Angeles Lakers,San Antonio Spurs,LAL,SAS,2016-01-22,95.0,108.0
22015,1610612742,1610612760,Dallas Mavericks,Oklahoma City Thunder,DAL,OKC,2016-01-22,106.0,109.0
22015,1610612753,1610612766,Orlando Magic,Charlotte Hornets,ORL,CHA,2016-01-22,116.0,120.0
22015,1610612761,1610612748,Toronto Raptors,Miami Heat,TOR,MIA,2016-01-22,101.0,81.0
22015,1610612752,1610612746,New York Knicks,LA Clippers,NYK,LAC,2016-01-22,88.0,116.0
22015,1610612738,1610612741,Boston Celtics,Chicago Bulls,BOS,CHI,2016-01-22,110.0,101.0
22015,1610612751,1610612762,Brooklyn Nets,Utah Jazz,BKN,UTA,2016-01-22,86.0,108.0
22015,1610612745,1610612749,Houston Rockets,Milwaukee Bucks,HOU,MIL,2016-01-22,102.0,98.0
22015,1610612766,1610612752,Charlotte Hornets,New York Knicks,CHA,NYK,2016-01-23,97.0,84.0
22015,1610612756,1610612737,Phoenix Suns,Atlanta Hawks,PHX,ATL,2016-01-23,98.0,95.0
22015,1610612739,1610612741,Cleveland Cavaliers,Chicago Bulls,CLE,CHI,2016-01-23,83.0,96.0
22015,1610612743,1610612765,Denver Nuggets,Detroit Pistons,DEN,DET,2016-01-23,104.0,101.0
22015,1610612757,1610612747,Portland Trail Blazers,Los Angeles Lakers,POR,LAL,2016-01-23,121.0,103.0
22015,1610612758,1610612754,Sacramento Kings,Indiana Pacers,SAC,IND,2016-01-23,108.0,97.0
22015,1610612750,1610612763,Minnesota Timberwolves,Memphis Grizzlies,MIN,MEM,2016-01-23,106.0,101.0
22015,1610612740,1610612749,New Orleans Pelicans,Milwaukee Bucks,NOP,MIL,2016-01-23,116.0,99.0
22015,1610612745,1610612742,Houston Rockets,Dallas Mavericks,HOU,DAL,2016-01-24,115.0,104.0
22015,1610612755,1610612738,Philadelphia 76ers,Boston Celtics,PHI,BOS,2016-01-24,92.0,112.0
22015,1610612751,1610612760,Brooklyn Nets,Oklahoma City Thunder,BKN,OKC,2016-01-24,116.0,106.0
22015,1610612761,1610612746,Toronto Raptors,LA Clippers,TOR,LAC,2016-01-24,112.0,94.0
22015,1610612741,1610612748,Chicago Bulls,Miami Heat,CHI,MIA,2016-01-25,84.0,89.0
22015,1610612764,1610612738,Washington Wizards,Boston Celtics,WAS,BOS,2016-01-25,91.0,116.0
22015,1610612762,1610612765,Utah Jazz,Detroit Pistons,UTA,DET,2016-01-25,92.0,95.0
22015,1610612744,1610612759,Golden State Warriors,San Antonio Spurs,GSW,SAS,2016-01-25,120.0,90.0
22015,1610612743,1610612737,Denver Nuggets,Atlanta Hawks,DEN,ATL,2016-01-25,105.0,119.0
22015,1610612740,1610612745,New Orleans Pelicans,Houston Rockets,NOP,HOU,2016-01-25,111.0,112.0
22015,1610612739,1610612750,Cleveland Cavaliers,Minnesota Timberwolves,CLE,MIN,2016-01-25,114.0,107.0
22015,1610612758,1610612766,Sacramento Kings,Charlotte Hornets,SAC,CHA,2016-01-25,128.0,129.0
22015,1610612763,1610612753,Memphis Grizzlies,Orlando Magic,MEM,ORL,2016-01-25,108.0,102.0
22015,1610612752,1610612760,New York Knicks,Oklahoma City Thunder,NYK,OKC,2016-01-26,122.0,128.0
22015,1610612747,1610612742,Los Angeles Lakers,Dallas Mavericks,LAL,DAL,2016-01-26,90.0,92.0
22015,1610612761,1610612764,Toronto Raptors,Washington Wizards,TOR,WAS,2016-01-26,106.0,89.0
22015,1610612749,1610612753,Milwaukee Bucks,Orlando Magic,MIL,ORL,2016-01-26,107.0,100.0
22015,1610612754,1610612746,Indiana Pacers,LA Clippers,IND,LAC,2016-01-26,89.0,91.0
22015,1610612755,1610612756,Philadelphia 76ers,Phoenix Suns,PHI,PHX,2016-01-26,113.0,103.0
22015,1610612751,1610612748,Brooklyn Nets,Miami Heat,BKN,MIA,2016-01-26,98.0,102.0
22015,1610612757,1610612758,Portland Trail Blazers,Sacramento Kings,POR,SAC,2016-01-26,112.0,97.0
22015,1610612738,1610612743,Boston Celtics,Denver Nuggets,BOS,DEN,2016-01-27,111.0,103.0
22015,1610612765,1610612755,Detroit Pistons,Philadelphia 76ers,DET,PHI,2016-01-27,110.0,97.0
22015,1610612750,1610612760,Minnesota Timberwolves,Oklahoma City Thunder,MIN,OKC,2016-01-27,123.0,126.0
22015,1610612739,1610612756,Cleveland Cavaliers,Phoenix Suns,CLE,PHX,2016-01-27,115.0,93.0
22015,1610612737,1610612746,Atlanta Hawks,LA Clippers,ATL,LAC,2016-01-27,83.0,85.0
22015,1610612759,1610612745,San Antonio Spurs,Houston Rockets,SAS,HOU,2016-01-27,130.0,99.0
22015,1610612744,1610612742,Golden State Warriors,Dallas Mavericks,GSW,DAL,2016-01-27,127.0,107.0
22015,1610612762,1610612766,Utah Jazz,Charlotte Hornets,UTA,CHA,2016-01-27,102.0,73.0
22015,1610612763,1610612749,Memphis Grizzlies,Milwaukee Bucks,MEM,MIL,2016-01-28,103.0,83.0
22015,1610612754,1610612737,Indiana Pacers,Atlanta Hawks,IND,ATL,2016-01-28,111.0,92.0
22015,1610612764,1610612743,Washington Wizards,Denver Nuggets,WAS,DEN,2016-01-28,113.0,117.0
22015,1610612747,1610612741,Los Angeles Lakers,Chicago Bulls,LAL,CHI,2016-01-28,91.0,114.0
22015,1610612740,1610612758,New Orleans Pelicans,Sacramento Kings,NOP,SAC,2016-01-28,114.0,105.0
22015,1610612761,1610612752,Toronto Raptors,New York Knicks,TOR,NYK,2016-01-28,103.0,93.0
22015,1610612746,1610612747,LA Clippers,Los Angeles Lakers,LAC,LAL,2016-01-29,105.0,93.0
22015,1610612749,1610612748,Milwaukee Bucks,Miami Heat,MIL,MIA,2016-01-29,103.0,107.0
22015,1610612757,1610612766,Portland Trail Blazers,Charlotte Hornets,POR,CHA,2016-01-29,109.0,91.0
22015,1610612765,1610612739,Detroit Pistons,Cleveland Cavaliers,DET,CLE,2016-01-29,106.0,114.0
22015,1610612760,1610612745,Oklahoma City Thunder,Houston Rockets,OKC,HOU,2016-01-29,116.0,108.0
22015,1610612752,1610612756,New York Knicks,Phoenix Suns,NYK,PHX,2016-01-29,102.0,84.0
22015,1610612742,1610612751,Dallas Mavericks,Brooklyn Nets,DAL,BKN,2016-01-29,91.0,79.0
22015,1610612762,1610612750,Utah Jazz,Minnesota Timberwolves,UTA,MIN,2016-01-29,103.0,90.0
22015,1610612738,1610612753,Boston Celtics,Orlando Magic,BOS,ORL,2016-01-29,113.0,94.0
22015,1610612745,1610612764,Houston Rockets,Washington Wizards,HOU,WAS,2016-01-30,122.0,123.0
22015,1610612761,1610612765,Toronto Raptors,Detroit Pistons,TOR,DET,2016-01-30,111.0,107.0
22015,1610612754,1610612743,Indiana Pacers,Denver Nuggets,IND,DEN,2016-01-30,109.0,105.0
22015,1610612739,1610612759,Cleveland Cavaliers,San Antonio Spurs,CLE,SAS,2016-01-30,117.0,103.0
22015,1610612755,1610612744,Philadelphia 76ers,Golden State Warriors,PHI,GSW,2016-01-30,105.0,108.0
22015,1610612763,1610612758,Memphis Grizzlies,Sacramento Kings,MEM,SAC,2016-01-30,121.0,117.0
22015,1610612740,1610612751,New Orleans Pelicans,Brooklyn Nets,NOP,BKN,2016-01-30,105.0,103.0
22015,1610612757,1610612750,Portland Trail Blazers,Minnesota Timberwolves,POR,MIN,2016-01-31,96.0,93.0
22015,1610612746,1610612741,LA Clippers,Chicago Bulls,LAC,CHI,2016-01-31,120.0,93.0
22015,1610612747,1610612766,Los Angeles Lakers,Charlotte Hornets,LAL,CHA,2016-01-31,82.0,101.0
22015,1610612742,1610612756,Dallas Mavericks,Phoenix Suns,DAL,PHX,2016-01-31,91.0,78.0
22015,1610612752,1610612744,New York Knicks,Golden State Warriors,NYK,GSW,2016-01-31,95.0,116.0
22015,1610612748,1610612737,Miami Heat,Atlanta Hawks,MIA,ATL,2016-01-31,105.0,87.0
22015,1610612753,1610612738,Orlando Magic,Boston Celtics,ORL,BOS,2016-01-31,119.0,114.0
22015,1610612762,1610612741,Utah Jazz,Chicago Bulls,UTA,CHI,2016-02-01,105.0,96.0
22015,1610612737,1610612742,Atlanta Hawks,Dallas Mavericks,ATL,DAL,2016-02-01,112.0,97.0
22015,1610612740,1610612763,New Orleans Pelicans,Memphis Grizzlies,NOP,MEM,2016-02-01,95.0,110.0
22015,1610612754,1610612739,Indiana Pacers,Cleveland Cavaliers,IND,CLE,2016-02-01,106.0,111.0
22015,1610612758,1610612749,Sacramento Kings,Milwaukee Bucks,SAC,MIL,2016-02-01,111.0,104.0
22015,1610612743,1610612761,Denver Nuggets,Toronto Raptors,DEN,TOR,2016-02-01,112.0,93.0
22015,1610612759,1610612753,San Antonio Spurs,Orlando Magic,SAS,ORL,2016-02-01,107.0,92.0
22015,1610612751,1610612765,Brooklyn Nets,Detroit Pistons,BKN,DET,2016-02-01,100.0,105.0
22015,1610612760,1610612764,Oklahoma City Thunder,Washington Wizards,OKC,WAS,2016-02-01,114.0,98.0
22015,1610612757,1610612749,Portland Trail Blazers,Milwaukee Bucks,POR,MIL,2016-02-02,107.0,95.0
22015,1610612756,1610612761,Phoenix Suns,Toronto Raptors,PHX,TOR,2016-02-02,97.0,104.0
22015,1610612745,1610612748,Houston Rockets,Miami Heat,HOU,MIA,2016-02-02,115.0,102.0
22015,1610612752,1610612738,New York Knicks,Boston Celtics,NYK,BOS,2016-02-02,89.0,97.0
22015,1610612747,1610612750,Los Angeles Lakers,Minnesota Timberwolves,LAL,MIN,2016-02-02,119.0,115.0
22015,1610612738,1610612765,Boston Celtics,Detroit Pistons,BOS,DET,2016-02-03,102.0,95.0
22015,1610612766,1610612739,Charlotte Hornets,Cleveland Cavaliers,CHA,CLE,2016-02-03,106.0,97.0
22015,1610612758,1610612741,Sacramento Kings,Chicago Bulls,SAC,CHI,2016-02-03,102.0,107.0
22015,1610612742,1610612748,Dallas Mavericks,Miami Heat,DAL,MIA,2016-02-03,90.0,93.0
22015,1610612760,1610612753,Oklahoma City Thunder,Orlando Magic,OKC,ORL,2016-02-03,117.0,114.0
22015,1610612759,1610612740,San Antonio Spurs,New Orleans Pelicans,SAS,NOP,2016-02-03,110.0,97.0
22015,1610612755,1610612737,Philadelphia 76ers,Atlanta Hawks,PHI,ATL,2016-02-03,86.0,124.0
22015,1610612746,1610612750,LA Clippers,Minnesota Timberwolves,LAC,MIN,2016-02-03,102.0,108.0
22015,1610612764,1610612744,Washington Wizards,Golden State Warriors,WAS,GSW,2016-02-03,121.0,134.0
22015,1610612751,1610612754,Brooklyn Nets,Indiana Pacers,BKN,IND,2016-02-03,100.0,114.0
22015,1610612762,1610612743,Utah Jazz,Denver Nuggets,UTA,DEN,2016-02-03,85.0,81.0
22015,1610612756,1610612745,Phoenix Suns,Houston Rockets,PHX,HOU,2016-02-04,105.0,111.0
22015,1610612740,1610612747,New Orleans Pelicans,Los Angeles Lakers,NOP,LAL,2016-02-04,96.0,99.0
22015,1610612765,1610612752,Detroit Pistons,New York Knicks,DET,NYK,2016-02-04,111.0,105.0
22015,1610612757,1610612761,Portland Trail Blazers,Toronto Raptors,POR,TOR,2016-02-04,103.0,110.0
22015,1610612752,1610612763,New York Knicks,Memphis Grizzlies,NYK,MEM,2016-02-05,85.0,91.0
22015,1610612742,1610612759,Dallas Mavericks,San Antonio Spurs,DAL,SAS,2016-02-05,90.0,116.0
22015,1610612739,1610612738,Cleveland Cavaliers,Boston Celtics,CLE,BOS,2016-02-05,103.0,104.0
22015,1610612751,1610612758,Brooklyn Nets,Sacramento Kings,BKN,SAC,2016-02-05,128.0,119.0
22015,1610612762,1610612749,Utah Jazz,Milwaukee Bucks,UTA,MIL,2016-02-05,84.0,81.0
22015,1610612743,1610612741,Denver Nuggets,Chicago Bulls,DEN,CHI,2016-02-05,115.0,110.0
22015,1610612764,1610612755,Washington Wizards,Philadelphia 76ers,WAS,PHI,2016-02-05,106.0,94.0
22015,1610612737,1610612754,Atlanta Hawks,Indiana Pacers,ATL,IND,2016-02-05,102.0,96.0
22015,1610612753,1610612746,Orlando Magic,LA Clippers,ORL,LAC,2016-02-05,93.0,107.0
22015,1610612766,1610612748,Charlotte Hornets,Miami Heat,CHA,MIA,2016-02-05,95.0,98.0
22015,1610612754,1610612765,Indiana Pacers,Detroit Pistons,IND,DET,2016-02-06,112.0,104.0
22015,1610612766,1610612764,Charlotte Hornets,Washington Wizards,CHA,WAS,2016-02-06,108.0,104.0
22015,1610612744,1610612760,Golden State Warriors,Oklahoma City Thunder,GSW,OKC,2016-02-06,116.0,108.0
22015,1610612750,1610612741,Minnesota Timberwolves,Chicago Bulls,MIN,CHI,2016-02-06,112.0,105.0
22015,1610612755,1610612751,Philadelphia 76ers,Brooklyn Nets,PHI,BKN,2016-02-06,103.0,98.0
22015,1610612759,1610612747,San Antonio Spurs,Los Angeles Lakers,SAS,LAL,2016-02-06,106.0,102.0
22015,1610612739,1610612740,Cleveland Cavaliers,New Orleans Pelicans,CLE,NOP,2016-02-06,99.0,84.0
22015,1610612763,1610612742,Memphis Grizzlies,Dallas Mavericks,MEM,DAL,2016-02-06,110.0,114.0
22015,1610612756,1610612762,Phoenix Suns,Utah Jazz,PHX,UTA,2016-02-06,89.0,98.0
22015,1610612745,1610612757,Houston Rockets,Portland Trail Blazers,HOU,POR,2016-02-06,79.0,96.0
22015,1610612738,1610612758,Boston Celtics,Sacramento Kings,BOS,SAC,2016-02-07,128.0,119.0
22015,1610612753,1610612737,Orlando Magic,Atlanta Hawks,ORL,ATL,2016-02-07,96.0,94.0
22015,1610612748,1610612746,Miami Heat,LA Clippers,MIA,LAC,2016-02-07,93.0,100.0
22015,1610612752,1610612743,New York Knicks,Denver Nuggets,NYK,DEN,2016-02-07,96.0,101.0
22015,1610612751,1610612743,Brooklyn Nets,Denver Nuggets,BKN,DEN,2016-02-08,105.0,104.0
22015,1610612766,1610612741,Charlotte Hornets,Chicago Bulls,CHA,CHI,2016-02-08,108.0,91.0
22015,1610612756,1610612760,Phoenix Suns,Oklahoma City Thunder,PHX,OKC,2016-02-08,106.0,122.0
22015,1610612755,1610612746,Philadelphia 76ers,LA Clippers,PHI,LAC,2016-02-08,92.0,98.0
22015,1610612763,1610612757,Memphis Grizzlies,Portland Trail Blazers,MEM,POR,2016-02-08,106.0,112.0
22015,1610612739,1610612758,Cleveland Cavaliers,Sacramento Kings,CLE,SAC,2016-02-08,120.0,100.0
22015,1610612754,1610612747,Indiana Pacers,Los Angeles Lakers,IND,LAL,2016-02-08,89.0,87.0
22015,1610612765,1610612761,Detroit Pistons,Toronto Raptors,DET,TOR,2016-02-08,89.0,103.0
22015,1610612750,1610612740,Minnesota Timberwolves,New Orleans Pelicans,MIN,NOP,2016-02-08,102.0,116.0
22015,1610612737,1610612753,Atlanta Hawks,Orlando Magic,ATL,ORL,2016-02-08,110.0,117.0
22015,1610612744,1610612745,Golden State Warriors,Houston Rockets,GSW,HOU,2016-02-09,123.0,110.0
22015,1610612742,1610612762,Dallas Mavericks,Utah Jazz,DAL,UTA,2016-02-09,119.0,121.0
22015,1610612752,1610612764,New York Knicks,Washington Wizards,NYK,WAS,2016-02-09,108.0,111.0
22015,1610612748,1610612759,Miami Heat,San Antonio Spurs,MIA,SAS,2016-02-09,101.0,119.0
22015,1610612749,1610612738,Milwaukee Bucks,Boston Celtics,MIL,BOS,2016-02-09,112.0,111.0
22015,1610612765,1610612743,Detroit Pistons,Denver Nuggets,DET,DEN,2016-02-10,92.0,103.0
22015,1610612741,1610612737,Chicago Bulls,Atlanta Hawks,CHI,ATL,2016-02-10,90.0,113.0
22015,1610612751,1610612763,Brooklyn Nets,Memphis Grizzlies,BKN,MEM,2016-02-10,90.0,109.0
22015,1610612740,1610612762,New Orleans Pelicans,Utah Jazz,NOP,UTA,2016-02-10,100.0,96.0
22015,1610612754,1610612766,Indiana Pacers,Charlotte Hornets,IND,CHA,2016-02-10,95.0,117.0
22015,1610612755,1610612758,Philadelphia 76ers,Sacramento Kings,PHI,SAC,2016-02-10,110.0,114.0
22015,1610612738,1610612746,Boston Celtics,LA Clippers,BOS,LAC,2016-02-10,139.0,134.0
22015,1610612753,1610612759,Orlando Magic,San Antonio Spurs,ORL,SAS,2016-02-10,96.0,98.0
22015,1610612757,1610612745,Portland Trail Blazers,Houston Rockets,POR,HOU,2016-02-10,116.0,103.0
22015,1610612756,1610612744,Phoenix Suns,Golden State Warriors,PHX,GSW,2016-02-10,104.0,112.0
22015,1610612739,1610612747,Cleveland Cavaliers,Los Angeles Lakers,CLE,LAL,2016-02-10,120.0,111.0
22015,1610612750,1610612761,Minnesota Timberwolves,Toronto Raptors,MIN,TOR,2016-02-10,117.0,112.0
22015,1610612749,1610612764,Milwaukee Bucks,Washington Wizards,MIL,WAS,2016-02-11,99.0,92.0
22015,1610612760,1610612740,Oklahoma City Thunder,New Orleans Pelicans,OKC,NOP,2016-02-11,121.0,95.0
22015,1610612764,1610612762,Washington Wizards,Utah Jazz,WAS,UTA,2016-02-18,103.0,89.0
22015,1610612746,1610612759,LA Clippers,San Antonio Spurs,LAC,SAS,2016-02-18,105.0,86.0
22015,1610612739,1610612741,Cleveland Cavaliers,Chicago Bulls,CLE,CHI,2016-02-18,106.0,95.0
22015,1610612763,1610612750,Memphis Grizzlies,Minnesota Timberwolves,MEM,MIN,2016-02-19,109.0,104.0
22015,1610612753,1610612742,Orlando Magic,Dallas Mavericks,ORL,DAL,2016-02-19,110.0,104.0
22015,1610612760,1610612754,Oklahoma City Thunder,Indiana Pacers,OKC,IND,2016-02-19,98.0,101.0
22015,1610612741,1610612761,Chicago Bulls,Toronto Raptors,CHI,TOR,2016-02-19,116.0,106.0
22015,1610612749,1610612766,Milwaukee Bucks,Charlotte Hornets,MIL,CHA,2016-02-19,95.0,98.0
22015,1610612751,1610612752,Brooklyn Nets,New York Knicks,BKN,NYK,2016-02-19,109.0,98.0
22015,1610612757,1610612744,Portland Trail Blazers,Golden State Warriors,POR,GSW,2016-02-19,137.0,105.0
22015,1610612740,1610612755,New Orleans Pelicans,Philadelphia 76ers,NOP,PHI,2016-02-19,121.0,114.0
22015,1610612758,1610612743,Sacramento Kings,Denver Nuggets,SAC,DEN,2016-02-19,116.0,110.0
22015,1610612747,1610612759,Los Angeles Lakers,San Antonio Spurs,LAL,SAS,2016-02-19,113.0,119.0
22015,1610612762,1610612738,Utah Jazz,Boston Celtics,UTA,BOS,2016-02-19,111.0,93.0
22015,1610612764,1610612765,Washington Wizards,Detroit Pistons,WAS,DET,2016-02-19,98.0,86.0
22015,1610612737,1610612748,Atlanta Hawks,Miami Heat,ATL,MIA,2016-02-19,111.0,115.0
22015,1610612756,1610612745,Phoenix Suns,Houston Rockets,PHX,HOU,2016-02-19,100.0,116.0
22015,1610612750,1610612752,Minnesota Timberwolves,New York Knicks,MIN,NYK,2016-02-20,95.0,103.0
22015,1610612746,1610612744,LA Clippers,Golden State Warriors,LAC,GSW,2016-02-20,112.0,115.0
22015,1610612748,1610612764,Miami Heat,Washington Wizards,MIA,WAS,2016-02-20,114.0,94.0
22015,1610612737,1610612749,Atlanta Hawks,Milwaukee Bucks,ATL,MIL,2016-02-20,109.0,117.0
22015,1610612761,1610612763,Toronto Raptors,Memphis Grizzlies,TOR,MEM,2016-02-21,98.0,85.0
22015,1610612741,1610612747,Chicago Bulls,Los Angeles Lakers,CHI,LAL,2016-02-21,126.0,115.0
22015,1610612765,1610612740,Detroit Pistons,New Orleans Pelicans,DET,NOP,2016-02-21,106.0,111.0
22015,1610612753,1610612754,Orlando Magic,Indiana Pacers,ORL,IND,2016-02-21,102.0,105.0
22015,1610612757,1610612762,Portland Trail Blazers,Utah Jazz,POR,UTA,2016-02-21,115.0,111.0
22015,1610612760,1610612739,Oklahoma City Thunder,Cleveland Cavaliers,OKC,CLE,2016-02-21,92.0,115.0
22015,1610612743,1610612738,Denver Nuggets,Boston Celtics,DEN,BOS,2016-02-21,101.0,121.0
22015,1610612756,1610612759,Phoenix Suns,San Antonio Spurs,PHX,SAS,2016-02-21,111.0,118.0
22015,1610612742,1610612755,Dallas Mavericks,Philadelphia 76ers,DAL,PHI,2016-02-21,129.0,103.0
22015,1610612751,1610612766,Brooklyn Nets,Charlotte Hornets,BKN,CHA,2016-02-21,96.0,104.0
22015,1610612750,1610612738,Minnesota Timberwolves,Boston Celtics,MIN,BOS,2016-02-22,124.0,122.0
22015,1610612752,1610612761,New York Knicks,Toronto Raptors,NYK,TOR,2016-02-22,95.0,122.0
22015,1610612739,1610612765,Cleveland Cavaliers,Detroit Pistons,CLE,DET,2016-02-22,88.0,96.0
22015,1610612748,1610612754,Miami Heat,Indiana Pacers,MIA,IND,2016-02-22,101.0,93.0
22015,1610612737,1610612744,Atlanta Hawks,Golden State Warriors,ATL,GSW,2016-02-22,92.0,102.0
22015,1610612746,1610612756,LA Clippers,Phoenix Suns,LAC,PHX,2016-02-22,124.0,84.0
22015,1610612749,1610612747,Milwaukee Bucks,Los Angeles Lakers,MIL,LAL,2016-02-22,108.0,101.0
22015,1610612764,1610612740,Washington Wizards,New Orleans Pelicans,WAS,NOP,2016-02-23,109.0,89.0
22015,1610612755,1610612753,Philadelphia 76ers,Orlando Magic,PHI,ORL,2016-02-23,115.0,124.0
22015,1610612743,1610612758,Denver Nuggets,Sacramento Kings,DEN,SAC,2016-02-23,110.0,114.0
22015,1610612757,1610612751,Portland Trail Blazers,Brooklyn Nets,POR,BKN,2016-02-23,112.0,104.0
22015,1610612762,1610612745,Utah Jazz,Houston Rockets,UTA,HOU,2016-02-23,117.0,114.0
22015,1610612741,1610612764,Chicago Bulls,Washington Wizards,CHI,WAS,2016-02-24,109.0,104.0
22015,1610612739,1610612766,Cleveland Cavaliers,Charlotte Hornets,CLE,CHA,2016-02-24,114.0,103.0
22015,1610612758,1610612759,Sacramento Kings,San Antonio Spurs,SAC,SAS,2016-02-24,92.0,108.0
22015,1610612748,1610612744,Miami Heat,Golden State Warriors,MIA,GSW,2016-02-24,112.0,118.0
22015,1610612763,1610612747,Memphis Grizzlies,Los Angeles Lakers,MEM,LAL,2016-02-24,128.0,119.0
22015,1610612761,1610612750,Toronto Raptors,Minnesota Timberwolves,TOR,MIN,2016-02-24,114.0,105.0
22015,1610612746,1610612743,LA Clippers,Denver Nuggets,LAC,DEN,2016-02-24,81.0,87.0
22015,1610612742,1610612760,Dallas Mavericks,Oklahoma City Thunder,DAL,OKC,2016-02-24,103.0,116.0
22015,1610612765,1610612755,Detroit Pistons,Philadelphia 76ers,DET,PHI,2016-02-24,111.0,91.0
22015,1610612754,1610612752,Indiana Pacers,New York Knicks,IND,NYK,2016-02-24,108.0,105.0
22015,1610612753,1610612744,Orlando Magic,Golden State Warriors,ORL,GSW,2016-02-25,114.0,130.0
22015,1610612740,1610612760,New Orleans Pelicans,Oklahoma City Thunder,NOP,OKC,2016-02-25,123.0,119.0
22015,1610612756,1610612751,Phoenix Suns,Brooklyn Nets,PHX,BKN,2016-02-25,106.0,116.0
22015,1610612738,1610612749,Boston Celtics,Milwaukee Bucks,BOS,MIL,2016-02-25,112.0,107.0
22015,1610612762,1610612759,Utah Jazz,San Antonio Spurs,UTA,SAS,2016-02-25,78.0,96.0
22015,1610612757,1610612745,Portland Trail Blazers,Houston Rockets,POR,HOU,2016-02-25,105.0,119.0
22015,1610612737,1610612741,Atlanta Hawks,Chicago Bulls,ATL,CHI,2016-02-26,103.0,88.0
22015,1610612761,1610612739,Toronto Raptors,Cleveland Cavaliers,TOR,CLE,2016-02-26,99.0,97.0
22015,1610612752,1610612753,New York Knicks,Orlando Magic,NYK,ORL,2016-02-26,108.0,95.0
22015,1610612754,1610612766,Indiana Pacers,Charlotte Hornets,IND,CHA,2016-02-26,95.0,96.0
22015,1610612758,1610612746,Sacramento Kings,LA Clippers,SAC,LAC,2016-02-26,107.0,117.0
22015,1610612742,1610612743,Dallas Mavericks,Denver Nuggets,DAL,DEN,2016-02-26,122.0,116.0
22015,1610612747,1610612763,Los Angeles Lakers,Memphis Grizzlies,LAL,MEM,2016-02-26,95.0,112.0
22015,1610612755,1610612764,Philadelphia 76ers,Washington Wizards,PHI,WAS,2016-02-26,94.0,103.0
22015,1610612756,1610612763,Phoenix Suns,Memphis Grizzlies,PHX,MEM,2016-02-27,111.0,106.0
22015,1610612740,1610612750,New Orleans Pelicans,Minnesota Timberwolves,NOP,MIN,2016-02-27,110.0,112.0
22015,1610612745,1610612759,Houston Rockets,San Antonio Spurs,HOU,SAS,2016-02-27,94.0,104.0
22015,1610612738,1610612748,Boston Celtics,Miami Heat,BOS,MIA,2016-02-27,101.0,89.0
22015,1610612760,1610612744,Oklahoma City Thunder,Golden State Warriors,OKC,GSW,2016-02-27,118.0,121.0
22015,1610612762,1610612751,Utah Jazz,Brooklyn Nets,UTA,BKN,2016-02-27,96.0,98.0
22015,1610612741,1610612757,Chicago Bulls,Portland Trail Blazers,CHI,POR,2016-02-27,95.0,103.0
22015,1610612749,1610612765,Milwaukee Bucks,Detroit Pistons,MIL,DET,2016-02-27,91.0,102.0
22015,1610612742,1610612750,Dallas Mavericks,Minnesota Timberwolves,DAL,MIN,2016-02-28,128.0,101.0
22015,1610612764,1610612739,Washington Wizards,Cleveland Cavaliers,WAS,CLE,2016-02-28,113.0,99.0
22015,1610612754,1610612757,Indiana Pacers,Portland Trail Blazers,IND,POR,2016-02-28,102.0,111.0
22015,1610612737,1610612766,Atlanta Hawks,Charlotte Hornets,ATL,CHA,2016-02-28,87.0,76.0
22015,1610612753,1610612755,Orlando Magic,Philadelphia 76ers,ORL,PHI,2016-02-28,130.0,116.0
22015,1610612765,1610612761,Detroit Pistons,Toronto Raptors,DET,TOR,2016-02-28,114.0,101.0
22015,1610612752,1610612748,New York Knicks,Miami Heat,NYK,MIA,2016-02-28,81.0,98.0
22015,1610612746,1610612751,LA Clippers,Brooklyn Nets,LAC,BKN,2016-02-29,105.0,95.0
22015,1610612739,1610612754,Cleveland Cavaliers,Indiana Pacers,CLE,IND,2016-02-29,100.0,96.0
22015,1610612743,1610612763,Denver Nuggets,Memphis Grizzlies,DEN,MEM,2016-02-29,96.0,103.0
22015,1610612764,1610612755,Washington Wizards,Philadelphia 76ers,WAS,PHI,2016-02-29,116.0,108.0
22015,1610612758,1610612760,Sacramento Kings,Oklahoma City Thunder,SAC,OKC,2016-02-29,116.0,131.0
22015,1610612749,1610612745,Milwaukee Bucks,Houston Rockets,MIL,HOU,2016-02-29,128.0,121.0
22015,1610612738,1610612762,Boston Celtics,Utah Jazz,BOS,UTA,2016-02-29,100.0,95.0
22015,1610612744,1610612737,Golden State Warriors,Atlanta Hawks,GSW,ATL,2016-03-01,109.0,105.0
22015,1610612748,1610612741,Miami Heat,Chicago Bulls,MIA,CHI,2016-03-01,129.0,111.0
22015,1610612766,1610612756,Charlotte Hornets,Phoenix Suns,CHA,PHX,2016-03-01,126.0,92.0
22015,1610612747,1610612751,Los Angeles Lakers,Brooklyn Nets,LAL,BKN,2016-03-01,107.0,101.0
22015,1610612742,1610612753,Dallas Mavericks,Orlando Magic,DAL,ORL,2016-03-01,121.0,108.0
22015,1610612752,1610612757,New York Knicks,Portland Trail Blazers,NYK,POR,2016-03-01,85.0,104.0
22015,1610612738,1610612757,Boston Celtics,Portland Trail Blazers,BOS,POR,2016-03-02,116.0,93.0
22015,1610612753,1610612741,Orlando Magic,Chicago Bulls,ORL,CHI,2016-03-02,102.0,89.0
22015,1610612763,1610612758,Memphis Grizzlies,Sacramento Kings,MEM,SAC,2016-03-02,104.0,98.0
22015,1610612746,1610612760,LA Clippers,Oklahoma City Thunder,LAC,OKC,2016-03-02,103.0,98.0
22015,1610612743,1610612747,Denver Nuggets,Los Angeles Lakers,DEN,LAL,2016-03-02,117.0,107.0
22015,1610612750,1610612764,Minnesota Timberwolves,Washington Wizards,MIN,WAS,2016-03-02,98.0,104.0
22015,1610612749,1610612754,Milwaukee Bucks,Indiana Pacers,MIL,IND,2016-03-02,99.0,104.0
22015,1610612745,1610612740,Houston Rockets,New Orleans Pelicans,HOU,NOP,2016-03-02,100.0,95.0
22015,1610612759,1610612765,San Antonio Spurs,Detroit Pistons,SAS,DET,2016-03-02,97.0,81.0
22015,1610612761,1610612762,Toronto Raptors,Utah Jazz,TOR,UTA,2016-03-02,104.0,94.0
22015,1610612755,1610612766,Philadelphia 76ers,Charlotte Hornets,PHI,CHA,2016-03-02,99.0,119.0
22015,1610612748,1610612756,Miami Heat,Phoenix Suns,MIA,PHX,2016-03-03,108.0,92.0
22015,1610612742,1610612758,Dallas Mavericks,Sacramento Kings,DAL,SAC,2016-03-03,101.0,104.0
22015,1610612740,1610612759,New Orleans Pelicans,San Antonio Spurs,NOP,SAS,2016-03-03,86.0,94.0
22015,1610612744,1610612760,Golden State Warriors,Oklahoma City Thunder,GSW,OKC,2016-03-03,121.0,106.0
22015,1610612766,1610612754,Charlotte Hornets,Indiana Pacers,CHA,IND,2016-03-04,108.0,101.0
22015,1610612761,1610612757,Toronto Raptors,Portland Trail Blazers,TOR,POR,2016-03-04,117.0,115.0
22015,1610612738,1610612752,Boston Celtics,New York Knicks,BOS,NYK,2016-03-04,105.0,104.0
22015,1610612747,1610612737,Los Angeles Lakers,Atlanta Hawks,LAL,ATL,2016-03-04,77.0,106.0
22015,1610612755,1610612748,Philadelphia 76ers,Miami Heat,PHI,MIA,2016-03-04,102.0,112.0
22015,1610612749,1610612750,Milwaukee Bucks,Minnesota Timberwolves,MIL,MIN,2016-03-04,116.0,101.0
22015,1610612753,1610612756,Orlando Magic,Phoenix Suns,ORL,PHX,2016-03-04,84.0,102.0
22015,1610612763,1610612762,Memphis Grizzlies,Utah Jazz,MEM,UTA,2016-03-04,94.0,88.0
22015,1610612743,1610612751,Denver Nuggets,Brooklyn Nets,DEN,BKN,2016-03-04,120.0,121.0
22015,1610612739,1610612764,Cleveland Cavaliers,Washington Wizards,CLE,WAS,2016-03-04,108.0,83.0
22015,1610612739,1610612738,Cleveland Cavaliers,Boston Celtics,CLE,BOS,2016-03-05,120.0,103.0
22015,1610612752,1610612765,New York Knicks,Detroit Pistons,NYK,DET,2016-03-05,102.0,89.0
22015,1610612740,1610612762,New Orleans Pelicans,Utah Jazz,NOP,UTA,2016-03-05,94.0,106.0
22015,1610612764,1610612754,Washington Wizards,Indiana Pacers,WAS,IND,2016-03-05,99.0,100.0
22015,1610612741,1610612745,Chicago Bulls,Houston Rockets,CHI,HOU,2016-03-05,108.0,100.0
22015,1610612746,1610612737,LA Clippers,Atlanta Hawks,LAC,ATL,2016-03-05,97.0,107.0
22015,1610612759,1610612758,San Antonio Spurs,Sacramento Kings,SAS,SAC,2016-03-05,104.0,94.0
22015,1610612750,1610612751,Minnesota Timberwolves,Brooklyn Nets,MIN,BKN,2016-03-05,132.0,118.0
22015,1610612749,1610612760,Milwaukee Bucks,Oklahoma City Thunder,MIL,OKC,2016-03-06,96.0,104.0
22015,1610612763,1610612756,Memphis Grizzlies,Phoenix Suns,MEM,PHX,2016-03-06,100.0,109.0
22015,1610612761,1610612745,Toronto Raptors,Houston Rockets,TOR,HOU,2016-03-06,107.0,113.0
22015,1610612765,1610612757,Detroit Pistons,Portland Trail Blazers,DET,POR,2016-03-06,123.0,103.0
22015,1610612743,1610612742,Denver Nuggets,Dallas Mavericks,DEN,DAL,2016-03-06,116.0,114.0
22015,1610612748,1610612755,Miami Heat,Philadelphia 76ers,MIA,PHI,2016-03-06,103.0,98.0
22015,1610612747,1610612744,Los Angeles Lakers,Golden State Warriors,LAL,GSW,2016-03-06,112.0,95.0
22015,1610612742,1610612746,Dallas Mavericks,LA Clippers,DAL,LAC,2016-03-07,90.0,109.0
22015,1610612741,1610612749,Chicago Bulls,Milwaukee Bucks,CHI,MIL,2016-03-07,100.0,90.0
22015,1610612744,1610612753,Golden State Warriors,Orlando Magic,GSW,ORL,2016-03-07,119.0,113.0
22015,1610612754,1610612759,Indiana Pacers,San Antonio Spurs,IND,SAS,2016-03-07,99.0,91.0
22015,1610612740,1610612758,New Orleans Pelicans,Sacramento Kings,NOP,SAC,2016-03-07,115.0,112.0
22015,1610612739,1610612763,Cleveland Cavaliers,Memphis Grizzlies,CLE,MEM,2016-03-07,103.0,106.0
22015,1610612766,1610612750,Charlotte Hornets,Minnesota Timberwolves,CHA,MIN,2016-03-07,108.0,103.0
22015,1610612750,1610612759,Minnesota Timberwolves,San Antonio Spurs,MIN,SAS,2016-03-08,91.0,116.0
22015,1610612743,1610612752,Denver Nuggets,New York Knicks,DEN,NYK,2016-03-08,110.0,94.0
22015,1610612757,1610612764,Portland Trail Blazers,Washington Wizards,POR,WAS,2016-03-08,116.0,109.0
22015,1610612761,1610612751,Toronto Raptors,Brooklyn Nets,TOR,BKN,2016-03-08,104.0,99.0
22015,1610612747,1610612753,Los Angeles Lakers,Orlando Magic,LAL,ORL,2016-03-08,107.0,98.0
22015,1610612762,1610612737,Utah Jazz,Atlanta Hawks,UTA,ATL,2016-03-08,84.0,91.0
22015,1610612738,1610612763,Boston Celtics,Memphis Grizzlies,BOS,MEM,2016-03-09,116.0,96.0
22015,1610612760,1610612746,Oklahoma City Thunder,LA Clippers,OKC,LAC,2016-03-09,120.0,108.0
22015,1610612744,1610612762,Golden State Warriors,Utah Jazz,GSW,UTA,2016-03-09,115.0,94.0
22015,1610612766,1610612740,Charlotte Hornets,New Orleans Pelicans,CHA,NOP,2016-03-09,122.0,113.0
22015,1610612755,1610612745,Philadelphia 76ers,Houston Rockets,PHI,HOU,2016-03-09,104.0,118.0
22015,1610612749,1610612748,Milwaukee Bucks,Miami Heat,MIL,MIA,2016-03-09,114.0,108.0
22015,1610612756,1610612752,Phoenix Suns,New York Knicks,PHX,NYK,2016-03-09,97.0,128.0
22015,1610612742,1610612765,Dallas Mavericks,Detroit Pistons,DAL,DET,2016-03-09,96.0,102.0
22015,1610612758,1610612739,Sacramento Kings,Cleveland Cavaliers,SAC,CLE,2016-03-09,111.0,120.0
22015,1610612761,1610612737,Toronto Raptors,Atlanta Hawks,TOR,ATL,2016-03-10,104.0,96.0
22015,1610612747,1610612739,Los Angeles Lakers,Cleveland Cavaliers,LAL,CLE,2016-03-10,108.0,120.0
22015,1610612743,1610612756,Denver Nuggets,Phoenix Suns,DEN,PHX,2016-03-10,116.0,98.0
22015,1610612759,1610612741,San Antonio Spurs,Chicago Bulls,SAS,CHI,2016-03-10,109.0,101.0
22015,1610612758,1610612753,Sacramento Kings,Orlando Magic,SAC,ORL,2016-03-11,100.0,107.0
22015,1610612746,1610612752,LA Clippers,New York Knicks,LAC,NYK,2016-03-11,101.0,94.0
22015,1610612741,1610612748,Chicago Bulls,Miami Heat,CHI,MIA,2016-03-11,96.0,118.0
22015,1610612766,1610612765,Charlotte Hornets,Detroit Pistons,CHA,DET,2016-03-11,118.0,103.0
22015,1610612755,1610612751,Philadelphia 76ers,Brooklyn Nets,PHI,BKN,2016-03-11,95.0,89.0
22015,1610612762,1610612764,Utah Jazz,Washington Wizards,UTA,WAS,2016-03-11,114.0,93.0
22015,1610612760,1610612750,Oklahoma City Thunder,Minnesota Timberwolves,OKC,MIN,2016-03-11,96.0,99.0
22015,1610612763,1610612740,Memphis Grizzlies,New Orleans Pelicans,MEM,NOP,2016-03-11,121.0,114.0
22015,1610612744,1610612757,Golden State Warriors,Portland Trail Blazers,GSW,POR,2016-03-11,128.0,112.0
22015,1610612738,1610612745,Boston Celtics,Houston Rockets,BOS,HOU,2016-03-11,98.0,102.0
22015,1610612737,1610612763,Atlanta Hawks,Memphis Grizzlies,ATL,MEM,2016-03-12,95.0,83.0
22015,1610612761,1610612748,Toronto Raptors,Miami Heat,TOR,MIA,2016-03-12,112.0,104.0
22015,1610612749,1610612740,Milwaukee Bucks,New Orleans Pelicans,MIL,NOP,2016-03-12,103.0,92.0
22015,1610612757,1610612753,Portland Trail Blazers,Orlando Magic,POR,ORL,2016-03-12,121.0,84.0
22015,1610612759,1610612760,San Antonio Spurs,Oklahoma City Thunder,SAS,OKC,2016-03-12,93.0,85.0
22015,1610612766,1610612745,Charlotte Hornets,Houston Rockets,CHA,HOU,2016-03-12,125.0,109.0
22015,1610612743,1610612764,Denver Nuggets,Washington Wizards,DEN,WAS,2016-03-12,116.0,100.0
22015,1610612755,1610612765,Philadelphia 76ers,Detroit Pistons,PHI,DET,2016-03-12,111.0,125.0
22015,1610612744,1610612756,Golden State Warriors,Phoenix Suns,GSW,PHX,2016-03-12,123.0,116.0
22015,1610612742,1610612754,Dallas Mavericks,Indiana Pacers,DAL,IND,2016-03-12,105.0,112.0
22015,1610612746,1610612739,LA Clippers,Cleveland Cavaliers,LAC,CLE,2016-03-13,90.0,114.0
22015,1610612737,1610612754,Atlanta Hawks,Indiana Pacers,ATL,IND,2016-03-13,104.0,75.0
22015,1610612758,1610612762,Sacramento Kings,Utah Jazz,SAC,UTA,2016-03-13,99.0,108.0
22015,1610612747,1610612752,Los Angeles Lakers,New York Knicks,LAL,NYK,2016-03-13,87.0,90.0
22015,1610612751,1610612749,Brooklyn Nets,Milwaukee Bucks,BKN,MIL,2016-03-13,100.0,109.0
22015,1610612764,1610612765,Washington Wizards,Detroit Pistons,WAS,DET,2016-03-14,124.0,81.0
22015,1610612760,1610612757,Oklahoma City Thunder,Portland Trail Blazers,OKC,POR,2016-03-14,128.0,94.0
22015,1610612766,1610612742,Charlotte Hornets,Dallas Mavericks,CHA,DAL,2016-03-14,96.0,107.0
22015,1610612762,1610612739,Utah Jazz,Cleveland Cavaliers,UTA,CLE,2016-03-14,94.0,85.0
22015,1610612756,1610612750,Phoenix Suns,Minnesota Timberwolves,PHX,MIN,2016-03-14,107.0,104.0
22015,1610612761,1610612741,Toronto Raptors,Chicago Bulls,TOR,CHI,2016-03-14,107.0,109.0
22015,1610612744,1610612740,Golden State Warriors,New Orleans Pelicans,GSW,NOP,2016-03-14,125.0,107.0
22015,1610612748,1610612743,Miami Heat,Denver Nuggets,MIA,DEN,2016-03-14,124.0,119.0
22015,1610612745,1610612763,Houston Rockets,Memphis Grizzlies,HOU,MEM,2016-03-14,130.0,81.0
22015,1610612749,1610612761,Milwaukee Bucks,Toronto Raptors,MIL,TOR,2016-03-15,89.0,107.0
22015,1610612759,1610612746,San Antonio Spurs,LA Clippers,SAS,LAC,2016-03-15,108.0,87.0
22015,1610612747,1610612758,Los Angeles Lakers,Sacramento Kings,LAL,SAC,2016-03-15,98.0,106.0
22015,1610612754,1610612738,Indiana Pacers,Boston Celtics,IND,BOS,2016-03-15,103.0,98.0
22015,1610612751,1610612755,Brooklyn Nets,Philadelphia 76ers,BKN,PHI,2016-03-15,131.0,114.0
22015,1610612753,1610612743,Orlando Magic,Denver Nuggets,ORL,DEN,2016-03-15,116.0,110.0
22015,1610612745,1610612746,Houston Rockets,LA Clippers,HOU,LAC,2016-03-16,106.0,122.0
22015,1610612763,1610612750,Memphis Grizzlies,Minnesota Timberwolves,MEM,MIN,2016-03-16,108.0,114.0
22015,1610612758,1610612740,Sacramento Kings,New Orleans Pelicans,SAC,NOP,2016-03-16,108.0,123.0
22015,1610612766,1610612753,Charlotte Hornets,Orlando Magic,CHA,ORL,2016-03-16,107.0,99.0
22015,1610612764,1610612741,Washington Wizards,Chicago Bulls,WAS,CHI,2016-03-16,117.0,96.0
22015,1610612744,1610612752,Golden State Warriors,New York Knicks,GSW,NYK,2016-03-16,121.0,85.0
22015,1610612765,1610612737,Detroit Pistons,Atlanta Hawks,DET,ATL,2016-03-16,114.0,118.0
22015,1610612739,1610612742,Cleveland Cavaliers,Dallas Mavericks,CLE,DAL,2016-03-16,99.0,98.0
22015,1610612738,1610612760,Boston Celtics,Oklahoma City Thunder,BOS,OKC,2016-03-16,109.0,130.0
22015,1610612748,1610612766,Miami Heat,Charlotte Hornets,MIA,CHA,2016-03-17,106.0,109.0
22015,1610612762,1610612756,Utah Jazz,Phoenix Suns,UTA,PHX,2016-03-17,103.0,69.0
22015,1610612755,1610612764,Philadelphia 76ers,Washington Wizards,PHI,WAS,2016-03-17,94.0,99.0
22015,1610612759,1610612757,San Antonio Spurs,Portland Trail Blazers,SAS,POR,2016-03-17,118.0,110.0
22015,1610612741,1610612751,Chicago Bulls,Brooklyn Nets,CHI,BKN,2016-03-17,118.0,102.0
22015,1610612749,1610612763,Milwaukee Bucks,Memphis Grizzlies,MIL,MEM,2016-03-17,96.0,86.0
22015,1610612754,1610612761,Indiana Pacers,Toronto Raptors,IND,TOR,2016-03-17,94.0,101.0
22015,1610612737,1610612743,Atlanta Hawks,Denver Nuggets,ATL,DEN,2016-03-17,116.0,98.0
22015,1610612740,1610612757,New Orleans Pelicans,Portland Trail Blazers,NOP,POR,2016-03-18,112.0,117.0
22015,1610612742,1610612744,Dallas Mavericks,Golden State Warriors,DAL,GSW,2016-03-18,112.0,130.0
22015,1610612747,1610612756,Los Angeles Lakers,Phoenix Suns,LAL,PHX,2016-03-18,90.0,95.0
22015,1610612753,1610612739,Orlando Magic,Cleveland Cavaliers,ORL,CLE,2016-03-18,103.0,109.0
22015,1610612745,1610612750,Houston Rockets,Minnesota Timberwolves,HOU,MIN,2016-03-18,116.0,111.0
22015,1610612761,1610612738,Toronto Raptors,Boston Celtics,TOR,BOS,2016-03-18,105.0,91.0
22015,1610612765,1610612758,Detroit Pistons,Sacramento Kings,DET,SAC,2016-03-18,115.0,108.0
22015,1610612755,1610612760,Philadelphia 76ers,Oklahoma City Thunder,PHI,OKC,2016-03-18,97.0,111.0
22015,1610612754,1610612760,Indiana Pacers,Oklahoma City Thunder,IND,OKC,2016-03-19,111.0,115.0
22015,1610612764,1610612752,Washington Wizards,New York Knicks,WAS,NYK,2016-03-19,99.0,89.0
22015,1610612766,1610612743,Charlotte Hornets,Denver Nuggets,CHA,DEN,2016-03-19,93.0,101.0
22015,1610612748,1610612739,Miami Heat,Cleveland Cavaliers,MIA,CLE,2016-03-19,122.0,101.0
22015,1610612741,1610612762,Chicago Bulls,Utah Jazz,CHI,UTA,2016-03-19,92.0,85.0
22015,1610612765,1610612751,Detroit Pistons,Brooklyn Nets,DET,BKN,2016-03-19,115.0,103.0
22015,1610612737,1610612745,Atlanta Hawks,Houston Rockets,ATL,HOU,2016-03-19,109.0,97.0
22015,1610612759,1610612744,San Antonio Spurs,Golden State Warriors,SAS,GSW,2016-03-19,87.0,79.0
22015,1610612763,1610612746,Memphis Grizzlies,LA Clippers,MEM,LAC,2016-03-19,113.0,102.0
22015,1610612755,1610612738,Philadelphia 76ers,Boston Celtics,PHI,BOS,2016-03-20,105.0,120.0
22015,1610612761,1610612753,Toronto Raptors,Orlando Magic,TOR,ORL,2016-03-20,105.0,100.0
22015,1610612749,1610612762,Milwaukee Bucks,Utah Jazz,MIL,UTA,2016-03-20,85.0,94.0
22015,1610612742,1610612757,Dallas Mavericks,Portland Trail Blazers,DAL,POR,2016-03-20,132.0,120.0
22015,1610612740,1610612746,New Orleans Pelicans,LA Clippers,NOP,LAC,2016-03-20,109.0,105.0
22015,1610612752,1610612758,New York Knicks,Sacramento Kings,NYK,SAC,2016-03-20,80.0,88.0
22015,1610612737,1610612764,Atlanta Hawks,Washington Wizards,ATL,WAS,2016-03-21,102.0,117.0
22015,1610612765,1610612749,Detroit Pistons,Milwaukee Bucks,DET,MIL,2016-03-21,92.0,91.0
22015,1610612738,1610612753,Boston Celtics,Orlando Magic,BOS,ORL,2016-03-21,107.0,96.0
22015,1610612750,1610612744,Minnesota Timberwolves,Golden State Warriors,MIN,GSW,2016-03-21,104.0,109.0
22015,1610612739,1610612743,Cleveland Cavaliers,Denver Nuggets,CLE,DEN,2016-03-21,124.0,91.0
22015,1610612766,1610612759,Charlotte Hornets,San Antonio Spurs,CHA,SAS,2016-03-21,91.0,88.0
22015,1610612754,1610612755,Indiana Pacers,Philadelphia 76ers,IND,PHI,2016-03-21,91.0,75.0
22015,1610612756,1610612763,Phoenix Suns,Memphis Grizzlies,PHX,MEM,2016-03-21,97.0,103.0
22015,1610612741,1610612758,Chicago Bulls,Sacramento Kings,CHI,SAC,2016-03-21,109.0,102.0
22015,1610612747,1610612763,Los Angeles Lakers,Memphis Grizzlies,LAL,MEM,2016-03-22,107.0,100.0
22015,1610612740,1610612748,New Orleans Pelicans,Miami Heat,NOP,MIA,2016-03-22,99.0,113.0
22015,1610612751,1610612766,Brooklyn Nets,Charlotte Hornets,BKN,CHA,2016-03-22,100.0,105.0
22015,1610612760,1610612745,Oklahoma City Thunder,Houston Rockets,OKC,HOU,2016-03-22,111.0,107.0
22015,1610612757,1610612742,Portland Trail Blazers,Dallas Mavericks,POR,DAL,2016-03-23,109.0,103.0
22015,1610612765,1610612753,Detroit Pistons,Orlando Magic,DET,ORL,2016-03-23,118.0,102.0
22015,1610612738,1610612761,Boston Celtics,Toronto Raptors,BOS,TOR,2016-03-23,91.0,79.0
22015,1610612741,1610612752,Chicago Bulls,New York Knicks,CHI,NYK,2016-03-23,107.0,115.0
22015,1610612745,1610612762,Houston Rockets,Utah Jazz,HOU,UTA,2016-03-23,87.0,89.0
22015,1610612739,1610612749,Cleveland Cavaliers,Milwaukee Bucks,CLE,MIL,2016-03-23,113.0,104.0
22015,1610612764,1610612737,Washington Wizards,Atlanta Hawks,WAS,ATL,2016-03-23,101.0,122.0
22015,1610612759,1610612748,San Antonio Spurs,Miami Heat,SAS,MIA,2016-03-23,112.0,88.0
22015,1610612750,1610612758,Minnesota Timberwolves,Sacramento Kings,MIN,SAC,2016-03-23,113.0,104.0
22015,1610612744,1610612746,Golden State Warriors,LA Clippers,GSW,LAC,2016-03-23,114.0,98.0
22015,1610612756,1610612747,Phoenix Suns,Los Angeles Lakers,PHX,LAL,2016-03-23,119.0,107.0
22015,1610612743,1610612755,Denver Nuggets,Philadelphia 76ers,DEN,PHI,2016-03-23,104.0,103.0
22015,1610612751,1610612739,Brooklyn Nets,Cleveland Cavaliers,BKN,CLE,2016-03-24,104.0,95.0
22015,1610612754,1610612740,Indiana Pacers,New Orleans Pelicans,IND,NOP,2016-03-24,92.0,84.0
22015,1610612752,1610612741,New York Knicks,Chicago Bulls,NYK,CHI,2016-03-24,106.0,94.0
22015,1610612746,1610612757,LA Clippers,Portland Trail Blazers,LAC,POR,2016-03-24,96.0,94.0
22015,1610612760,1610612762,Oklahoma City Thunder,Utah Jazz,OKC,UTA,2016-03-24,113.0,91.0
22015,1610612737,1610612749,Atlanta Hawks,Milwaukee Bucks,ATL,MIL,2016-03-25,101.0,90.0
22015,1610612747,1610612743,Los Angeles Lakers,Denver Nuggets,LAL,DEN,2016-03-25,105.0,116.0
22015,1610612745,1610612761,Houston Rockets,Toronto Raptors,HOU,TOR,2016-03-25,112.0,109.0
22015,1610612759,1610612763,San Antonio Spurs,Memphis Grizzlies,SAS,MEM,2016-03-25,110.0,104.0
22015,1610612748,1610612753,Miami Heat,Orlando Magic,MIA,ORL,2016-03-25,108.0,97.0
22015,1610612765,1610612766,Detroit Pistons,Charlotte Hornets,DET,CHA,2016-03-25,112.0,105.0
22015,1610612744,1610612742,Golden State Warriors,Dallas Mavericks,GSW,DAL,2016-03-25,128.0,120.0
22015,1610612758,1610612756,Sacramento Kings,Phoenix Suns,SAC,PHX,2016-03-25,116.0,94.0
22015,1610612764,1610612750,Washington Wizards,Minnesota Timberwolves,WAS,MIN,2016-03-25,129.0,132.0
22015,1610612752,1610612739,New York Knicks,Cleveland Cavaliers,NYK,CLE,2016-03-26,93.0,107.0
22015,1610612749,1610612766,Milwaukee Bucks,Charlotte Hornets,MIL,CHA,2016-03-26,91.0,115.0
22015,1610612765,1610612737,Detroit Pistons,Atlanta Hawks,DET,ATL,2016-03-26,95.0,112.0
22015,1610612760,1610612759,Oklahoma City Thunder,San Antonio Spurs,OKC,SAS,2016-03-26,111.0,92.0
22015,1610612740,1610612761,New Orleans Pelicans,Toronto Raptors,NOP,TOR,2016-03-26,91.0,115.0
22015,1610612756,1610612738,Phoenix Suns,Boston Celtics,PHX,BOS,2016-03-26,99.0,102.0
22015,1610612757,1610612755,Portland Trail Blazers,Philadelphia 76ers,POR,PHI,2016-03-26,108.0,105.0
22015,1610612751,1610612754,Brooklyn Nets,Indiana Pacers,BKN,IND,2016-03-26,120.0,110.0
22015,1610612753,1610612741,Orlando Magic,Chicago Bulls,ORL,CHI,2016-03-26,111.0,89.0
22015,1610612750,1610612762,Minnesota Timberwolves,Utah Jazz,MIN,UTA,2016-03-26,84.0,93.0
22015,1610612758,1610612742,Sacramento Kings,Dallas Mavericks,SAC,DAL,2016-03-27,133.0,111.0
22015,1610612746,1610612743,LA Clippers,Denver Nuggets,LAC,DEN,2016-03-27,105.0,90.0
22015,1610612744,1610612755,Golden State Warriors,Philadelphia 76ers,GSW,PHI,2016-03-27,117.0,105.0
22015,1610612754,1610612745,Indiana Pacers,Houston Rockets,IND,HOU,2016-03-27,104.0,101.0
22015,1610612747,1610612764,Los Angeles Lakers,Washington Wizards,LAL,WAS,2016-03-27,88.0,101.0
22015,1610612762,1610612747,Utah Jazz,Los Angeles Lakers,UTA,LAL,2016-03-28,123.0,75.0
22015,1610612740,1610612752,New Orleans Pelicans,New York Knicks,NOP,NYK,2016-03-28,99.0,91.0
22015,1610612763,1610612759,Memphis Grizzlies,San Antonio Spurs,MEM,SAS,2016-03-28,87.0,101.0
22015,1610612741,1610612737,Chicago Bulls,Atlanta Hawks,CHI,ATL,2016-03-28,100.0,102.0
22015,1610612743,1610612742,Denver Nuggets,Dallas Mavericks,DEN,DAL,2016-03-28,88.0,97.0
22015,1610612761,1610612760,Toronto Raptors,Oklahoma City Thunder,TOR,OKC,2016-03-28,100.0,119.0
22015,1610612746,1610612738,LA Clippers,Boston Celtics,LAC,BOS,2016-03-28,114.0,90.0
22015,1610612750,1610612756,Minnesota Timberwolves,Phoenix Suns,MIN,PHX,2016-03-28,121.0,116.0
22015,1610612757,1610612758,Portland Trail Blazers,Sacramento Kings,POR,SAC,2016-03-28,105.0,93.0
22015,1610612748,1610612751,Miami Heat,Brooklyn Nets,MIA,BKN,2016-03-28,110.0,99.0
22015,1610612753,1610612751,Orlando Magic,Brooklyn Nets,ORL,BKN,2016-03-29,139.0,105.0
22015,1610612739,1610612745,Cleveland Cavaliers,Houston Rockets,CLE,HOU,2016-03-29,100.0,106.0
22015,1610612754,1610612741,Indiana Pacers,Chicago Bulls,IND,CHI,2016-03-29,96.0,98.0
22015,1610612765,1610612760,Detroit Pistons,Oklahoma City Thunder,DET,OKC,2016-03-29,88.0,82.0
22015,1610612755,1610612766,Philadelphia 76ers,Charlotte Hornets,PHI,CHA,2016-03-29,85.0,100.0
22015,1610612744,1610612764,Golden State Warriors,Washington Wizards,GSW,WAS,2016-03-29,102.0,94.0
22015,1610612747,1610612748,Los Angeles Lakers,Miami Heat,LAL,MIA,2016-03-30,102.0,100.0
22015,1610612759,1610612740,San Antonio Spurs,New Orleans Pelicans,SAS,NOP,2016-03-30,100.0,92.0
22015,1610612750,1610612746,Minnesota Timberwolves,LA Clippers,MIN,LAC,2016-03-30,79.0,99.0
22015,1610612749,1610612756,Milwaukee Bucks,Phoenix Suns,MIL,PHX,2016-03-30,105.0,94.0
22015,1610612763,1610612743,Memphis Grizzlies,Denver Nuggets,MEM,DEN,2016-03-30,105.0,109.0
22015,1610612742,1610612752,Dallas Mavericks,New York Knicks,DAL,NYK,2016-03-30,91.0,89.0
22015,1610612762,1610612744,Utah Jazz,Golden State Warriors,UTA,GSW,2016-03-30,96.0,103.0
22015,1610612761,1610612737,Toronto Raptors,Atlanta Hawks,TOR,ATL,2016-03-30,105.0,97.0
22015,1610612758,1610612764,Sacramento Kings,Washington Wizards,SAC,WAS,2016-03-30,120.0,111.0
22015,1610612757,1610612738,Portland Trail Blazers,Boston Celtics,POR,BOS,2016-03-31,116.0,109.0
22015,1610612745,1610612741,Houston Rockets,Chicago Bulls,HOU,CHI,2016-03-31,100.0,103.0
22015,1610612739,1610612751,Cleveland Cavaliers,Brooklyn Nets,CLE,BKN,2016-03-31,107.0,87.0
22015,1610612740,1610612743,New Orleans Pelicans,Denver Nuggets,NOP,DEN,2016-03-31,101.0,95.0
22015,1610612760,1610612746,Oklahoma City Thunder,LA Clippers,OKC,LAC,2016-03-31,119.0,117.0
22015,1610612754,1610612753,Indiana Pacers,Orlando Magic,IND,ORL,2016-03-31,94.0,114.0
22015,1610612752,1610612751,New York Knicks,Brooklyn Nets,NYK,BKN,2016-04-01,105.0,91.0
22015,1610612737,1610612739,Atlanta Hawks,Cleveland Cavaliers,ATL,CLE,2016-04-01,108.0,110.0
22015,1610612765,1610612742,Detroit Pistons,Dallas Mavericks,DET,DAL,2016-04-01,89.0,98.0
22015,1610612766,1610612755,Charlotte Hornets,Philadelphia 76ers,CHA,PHI,2016-04-01,100.0,91.0
22015,1610612756,1610612764,Phoenix Suns,Washington Wizards,PHX,WAS,2016-04-01,99.0,106.0
22015,1610612762,1610612750,Utah Jazz,Minnesota Timberwolves,UTA,MIN,2016-04-01,98.0,85.0
22015,1610612763,1610612761,Memphis Grizzlies,Toronto Raptors,MEM,TOR,2016-04-01,95.0,99.0
22015,1610612749,1610612753,Milwaukee Bucks,Orlando Magic,MIL,ORL,2016-04-01,113.0,110.0
22015,1610612758,1610612748,Sacramento Kings,Miami Heat,SAC,MIA,2016-04-01,106.0,112.0
22015,1610612744,1610612738,Golden State Warriors,Boston Celtics,GSW,BOS,2016-04-01,106.0,109.0
22015,1610612757,1610612748,Portland Trail Blazers,Miami Heat,POR,MIA,2016-04-02,110.0,93.0
22015,1610612741,1610612765,Chicago Bulls,Detroit Pistons,CHI,DET,2016-04-02,90.0,94.0
22015,1610612743,1610612758,Denver Nuggets,Sacramento Kings,DEN,SAC,2016-04-02,106.0,115.0
22015,1610612759,1610612761,San Antonio Spurs,Toronto Raptors,SAS,TOR,2016-04-02,102.0,95.0
22015,1610612755,1610612754,Philadelphia 76ers,Indiana Pacers,PHI,IND,2016-04-02,102.0,115.0
22015,1610612749,1610612741,Milwaukee Bucks,Chicago Bulls,MIL,CHI,2016-04-03,98.0,102.0
22015,1610612753,1610612763,Orlando Magic,Memphis Grizzlies,ORL,MEM,2016-04-03,119.0,107.0
22015,1610612747,1610612738,Los Angeles Lakers,Boston Celtics,LAL,BOS,2016-04-03,100.0,107.0
22015,1610612739,1610612766,Cleveland Cavaliers,Charlotte Hornets,CLE,CHA,2016-04-03,112.0,103.0
22015,1610612752,1610612754,New York Knicks,Indiana Pacers,NYK,IND,2016-04-03,87.0,92.0
22015,1610612750,1610612742,Minnesota Timberwolves,Dallas Mavericks,MIN,DAL,2016-04-03,78.0,88.0
22015,1610612744,1610612757,Golden State Warriors,Portland Trail Blazers,GSW,POR,2016-04-03,136.0,111.0
22015,1610612745,1610612760,Houston Rockets,Oklahoma City Thunder,HOU,OKC,2016-04-03,118.0,110.0
22015,1610612746,1610612764,LA Clippers,Washington Wizards,LAC,WAS,2016-04-03,114.0,109.0
22015,1610612756,1610612762,Phoenix Suns,Utah Jazz,PHX,UTA,2016-04-03,86.0,101.0
22015,1610612751,1610612740,Brooklyn Nets,New Orleans Pelicans,BKN,NOP,2016-04-03,87.0,106.0
22015,1610612746,1610612747,LA Clippers,Los Angeles Lakers,LAC,LAL,2016-04-05,103.0,81.0
22015,1610612743,1610612760,Denver Nuggets,Oklahoma City Thunder,DEN,OKC,2016-04-05,102.0,124.0
22015,1610612763,1610612741,Memphis Grizzlies,Chicago Bulls,MEM,CHI,2016-04-05,108.0,92.0
22015,1610612749,1610612739,Milwaukee Bucks,Cleveland Cavaliers,MIL,CLE,2016-04-05,80.0,109.0
22015,1610612755,1610612740,Philadelphia 76ers,New Orleans Pelicans,PHI,NOP,2016-04-05,107.0,93.0
22015,1610612761,1610612766,Toronto Raptors,Charlotte Hornets,TOR,CHA,2016-04-05,96.0,90.0
22015,1610612762,1610612759,Utah Jazz,San Antonio Spurs,UTA,SAS,2016-04-05,86.0,88.0
22015,1610612758,1610612757,Sacramento Kings,Portland Trail Blazers,SAC,POR,2016-04-05,107.0,115.0
22015,1610612748,1610612765,Miami Heat,Detroit Pistons,MIA,DET,2016-04-05,107.0,89.0
22015,1610612744,1610612750,Golden State Warriors,Minnesota Timberwolves,GSW,MIN,2016-04-05,117.0,124.0
22015,1610612737,1610612756,Atlanta Hawks,Phoenix Suns,ATL,PHX,2016-04-05,103.0,90.0
22015,1610612754,1610612739,Indiana Pacers,Cleveland Cavaliers,IND,CLE,2016-04-06,123.0,109.0
22015,1610612738,1610612740,Boston Celtics,New Orleans Pelicans,BOS,NOP,2016-04-06,104.0,97.0
22015,1610612742,1610612745,Dallas Mavericks,Houston Rockets,DAL,HOU,2016-04-06,88.0,86.0
22015,1610612764,1610612751,Washington Wizards,Brooklyn Nets,WAS,BKN,2016-04-06,121.0,103.0
22015,1610612752,1610612766,New York Knicks,Charlotte Hornets,NYK,CHA,2016-04-06,97.0,111.0
22015,1610612747,1610612746,Los Angeles Lakers,LA Clippers,LAL,LAC,2016-04-06,81.0,91.0
22015,1610612753,1610612765,Orlando Magic,Detroit Pistons,ORL,DET,2016-04-06,104.0,108.0
22015,1610612757,1610612760,Portland Trail Blazers,Oklahoma City Thunder,POR,OKC,2016-04-06,120.0,115.0
22015,1610612745,1610612756,Houston Rockets,Phoenix Suns,HOU,PHX,2016-04-07,115.0,124.0
22015,1610612758,1610612750,Sacramento Kings,Minnesota Timberwolves,SAC,MIN,2016-04-07,97.0,105.0
22015,1610612737,1610612761,Atlanta Hawks,Toronto Raptors,ATL,TOR,2016-04-07,95.0,87.0
22015,1610612748,1610612741,Miami Heat,Chicago Bulls,MIA,CHI,2016-04-07,106.0,98.0
22015,1610612744,1610612759,Golden State Warriors,San Antonio Spurs,GSW,SAS,2016-04-07,112.0,101.0
22015,1610612742,1610612763,Dallas Mavericks,Memphis Grizzlies,DAL,MEM,2016-04-08,103.0,93.0
22015,1610612738,1610612749,Boston Celtics,Milwaukee Bucks,BOS,MIL,2016-04-08,124.0,109.0
22015,1610612765,1610612764,Detroit Pistons,Washington Wizards,DET,WAS,2016-04-08,112.0,99.0
22015,1610612743,1610612759,Denver Nuggets,San Antonio Spurs,DEN,SAS,2016-04-08,102.0,98.0
22015,1610612766,1610612751,Charlotte Hornets,Brooklyn Nets,CHA,BKN,2016-04-08,113.0,99.0
22015,1610612761,1610612754,Toronto Raptors,Indiana Pacers,TOR,IND,2016-04-08,111.0,98.0
22015,1610612755,1610612752,Philadelphia 76ers,New York Knicks,PHI,NYK,2016-04-08,102.0,109.0
22015,1610612762,1610612746,Utah Jazz,LA Clippers,UTA,LAC,2016-04-08,99.0,102.0
22015,1610612753,1610612748,Orlando Magic,Miami Heat,ORL,MIA,2016-04-08,112.0,109.0
22015,1610612740,1610612747,New Orleans Pelicans,Los Angeles Lakers,NOP,LAL,2016-04-08,110.0,102.0
22015,1610612740,1610612756,New Orleans Pelicans,Phoenix Suns,NOP,PHX,2016-04-09,100.0,121.0
22015,1610612741,1610612739,Chicago Bulls,Cleveland Cavaliers,CHI,CLE,2016-04-09,105.0,102.0
22015,1610612757,1610612750,Portland Trail Blazers,Minnesota Timberwolves,POR,MIN,2016-04-09,105.0,106.0
22015,1610612763,1610612744,Memphis Grizzlies,Golden State Warriors,MEM,GSW,2016-04-09,99.0,100.0
22015,1610612758,1610612760,Sacramento Kings,Oklahoma City Thunder,SAC,OKC,2016-04-09,114.0,112.0
22015,1610612737,1610612738,Atlanta Hawks,Boston Celtics,ATL,BOS,2016-04-09,118.0,107.0
22015,1610612759,1610612744,San Antonio Spurs,Golden State Warriors,SAS,GSW,2016-04-10,86.0,92.0
22015,1610612764,1610612766,Washington Wizards,Charlotte Hornets,WAS,CHA,2016-04-10,113.0,98.0
22015,1610612748,1610612753,Miami Heat,Orlando Magic,MIA,ORL,2016-04-10,118.0,96.0
22015,1610612755,1610612749,Philadelphia 76ers,Milwaukee Bucks,PHI,MIL,2016-04-10,108.0,109.0
22015,1610612746,1610612742,LA Clippers,Dallas Mavericks,LAC,DAL,2016-04-10,98.0,91.0
22015,1610612743,1610612762,Denver Nuggets,Utah Jazz,DEN,UTA,2016-04-10,84.0,100.0
22015,1610612745,1610612747,Houston Rockets,Los Angeles Lakers,HOU,LAL,2016-04-10,130.0,110.0
22015,1610612752,1610612761,New York Knicks,Toronto Raptors,NYK,TOR,2016-04-10,89.0,93.0
22015,1610612754,1610612751,Indiana Pacers,Brooklyn Nets,IND,BKN,2016-04-10,129.0,105.0
22015,1610612738,1610612766,Boston Celtics,Charlotte Hornets,BOS,CHA,2016-04-11,100.0,114.0
22015,1610612740,1610612741,New Orleans Pelicans,Chicago Bulls,NOP,CHI,2016-04-11,116.0,121.0
22015,1610612750,1610612745,Minnesota Timberwolves,Houston Rockets,MIN,HOU,2016-04-11,105.0,129.0
22015,1610612751,1610612764,Brooklyn Nets,Washington Wizards,BKN,WAS,2016-04-11,111.0,120.0
22015,1610612760,1610612747,Oklahoma City Thunder,Los Angeles Lakers,OKC,LAL,2016-04-11,112.0,79.0
22015,1610612753,1610612749,Orlando Magic,Milwaukee Bucks,ORL,MIL,2016-04-11,107.0,98.0
22015,1610612762,1610612742,Utah Jazz,Dallas Mavericks,UTA,DAL,2016-04-11,92.0,101.0
22015,1610612739,1610612737,Cleveland Cavaliers,Atlanta Hawks,CLE,ATL,2016-04-11,109.0,94.0
22015,1610612756,1610612758,Phoenix Suns,Sacramento Kings,PHX,SAC,2016-04-11,101.0,105.0
22015,1610612765,1610612748,Detroit Pistons,Miami Heat,DET,MIA,2016-04-12,93.0,99.0
22015,1610612761,1610612755,Toronto Raptors,Philadelphia 76ers,TOR,PHI,2016-04-12,122.0,98.0
22015,1610612759,1610612760,San Antonio Spurs,Oklahoma City Thunder,SAS,OKC,2016-04-12,102.0,98.0
22015,1610612754,1610612752,Indiana Pacers,New York Knicks,IND,NYK,2016-04-12,102.0,90.0
22015,1610612746,1610612763,LA Clippers,Memphis Grizzlies,LAC,MEM,2016-04-12,110.0,84.0
22015,1610612749,1610612754,Milwaukee Bucks,Indiana Pacers,MIL,IND,2016-04-13,92.0,97.0
22015,1610612764,1610612737,Washington Wizards,Atlanta Hawks,WAS,ATL,2016-04-13,109.0,98.0
22015,1610612738,1610612748,Boston Celtics,Miami Heat,BOS,MIA,2016-04-13,98.0,88.0
22015,1610612745,1610612758,Houston Rockets,Sacramento Kings,HOU,SAC,2016-04-13,116.0,81.0
22015,1610612744,1610612763,Golden State Warriors,Memphis Grizzlies,GSW,MEM,2016-04-13,125.0,104.0
22015,1610612741,1610612755,Chicago Bulls,Philadelphia 76ers,CHI,PHI,2016-04-13,115.0,105.0
22015,1610612766,1610612753,Charlotte Hornets,Orlando Magic,CHA,ORL,2016-04-13,117.0,103.0
22015,1610612751,1610612761,Brooklyn Nets,Toronto Raptors,BKN,TOR,2016-04-13,96.0,103.0
22015,1610612757,1610612743,Portland Trail Blazers,Denver Nuggets,POR,DEN,2016-04-13,107.0,99.0
22015,1610612742,1610612759,Dallas Mavericks,San Antonio Spurs,DAL,SAS,2016-04-13,91.0,96.0
22015,1610612750,1610612740,Minnesota Timberwolves,New Orleans Pelicans,MIN,NOP,2016-04-13,144.0,109.0
22015,1610612739,1610612765,Cleveland Cavaliers,Detroit Pistons,CLE,DET,2016-04-13,110.0,112.0
22015,1610612756,1610612746,Phoenix Suns,LA Clippers,PHX,LAC,2016-04-13,114.0,105.0
22015,1610612747,1610612762,Los Angeles Lakers,Utah Jazz,LAL,UTA,2016-04-13,101.0,96.0
42015,1610612744,1610612745,Golden State Warriors,Houston Rockets,GSW,HOU,2016-04-16,104.0,78.0
42015,1610612761,1610612754,Toronto Raptors,Indiana Pacers,TOR,IND,2016-04-16,90.0,100.0
42015,1610612737,1610612738,Atlanta Hawks,Boston Celtics,ATL,BOS,2016-04-16,102.0,101.0
42015,1610612760,1610612742,Oklahoma City Thunder,Dallas Mavericks,OKC,DAL,2016-04-16,108.0,70.0
42015,1610612748,1610612766,Miami Heat,Charlotte Hornets,MIA,CHA,2016-04-17,123.0,91.0
42015,1610612759,1610612763,San Antonio Spurs,Memphis Grizzlies,SAS,MEM,2016-04-17,106.0,74.0
42015,1610612746,1610612757,LA Clippers,Portland Trail Blazers,LAC,POR,2016-04-17,115.0,95.0
42015,1610612739,1610612765,Cleveland Cavaliers,Detroit Pistons,CLE,DET,2016-04-17,106.0,101.0
42015,1610612744,1610612745,Golden State Warriors,Houston Rockets,GSW,HOU,2016-04-18,115.0,106.0
42015,1610612760,1610612742,Oklahoma City Thunder,Dallas Mavericks,OKC,DAL,2016-04-18,84.0,85.0
42015,1610612761,1610612754,Toronto Raptors,Indiana Pacers,TOR,IND,2016-04-18,98.0,87.0
42015,1610612759,1610612763,San Antonio Spurs,Memphis Grizzlies,SAS,MEM,2016-04-19,94.0,68.0
42015,1610612737,1610612738,Atlanta Hawks,Boston Celtics,ATL,BOS,2016-04-19,89.0,72.0
42015,1610612739,1610612765,Cleveland Cavaliers,Detroit Pistons,CLE,DET,2016-04-20,107.0,90.0
42015,1610612746,1610612757,LA Clippers,Portland Trail Blazers,LAC,POR,2016-04-20,102.0,81.0
42015,1610612748,1610612766,Miami Heat,Charlotte Hornets,MIA,CHA,2016-04-20,115.0,103.0
42015,1610612745,1610612744,Houston Rockets,Golden State Warriors,HOU,GSW,2016-04-21,97.0,96.0
42015,1610612742,1610612760,Dallas Mavericks,Oklahoma City Thunder,DAL,OKC,2016-04-21,102.0,131.0
42015,1610612754,1610612761,Indiana Pacers,Toronto Raptors,IND,TOR,2016-04-21,85.0,101.0
42015,1610612765,1610612739,Detroit Pistons,Cleveland Cavaliers,DET,CLE,2016-04-22,91.0,101.0
42015,1610612763,1610612759,Memphis Grizzlies,San Antonio Spurs,MEM,SAS,2016-04-22,87.0,96.0
42015,1610612738,1610612737,Boston Celtics,Atlanta Hawks,BOS,ATL,2016-04-22,111.0,103.0
42015,1610612757,1610612746,Portland Trail Blazers,LA Clippers,POR,LAC,2016-04-23,96.0,88.0
42015,1610612742,1610612760,Dallas Mavericks,Oklahoma City Thunder,DAL,OKC,2016-04-23,108.0,119.0
42015,1610612766,1610612748,Charlotte Hornets,Miami Heat,CHA,MIA,2016-04-23,96.0,80.0
42015,1610612754,1610612761,Indiana Pacers,Toronto Raptors,IND,TOR,2016-04-23,100.0,83.0
42015,1610612738,1610612737,Boston Celtics,Atlanta Hawks,BOS,ATL,2016-04-24,104.0,95.0
42015,1610612745,1610612744,Houston Rockets,Golden State Warriors,HOU,GSW,2016-04-24,94.0,121.0
42015,1610612765,1610612739,Detroit Pistons,Cleveland Cavaliers,DET,CLE,2016-04-24,98.0,100.0
42015,1610612763,1610612759,Memphis Grizzlies,San Antonio Spurs,MEM,SAS,2016-04-24,95.0,116.0
42015,1610612757,1610612746,Portland Trail Blazers,LA Clippers,POR,LAC,2016-04-25,98.0,84.0
42015,1610612760,1610612742,Oklahoma City Thunder,Dallas Mavericks,OKC,DAL,2016-04-25,118.0,104.0
42015,1610612766,1610612748,Charlotte Hornets,Miami Heat,CHA,MIA,2016-04-25,89.0,85.0
42015,1610612737,1610612738,Atlanta Hawks,Boston Celtics,ATL,BOS,2016-04-26,110.0,83.0
42015,1610612761,1610612754,Toronto Raptors,Indiana Pacers,TOR,IND,2016-04-26,102.0,99.0
42015,1610612744,1610612745,Golden State Warriors,Houston Rockets,GSW,HOU,2016-04-27,114.0,81.0
42015,1610612746,1610612757,LA Clippers,Portland Trail Blazers,LAC,POR,2016-04-27,98.0,108.0
42015,1610612748,1610612766,Miami Heat,Charlotte Hornets,MIA,CHA,2016-04-27,88.0,90.0
42015,1610612738,1610612737,Boston Celtics,Atlanta Hawks,BOS,ATL,2016-04-28,92.0,104.0
42015,1610612754,1610612761,Indiana Pacers,Toronto Raptors,IND,TOR,2016-04-29,101.0,83.0
42015,1610612757,1610612746,Portland Trail Blazers,LA Clippers,POR,LAC,2016-04-29,106.0,103.0
42015,1610612766,1610612748,Charlotte Hornets,Miami Heat,CHA,MIA,2016-04-29,90.0,97.0
42015,1610612759,1610612760,San Antonio Spurs,Oklahoma City Thunder,SAS,OKC,2016-04-30,124.0,92.0
42015,1610612744,1610612757,Golden State Warriors,Portland Trail Blazers,GSW,POR,2016-05-01,118.0,106.0
42015,1610612748,1610612766,Miami Heat,Charlotte Hornets,MIA,CHA,2016-05-01,106.0,73.0
42015,1610612761,1610612754,Toronto Raptors,Indiana Pacers,TOR,IND,2016-05-01,89.0,84.0
42015,1610612739,1610612737,Cleveland Cavaliers,Atlanta Hawks,CLE,ATL,2016-05-02,104.0,93.0
42015,1610612759,1610612760,San Antonio Spurs,Oklahoma City Thunder,SAS,OKC,2016-05-02,97.0,98.0
42015,1610612761,1610612748,Toronto Raptors,Miami Heat,TOR,MIA,2016-05-03,96.0,102.0
42015,1610612744,1610612757,Golden State Warriors,Portland Trail Blazers,GSW,POR,2016-05-03,110.0,99.0
42015,1610612739,1610612737,Cleveland Cavaliers,Atlanta Hawks,CLE,ATL,2016-05-04,123.0,98.0
42015,1610612761,1610612748,Toronto Raptors,Miami Heat,TOR,MIA,2016-05-05,96.0,92.0
42015,1610612760,1610612759,Oklahoma City Thunder,San Antonio Spurs,OKC,SAS,2016-05-06,96.0,100.0
42015,1610612737,1610612739,Atlanta Hawks,Cleveland Cavaliers,ATL,CLE,2016-05-06,108.0,121.0
42015,1610612748,1610612761,Miami Heat,Toronto Raptors,MIA,TOR,2016-05-07,91.0,95.0
42015,1610612757,1610612744,Portland Trail Blazers,Golden State Warriors,POR,GSW,2016-05-07,120.0,108.0
42015,1610612760,1610612759,Oklahoma City Thunder,San Antonio Spurs,OKC,SAS,2016-05-08,111.0,97.0
42015,1610612737,1610612739,Atlanta Hawks,Cleveland Cavaliers,ATL,CLE,2016-05-08,99.0,100.0
42015,1610612748,1610612761,Miami Heat,Toronto Raptors,MIA,TOR,2016-05-09,94.0,87.0
42015,1610612757,1610612744,Portland Trail Blazers,Golden State Warriors,POR,GSW,2016-05-09,125.0,132.0
42015,1610612759,1610612760,San Antonio Spurs,Oklahoma City Thunder,SAS,OKC,2016-05-10,91.0,95.0
42015,1610612744,1610612757,Golden State Warriors,Portland Trail Blazers,GSW,POR,2016-05-11,125.0,121.0
42015,1610612761,1610612748,Toronto Raptors,Miami Heat,TOR,MIA,2016-05-11,99.0,91.0
42015,1610612760,1610612759,Oklahoma City Thunder,San Antonio Spurs,OKC,SAS,2016-05-12,113.0,99.0
42015,1610612748,1610612761,Miami Heat,Toronto Raptors,MIA,TOR,2016-05-13,103.0,91.0
42015,1610612761,1610612748,Toronto Raptors,Miami Heat,TOR,MIA,2016-05-15,116.0,89.0
42015,1610612744,1610612760,Golden State Warriors,Oklahoma City Thunder,GSW,OKC,2016-05-16,102.0,108.0
42015,1610612739,1610612761,Cleveland Cavaliers,Toronto Raptors,CLE,TOR,2016-05-17,115.0,84.0
42015,1610612744,1610612760,Golden State Warriors,Oklahoma City Thunder,GSW,OKC,2016-05-18,118.0,91.0
42015,1610612739,1610612761,Cleveland Cavaliers,Toronto Raptors,CLE,TOR,2016-05-19,108.0,89.0
42015,1610612761,1610612739,Toronto Raptors,Cleveland Cavaliers,TOR,CLE,2016-05-21,99.0,84.0
42015,1610612760,1610612744,Oklahoma City Thunder,Golden State Warriors,OKC,GSW,2016-05-22,133.0,105.0
42015,1610612761,1610612739,Toronto Raptors,Cleveland Cavaliers,TOR,CLE,2016-05-23,105.0,99.0
42015,1610612760,1610612744,Oklahoma City Thunder,Golden State Warriors,OKC,GSW,2016-05-24,118.0,94.0
42015,1610612739,1610612761,Cleveland Cavaliers,Toronto Raptors,CLE,TOR,2016-05-25,116.0,78.0
42015,1610612744,1610612760,Golden State Warriors,Oklahoma City Thunder,GSW,OKC,2016-05-26,120.0,111.0
42015,1610612761,1610612739,Toronto Raptors,Cleveland Cavaliers,TOR,CLE,2016-05-27,87.0,113.0
42015,1610612760,1610612744,Oklahoma City Thunder,Golden State Warriors,OKC,GSW,2016-05-28,101.0,108.0
42015,1610612744,1610612760,Golden State Warriors,Oklahoma City Thunder,GSW,OKC,2016-05-30,96.0,88.0
42015,1610612744,1610612739,Golden State Warriors,Cleveland Cavaliers,GSW,CLE,2016-06-02,104.0,89.0
42015,1610612744,1610612739,Golden State Warriors,Cleveland Cavaliers,GSW,CLE,2016-06-05,110.0,77.0
42015,1610612739,1610612744,Cleveland Cavaliers,Golden State Warriors,CLE,GSW,2016-06-08,120.0,90.0
42015,1610612739,1610612744,Cleveland Cavaliers,Golden State Warriors,CLE,GSW,2016-06-10,97.0,108.0
42015,1610612744,1610612739,Golden State Warriors,Cleveland Cavaliers,GSW,CLE,2016-06-13,97.0,112.0
42015,1610612739,1610612744,Cleveland Cavaliers,Golden State Warriors,CLE,GSW,2016-06-16,115.0,101.0
42015,1610612744,1610612739,Golden State Warriors,Cleveland Cavaliers,GSW,CLE,2016-06-19,89.0,93.0
22016,1610612757,1610612762,Portland Trail Blazers,Utah Jazz,POR,UTA,2016-10-25,113.0,104.0
22016,1610612739,1610612752,Cleveland Cavaliers,New York Knicks,CLE,NYK,2016-10-25,117.0,88.0
22016,1610612744,1610612759,Golden State Warriors,San Antonio Spurs,GSW,SAS,2016-10-25,100.0,129.0
22016,1610612738,1610612751,Boston Celtics,Brooklyn Nets,BOS,BKN,2016-10-26,122.0,117.0
22016,1610612747,1610612745,Los Angeles Lakers,Houston Rockets,LAL,HOU,2016-10-26,120.0,114.0
22016,1610612749,1610612766,Milwaukee Bucks,Charlotte Hornets,MIL,CHA,2016-10-26,96.0,107.0
22016,1610612753,1610612748,Orlando Magic,Miami Heat,ORL,MIA,2016-10-26,96.0,108.0
22016,1610612763,1610612750,Memphis Grizzlies,Minnesota Timberwolves,MEM,MIN,2016-10-26,102.0,98.0
22016,1610612755,1610612760,Philadelphia 76ers,Oklahoma City Thunder,PHI,OKC,2016-10-26,97.0,103.0
22016,1610612761,1610612765,Toronto Raptors,Detroit Pistons,TOR,DET,2016-10-26,109.0,91.0
22016,1610612754,1610612742,Indiana Pacers,Dallas Mavericks,IND,DAL,2016-10-26,130.0,121.0
22016,1610612740,1610612743,New Orleans Pelicans,Denver Nuggets,NOP,DEN,2016-10-26,102.0,107.0
22016,1610612756,1610612758,Phoenix Suns,Sacramento Kings,PHX,SAC,2016-10-26,94.0,113.0
22016,1610612741,1610612738,Chicago Bulls,Boston Celtics,CHI,BOS,2016-10-27,105.0,99.0
22016,1610612737,1610612764,Atlanta Hawks,Washington Wizards,ATL,WAS,2016-10-27,114.0,99.0
22016,1610612757,1610612746,Portland Trail Blazers,LA Clippers,POR,LAC,2016-10-27,106.0,114.0
22016,1610612758,1610612759,Sacramento Kings,San Antonio Spurs,SAC,SAS,2016-10-27,94.0,102.0
22016,1610612748,1610612766,Miami Heat,Charlotte Hornets,MIA,CHA,2016-10-28,91.0,97.0
22016,1610612760,1610612756,Oklahoma City Thunder,Phoenix Suns,OKC,PHX,2016-10-28,113.0,110.0
22016,1610612740,1610612744,New Orleans Pelicans,Golden State Warriors,NOP,GSW,2016-10-28,114.0,122.0
22016,1610612742,1610612745,Dallas Mavericks,Houston Rockets,DAL,HOU,2016-10-28,98.0,106.0
22016,1610612762,1610612747,Utah Jazz,Los Angeles Lakers,UTA,LAL,2016-10-28,96.0,89.0
22016,1610612765,1610612753,Detroit Pistons,Orlando Magic,DET,ORL,2016-10-28,108.0,82.0
22016,1610612761,1610612739,Toronto Raptors,Cleveland Cavaliers,TOR,CLE,2016-10-28,91.0,94.0
22016,1610612751,1610612754,Brooklyn Nets,Indiana Pacers,BKN,IND,2016-10-28,103.0,94.0
22016,1610612752,1610612763,New York Knicks,Memphis Grizzlies,NYK,MEM,2016-10-29,111.0,104.0
22016,1610612749,1610612751,Milwaukee Bucks,Brooklyn Nets,MIL,BKN,2016-10-29,110.0,108.0
22016,1610612743,1610612757,Denver Nuggets,Portland Trail Blazers,DEN,POR,2016-10-29,113.0,115.0
22016,1610612759,1610612740,San Antonio Spurs,New Orleans Pelicans,SAS,NOP,2016-10-29,98.0,79.0
22016,1610612739,1610612753,Cleveland Cavaliers,Orlando Magic,CLE,ORL,2016-10-29,105.0,99.0
22016,1610612766,1610612738,Charlotte Hornets,Boston Celtics,CHA,BOS,2016-10-29,98.0,104.0
22016,1610612741,1610612754,Chicago Bulls,Indiana Pacers,CHI,IND,2016-10-29,118.0,101.0
22016,1610612755,1610612737,Philadelphia 76ers,Atlanta Hawks,PHI,ATL,2016-10-29,72.0,104.0
22016,1610612758,1610612750,Sacramento Kings,Minnesota Timberwolves,SAC,MIN,2016-10-29,106.0,103.0
22016,1610612765,1610612749,Detroit Pistons,Milwaukee Bucks,DET,MIL,2016-10-30,98.0,83.0
22016,1610612748,1610612759,Miami Heat,San Antonio Spurs,MIA,SAS,2016-10-30,99.0,106.0
22016,1610612746,1610612762,LA Clippers,Utah Jazz,LAC,UTA,2016-10-30,88.0,75.0
22016,1610612756,1610612744,Phoenix Suns,Golden State Warriors,PHX,GSW,2016-10-30,100.0,106.0
22016,1610612745,1610612742,Houston Rockets,Dallas Mavericks,HOU,DAL,2016-10-30,93.0,92.0
22016,1610612763,1610612764,Memphis Grizzlies,Washington Wizards,MEM,WAS,2016-10-30,112.0,103.0
22016,1610612760,1610612747,Oklahoma City Thunder,Los Angeles Lakers,OKC,LAL,2016-10-30,113.0,96.0
22016,1610612746,1610612756,LA Clippers,Phoenix Suns,LAC,PHX,2016-10-31,116.0,98.0
22016,1610612751,1610612741,Brooklyn Nets,Chicago Bulls,BKN,CHI,2016-10-31,88.0,118.0
22016,1610612737,1610612758,Atlanta Hawks,Sacramento Kings,ATL,SAC,2016-10-31,106.0,95.0
22016,1610612761,1610612743,Toronto Raptors,Denver Nuggets,TOR,DEN,2016-10-31,105.0,102.0
22016,1610612757,1610612744,Portland Trail Blazers,Golden State Warriors,POR,GSW,2016-11-01,104.0,127.0
22016,1610612755,1610612753,Philadelphia 76ers,Orlando Magic,PHI,ORL,2016-11-01,101.0,103.0
22016,1610612754,1610612747,Indiana Pacers,Los Angeles Lakers,IND,LAL,2016-11-01,115.0,108.0
22016,1610612740,1610612749,New Orleans Pelicans,Milwaukee Bucks,NOP,MIL,2016-11-01,113.0,117.0
22016,1610612739,1610612745,Cleveland Cavaliers,Houston Rockets,CLE,HOU,2016-11-01,128.0,120.0
22016,1610612759,1610612762,San Antonio Spurs,Utah Jazz,SAS,UTA,2016-11-01,91.0,106.0
22016,1610612748,1610612758,Miami Heat,Sacramento Kings,MIA,SAC,2016-11-01,108.0,96.0
22016,1610612765,1610612752,Detroit Pistons,New York Knicks,DET,NYK,2016-11-01,102.0,89.0
22016,1610612750,1610612763,Minnesota Timberwolves,Memphis Grizzlies,MIN,MEM,2016-11-01,116.0,80.0
22016,1610612763,1610612740,Memphis Grizzlies,New Orleans Pelicans,MEM,NOP,2016-11-02,89.0,83.0
22016,1610612746,1610612760,LA Clippers,Oklahoma City Thunder,LAC,OKC,2016-11-02,83.0,85.0
22016,1610612752,1610612745,New York Knicks,Houston Rockets,NYK,HOU,2016-11-02,99.0,118.0
22016,1610612764,1610612761,Washington Wizards,Toronto Raptors,WAS,TOR,2016-11-02,103.0,113.0
22016,1610612737,1610612747,Atlanta Hawks,Los Angeles Lakers,ATL,LAL,2016-11-02,116.0,123.0
22016,1610612738,1610612741,Boston Celtics,Chicago Bulls,BOS,CHI,2016-11-02,107.0,100.0
22016,1610612762,1610612742,Utah Jazz,Dallas Mavericks,UTA,DAL,2016-11-02,97.0,81.0
22016,1610612751,1610612765,Brooklyn Nets,Detroit Pistons,BKN,DET,2016-11-02,109.0,101.0
22016,1610612756,1610612757,Phoenix Suns,Portland Trail Blazers,PHX,POR,2016-11-02,118.0,115.0
22016,1610612766,1610612755,Charlotte Hornets,Philadelphia 76ers,CHA,PHI,2016-11-02,109.0,93.0
22016,1610612744,1610612760,Golden State Warriors,Oklahoma City Thunder,GSW,OKC,2016-11-03,122.0,96.0
22016,1610612753,1610612758,Orlando Magic,Sacramento Kings,ORL,SAC,2016-11-03,102.0,94.0
22016,1610612750,1610612743,Minnesota Timberwolves,Denver Nuggets,MIN,DEN,2016-11-03,99.0,102.0
22016,1610612749,1610612754,Milwaukee Bucks,Indiana Pacers,MIL,IND,2016-11-03,125.0,107.0
22016,1610612739,1610612738,Cleveland Cavaliers,Boston Celtics,CLE,BOS,2016-11-03,128.0,122.0
22016,1610612763,1610612746,Memphis Grizzlies,LA Clippers,MEM,LAC,2016-11-04,88.0,99.0
22016,1610612747,1610612744,Los Angeles Lakers,Golden State Warriors,LAL,GSW,2016-11-04,117.0,97.0
22016,1610612742,1610612757,Dallas Mavericks,Portland Trail Blazers,DAL,POR,2016-11-04,95.0,105.0
22016,1610612762,1610612759,Utah Jazz,San Antonio Spurs,UTA,SAS,2016-11-04,86.0,100.0
22016,1610612751,1610612766,Brooklyn Nets,Charlotte Hornets,BKN,CHA,2016-11-04,95.0,99.0
22016,1610612740,1610612756,New Orleans Pelicans,Phoenix Suns,NOP,PHX,2016-11-04,111.0,112.0
22016,1610612741,1610612752,Chicago Bulls,New York Knicks,CHI,NYK,2016-11-04,104.0,117.0
22016,1610612761,1610612748,Toronto Raptors,Miami Heat,TOR,MIA,2016-11-04,96.0,87.0
22016,1610612764,1610612737,Washington Wizards,Atlanta Hawks,WAS,ATL,2016-11-04,95.0,92.0
22016,1610612759,1610612746,San Antonio Spurs,LA Clippers,SAS,LAC,2016-11-05,92.0,116.0
22016,1610612755,1610612739,Philadelphia 76ers,Cleveland Cavaliers,PHI,CLE,2016-11-05,101.0,102.0
22016,1610612754,1610612741,Indiana Pacers,Chicago Bulls,IND,CHI,2016-11-05,111.0,94.0
22016,1610612749,1610612758,Milwaukee Bucks,Sacramento Kings,MIL,SAC,2016-11-05,117.0,91.0
22016,1610612760,1610612750,Oklahoma City Thunder,Minnesota Timberwolves,OKC,MIN,2016-11-05,112.0,92.0
22016,1610612737,1610612745,Atlanta Hawks,Houston Rockets,ATL,HOU,2016-11-05,112.0,97.0
22016,1610612765,1610612743,Detroit Pistons,Denver Nuggets,DET,DEN,2016-11-05,103.0,86.0
22016,1610612753,1610612764,Orlando Magic,Washington Wizards,ORL,WAS,2016-11-05,88.0,86.0
22016,1610612742,1610612749,Dallas Mavericks,Milwaukee Bucks,DAL,MIL,2016-11-06,86.0,75.0
22016,1610612763,1610612757,Memphis Grizzlies,Portland Trail Blazers,MEM,POR,2016-11-06,94.0,100.0
22016,1610612747,1610612756,Los Angeles Lakers,Phoenix Suns,LAL,PHX,2016-11-06,119.0,108.0
22016,1610612738,1610612743,Boston Celtics,Denver Nuggets,BOS,DEN,2016-11-06,107.0,123.0
22016,1610612761,1610612758,Toronto Raptors,Sacramento Kings,TOR,SAC,2016-11-06,91.0,96.0
22016,1610612752,1610612762,New York Knicks,Utah Jazz,NYK,UTA,2016-11-06,109.0,114.0
22016,1610612764,1610612745,Washington Wizards,Houston Rockets,WAS,HOU,2016-11-07,106.0,114.0
22016,1610612744,1610612740,Golden State Warriors,New Orleans Pelicans,GSW,NOP,2016-11-07,116.0,106.0
22016,1610612741,1610612753,Chicago Bulls,Orlando Magic,CHI,ORL,2016-11-07,112.0,80.0
22016,1610612766,1610612754,Charlotte Hornets,Indiana Pacers,CHA,IND,2016-11-07,122.0,100.0
22016,1610612746,1610612765,LA Clippers,Detroit Pistons,LAC,DET,2016-11-07,114.0,82.0
22016,1610612760,1610612748,Oklahoma City Thunder,Miami Heat,OKC,MIA,2016-11-07,97.0,85.0
22016,1610612755,1610612762,Philadelphia 76ers,Utah Jazz,PHI,UTA,2016-11-07,84.0,109.0
22016,1610612751,1610612750,Brooklyn Nets,Minnesota Timberwolves,BKN,MIN,2016-11-08,119.0,110.0
22016,1610612758,1610612740,Sacramento Kings,New Orleans Pelicans,SAC,NOP,2016-11-08,102.0,94.0
22016,1610612747,1610612742,Los Angeles Lakers,Dallas Mavericks,LAL,DAL,2016-11-08,97.0,109.0
22016,1610612739,1610612737,Cleveland Cavaliers,Atlanta Hawks,CLE,ATL,2016-11-08,106.0,110.0
22016,1610612763,1610612743,Memphis Grizzlies,Denver Nuggets,MEM,DEN,2016-11-08,108.0,107.0
22016,1610612757,1610612756,Portland Trail Blazers,Phoenix Suns,POR,PHX,2016-11-08,124.0,121.0
22016,1610612754,1610612755,Indiana Pacers,Philadelphia 76ers,IND,PHI,2016-11-09,122.0,115.0
22016,1610612764,1610612738,Washington Wizards,Boston Celtics,WAS,BOS,2016-11-09,118.0,93.0
22016,1610612737,1610612741,Atlanta Hawks,Chicago Bulls,ATL,CHI,2016-11-09,115.0,107.0
22016,1610612759,1610612745,San Antonio Spurs,Houston Rockets,SAS,HOU,2016-11-09,99.0,101.0
22016,1610612766,1610612762,Charlotte Hornets,Utah Jazz,CHA,UTA,2016-11-09,104.0,98.0
22016,1610612760,1610612761,Oklahoma City Thunder,Toronto Raptors,OKC,TOR,2016-11-09,102.0,112.0
22016,1610612744,1610612742,Golden State Warriors,Dallas Mavericks,GSW,DAL,2016-11-09,116.0,95.0
22016,1610612752,1610612751,New York Knicks,Brooklyn Nets,NYK,BKN,2016-11-09,110.0,96.0
22016,1610612746,1610612757,LA Clippers,Portland Trail Blazers,LAC,POR,2016-11-09,111.0,80.0
22016,1610612753,1610612750,Orlando Magic,Minnesota Timberwolves,ORL,MIN,2016-11-09,107.0,123.0
22016,1610612756,1610612765,Phoenix Suns,Detroit Pistons,PHX,DET,2016-11-09,107.0,100.0
22016,1610612743,1610612744,Denver Nuggets,Golden State Warriors,DEN,GSW,2016-11-10,101.0,125.0
22016,1610612758,1610612747,Sacramento Kings,Los Angeles Lakers,SAC,LAL,2016-11-10,91.0,101.0
22016,1610612748,1610612741,Miami Heat,Chicago Bulls,MIA,CHI,2016-11-10,95.0,98.0
22016,1610612749,1610612740,Milwaukee Bucks,New Orleans Pelicans,MIL,NOP,2016-11-10,106.0,112.0
22016,1610612755,1610612754,Philadelphia 76ers,Indiana Pacers,PHI,IND,2016-11-11,109.0,105.0
22016,1610612757,1610612758,Portland Trail Blazers,Sacramento Kings,POR,SAC,2016-11-11,122.0,120.0
22016,1610612760,1610612746,Oklahoma City Thunder,LA Clippers,OKC,LAC,2016-11-11,108.0,110.0
22016,1610612766,1610612761,Charlotte Hornets,Toronto Raptors,CHA,TOR,2016-11-11,111.0,113.0
22016,1610612753,1610612762,Orlando Magic,Utah Jazz,ORL,UTA,2016-11-11,74.0,87.0
22016,1610612764,1610612739,Washington Wizards,Cleveland Cavaliers,WAS,CLE,2016-11-11,94.0,105.0
22016,1610612759,1610612765,San Antonio Spurs,Detroit Pistons,SAS,DET,2016-11-11,96.0,86.0
22016,1610612738,1610612752,Boston Celtics,New York Knicks,BOS,NYK,2016-11-11,115.0,87.0
22016,1610612740,1610612747,New Orleans Pelicans,Los Angeles Lakers,NOP,LAL,2016-11-12,99.0,126.0
22016,1610612737,1610612755,Atlanta Hawks,Philadelphia 76ers,ATL,PHI,2016-11-12,117.0,96.0
22016,1610612756,1610612751,Phoenix Suns,Brooklyn Nets,PHX,BKN,2016-11-12,104.0,122.0
22016,1610612745,1610612759,Houston Rockets,San Antonio Spurs,HOU,SAS,2016-11-12,100.0,106.0
22016,1610612749,1610612763,Milwaukee Bucks,Memphis Grizzlies,MIL,MEM,2016-11-12,106.0,96.0
22016,1610612741,1610612764,Chicago Bulls,Washington Wizards,CHI,WAS,2016-11-12,106.0,95.0
22016,1610612748,1610612762,Miami Heat,Utah Jazz,MIA,UTA,2016-11-12,91.0,102.0
22016,1610612750,1610612746,Minnesota Timberwolves,LA Clippers,MIN,LAC,2016-11-12,105.0,119.0
22016,1610612761,1610612752,Toronto Raptors,New York Knicks,TOR,NYK,2016-11-12,118.0,107.0
22016,1610612743,1610612765,Denver Nuggets,Detroit Pistons,DEN,DET,2016-11-12,95.0,106.0
22016,1610612754,1610612738,Indiana Pacers,Boston Celtics,IND,BOS,2016-11-12,99.0,105.0
22016,1610612760,1610612753,Oklahoma City Thunder,Orlando Magic,OKC,ORL,2016-11-13,117.0,119.0
22016,1610612750,1610612747,Minnesota Timberwolves,Los Angeles Lakers,MIN,LAL,2016-11-13,125.0,99.0
22016,1610612757,1610612743,Portland Trail Blazers,Denver Nuggets,POR,DEN,2016-11-13,112.0,105.0
22016,1610612739,1610612766,Cleveland Cavaliers,Charlotte Hornets,CLE,CHA,2016-11-13,100.0,93.0
22016,1610612744,1610612756,Golden State Warriors,Phoenix Suns,GSW,PHX,2016-11-13,133.0,120.0
22016,1610612740,1610612738,New Orleans Pelicans,Boston Celtics,NOP,BOS,2016-11-14,106.0,105.0
22016,1610612745,1610612755,Houston Rockets,Philadelphia 76ers,HOU,PHI,2016-11-14,115.0,88.0
22016,1610612762,1610612763,Utah Jazz,Memphis Grizzlies,UTA,MEM,2016-11-14,96.0,102.0
22016,1610612752,1610612742,New York Knicks,Dallas Mavericks,NYK,DAL,2016-11-14,93.0,77.0
22016,1610612765,1610612760,Detroit Pistons,Oklahoma City Thunder,DET,OKC,2016-11-14,104.0,88.0
22016,1610612746,1610612751,LA Clippers,Brooklyn Nets,LAC,BKN,2016-11-14,127.0,95.0
22016,1610612754,1610612753,Indiana Pacers,Orlando Magic,IND,ORL,2016-11-14,88.0,69.0
22016,1610612759,1610612748,San Antonio Spurs,Miami Heat,SAS,MIA,2016-11-14,94.0,90.0
22016,1610612747,1610612751,Los Angeles Lakers,Brooklyn Nets,LAL,BKN,2016-11-15,125.0,118.0
22016,1610612757,1610612741,Portland Trail Blazers,Chicago Bulls,POR,CHI,2016-11-15,88.0,113.0
22016,1610612748,1610612737,Miami Heat,Atlanta Hawks,MIA,ATL,2016-11-15,90.0,93.0
22016,1610612750,1610612766,Minnesota Timberwolves,Charlotte Hornets,MIN,CHA,2016-11-15,108.0,115.0
22016,1610612739,1610612761,Cleveland Cavaliers,Toronto Raptors,CLE,TOR,2016-11-15,121.0,117.0
22016,1610612754,1610612739,Indiana Pacers,Cleveland Cavaliers,IND,CLE,2016-11-16,103.0,93.0
22016,1610612761,1610612744,Toronto Raptors,Golden State Warriors,TOR,GSW,2016-11-16,121.0,127.0
22016,1610612760,1610612745,Oklahoma City Thunder,Houston Rockets,OKC,HOU,2016-11-16,105.0,103.0
22016,1610612752,1610612765,New York Knicks,Detroit Pistons,NYK,DET,2016-11-16,105.0,102.0
22016,1610612737,1610612749,Atlanta Hawks,Milwaukee Bucks,ATL,MIL,2016-11-16,107.0,100.0
22016,1610612743,1610612756,Denver Nuggets,Phoenix Suns,DEN,PHX,2016-11-16,120.0,104.0
22016,1610612746,1610612763,LA Clippers,Memphis Grizzlies,LAC,MEM,2016-11-16,107.0,111.0
22016,1610612738,1610612742,Boston Celtics,Dallas Mavericks,BOS,DAL,2016-11-16,90.0,83.0
22016,1610612753,1610612740,Orlando Magic,New Orleans Pelicans,ORL,NOP,2016-11-16,89.0,82.0
22016,1610612755,1610612764,Philadelphia 76ers,Washington Wizards,PHI,WAS,2016-11-16,109.0,102.0
22016,1610612758,1610612759,Sacramento Kings,San Antonio Spurs,SAC,SAS,2016-11-16,105.0,110.0
22016,1610612745,1610612757,Houston Rockets,Portland Trail Blazers,HOU,POR,2016-11-17,126.0,109.0
22016,1610612750,1610612755,Minnesota Timberwolves,Philadelphia 76ers,MIN,PHI,2016-11-17,110.0,86.0
22016,1610612748,1610612749,Miami Heat,Milwaukee Bucks,MIA,MIL,2016-11-17,96.0,73.0
22016,1610612764,1610612752,Washington Wizards,New York Knicks,WAS,NYK,2016-11-17,119.0,112.0
22016,1610612762,1610612741,Utah Jazz,Chicago Bulls,UTA,CHI,2016-11-17,77.0,85.0
22016,1610612739,1610612765,Cleveland Cavaliers,Detroit Pistons,CLE,DET,2016-11-18,104.0,81.0
22016,1610612760,1610612751,Oklahoma City Thunder,Brooklyn Nets,OKC,BKN,2016-11-18,124.0,105.0
22016,1610612754,1610612756,Indiana Pacers,Phoenix Suns,IND,PHX,2016-11-18,96.0,116.0
22016,1610612747,1610612759,Los Angeles Lakers,San Antonio Spurs,LAL,SAS,2016-11-18,107.0,116.0
22016,1610612740,1610612757,New Orleans Pelicans,Portland Trail Blazers,NOP,POR,2016-11-18,113.0,101.0
22016,1610612738,1610612744,Boston Celtics,Golden State Warriors,BOS,GSW,2016-11-18,88.0,104.0
22016,1610612742,1610612763,Dallas Mavericks,Memphis Grizzlies,DAL,MEM,2016-11-18,64.0,80.0
22016,1610612743,1610612761,Denver Nuggets,Toronto Raptors,DEN,TOR,2016-11-18,111.0,113.0
22016,1610612758,1610612746,Sacramento Kings,LA Clippers,SAC,LAC,2016-11-18,115.0,121.0
22016,1610612766,1610612737,Charlotte Hornets,Atlanta Hawks,CHA,ATL,2016-11-18,100.0,96.0
22016,1610612763,1610612750,Memphis Grizzlies,Minnesota Timberwolves,MEM,MIN,2016-11-19,93.0,71.0
22016,1610612765,1610612738,Detroit Pistons,Boston Celtics,DET,BOS,2016-11-19,92.0,94.0
22016,1610612753,1610612742,Orlando Magic,Dallas Mavericks,ORL,DAL,2016-11-19,95.0,87.0
22016,1610612755,1610612756,Philadelphia 76ers,Phoenix Suns,PHI,PHX,2016-11-19,120.0,105.0
22016,1610612746,1610612741,LA Clippers,Chicago Bulls,LAC,CHI,2016-11-19,102.0,95.0
22016,1610612745,1610612762,Houston Rockets,Utah Jazz,HOU,UTA,2016-11-19,111.0,102.0
22016,1610612764,1610612748,Washington Wizards,Miami Heat,WAS,MIA,2016-11-19,111.0,114.0
22016,1610612740,1610612766,New Orleans Pelicans,Charlotte Hornets,NOP,CHA,2016-11-19,121.0,116.0
22016,1610612749,1610612744,Milwaukee Bucks,Golden State Warriors,MIL,GSW,2016-11-19,121.0,124.0
22016,1610612743,1610612762,Denver Nuggets,Utah Jazz,DEN,UTA,2016-11-20,105.0,91.0
22016,1610612760,1610612754,Oklahoma City Thunder,Indiana Pacers,OKC,IND,2016-11-20,111.0,115.0
22016,1610612751,1610612757,Brooklyn Nets,Portland Trail Blazers,BKN,POR,2016-11-20,109.0,129.0
22016,1610612758,1610612761,Sacramento Kings,Toronto Raptors,SAC,TOR,2016-11-20,102.0,99.0
22016,1610612747,1610612741,Los Angeles Lakers,Chicago Bulls,LAL,CHI,2016-11-20,110.0,118.0
22016,1610612752,1610612737,New York Knicks,Atlanta Hawks,NYK,ATL,2016-11-20,104.0,94.0
22016,1610612766,1610612763,Charlotte Hornets,Memphis Grizzlies,CHA,MEM,2016-11-21,90.0,105.0
22016,1610612749,1610612753,Milwaukee Bucks,Orlando Magic,MIL,ORL,2016-11-21,93.0,89.0
22016,1610612765,1610612745,Detroit Pistons,Houston Rockets,DET,HOU,2016-11-21,96.0,99.0
22016,1610612755,1610612748,Philadelphia 76ers,Miami Heat,PHI,MIA,2016-11-21,101.0,94.0
22016,1610612750,1610612738,Minnesota Timberwolves,Boston Celtics,MIN,BOS,2016-11-21,93.0,99.0
22016,1610612746,1610612761,LA Clippers,Toronto Raptors,LAC,TOR,2016-11-21,123.0,115.0
22016,1610612764,1610612756,Washington Wizards,Phoenix Suns,WAS,PHX,2016-11-21,106.0,101.0
22016,1610612759,1610612742,San Antonio Spurs,Dallas Mavericks,SAS,DAL,2016-11-21,96.0,91.0
22016,1610612754,1610612744,Indiana Pacers,Golden State Warriors,IND,GSW,2016-11-21,83.0,120.0
22016,1610612752,1610612757,New York Knicks,Portland Trail Blazers,NYK,POR,2016-11-22,107.0,103.0
22016,1610612747,1610612760,Los Angeles Lakers,Oklahoma City Thunder,LAL,OKC,2016-11-22,111.0,109.0
22016,1610612743,1610612741,Denver Nuggets,Chicago Bulls,DEN,CHI,2016-11-22,110.0,107.0
22016,1610612737,1610612740,Atlanta Hawks,New Orleans Pelicans,ATL,NOP,2016-11-22,94.0,112.0
22016,1610612758,1610612760,Sacramento Kings,Oklahoma City Thunder,SAC,OKC,2016-11-23,116.0,101.0
22016,1610612755,1610612763,Philadelphia 76ers,Memphis Grizzlies,PHI,MEM,2016-11-23,99.0,104.0
22016,1610612753,1610612756,Orlando Magic,Phoenix Suns,ORL,PHX,2016-11-23,87.0,92.0
22016,1610612739,1610612757,Cleveland Cavaliers,Portland Trail Blazers,CLE,POR,2016-11-23,137.0,125.0
22016,1610612754,1610612737,Indiana Pacers,Atlanta Hawks,IND,ATL,2016-11-23,85.0,96.0
22016,1610612751,1610612738,Brooklyn Nets,Boston Celtics,BKN,BOS,2016-11-23,92.0,111.0
22016,1610612740,1610612750,New Orleans Pelicans,Minnesota Timberwolves,NOP,MIN,2016-11-23,117.0,96.0
22016,1610612745,1610612761,Houston Rockets,Toronto Raptors,HOU,TOR,2016-11-23,102.0,115.0
22016,1610612765,1610612748,Detroit Pistons,Miami Heat,DET,MIA,2016-11-23,107.0,84.0
22016,1610612766,1610612759,Charlotte Hornets,San Antonio Spurs,CHA,SAS,2016-11-23,114.0,119.0
22016,1610612744,1610612747,Golden State Warriors,Los Angeles Lakers,GSW,LAL,2016-11-23,149.0,106.0
22016,1610612742,1610612746,Dallas Mavericks,LA Clippers,DAL,LAC,2016-11-23,104.0,124.0
22016,1610612762,1610612743,Utah Jazz,Denver Nuggets,UTA,DEN,2016-11-23,108.0,83.0
22016,1610612758,1610612745,Sacramento Kings,Houston Rockets,SAC,HOU,2016-11-25,104.0,117.0
22016,1610612752,1610612766,New York Knicks,Charlotte Hornets,NYK,CHA,2016-11-25,113.0,111.0
22016,1610612762,1610612737,Utah Jazz,Atlanta Hawks,UTA,ATL,2016-11-25,95.0,68.0
22016,1610612757,1610612740,Portland Trail Blazers,New Orleans Pelicans,POR,NOP,2016-11-25,119.0,104.0
22016,1610612755,1610612741,Philadelphia 76ers,Chicago Bulls,PHI,CHI,2016-11-25,89.0,105.0
22016,1610612763,1610612748,Memphis Grizzlies,Miami Heat,MEM,MIA,2016-11-25,81.0,90.0
22016,1610612743,1610612760,Denver Nuggets,Oklahoma City Thunder,DEN,OKC,2016-11-25,129.0,132.0
22016,1610612754,1610612751,Indiana Pacers,Brooklyn Nets,IND,BKN,2016-11-25,118.0,97.0
22016,1610612738,1610612759,Boston Celtics,San Antonio Spurs,BOS,SAS,2016-11-25,103.0,109.0
22016,1610612749,1610612761,Milwaukee Bucks,Toronto Raptors,MIL,TOR,2016-11-25,99.0,105.0
22016,1610612765,1610612746,Detroit Pistons,LA Clippers,DET,LAC,2016-11-25,108.0,97.0
22016,1610612756,1610612750,Phoenix Suns,Minnesota Timberwolves,PHX,MIN,2016-11-25,85.0,98.0
22016,1610612739,1610612742,Cleveland Cavaliers,Dallas Mavericks,CLE,DAL,2016-11-25,128.0,90.0
22016,1610612753,1610612764,Orlando Magic,Washington Wizards,ORL,WAS,2016-11-25,91.0,94.0
22016,1610612747,1610612744,Los Angeles Lakers,Golden State Warriors,LAL,GSW,2016-11-25,85.0,109.0
22016,1610612748,1610612763,Miami Heat,Memphis Grizzlies,MIA,MEM,2016-11-26,107.0,110.0
22016,1610612760,1610612765,Oklahoma City Thunder,Detroit Pistons,OKC,DET,2016-11-26,106.0,88.0
22016,1610612766,1610612752,Charlotte Hornets,New York Knicks,CHA,NYK,2016-11-26,107.0,102.0
22016,1610612764,1610612759,Washington Wizards,San Antonio Spurs,WAS,SAS,2016-11-26,100.0,112.0
22016,1610612744,1610612750,Golden State Warriors,Minnesota Timberwolves,GSW,MIN,2016-11-26,115.0,102.0
22016,1610612757,1610612745,Portland Trail Blazers,Houston Rockets,POR,HOU,2016-11-27,114.0,130.0
22016,1610612742,1610612740,Dallas Mavericks,New Orleans Pelicans,DAL,NOP,2016-11-27,91.0,81.0
22016,1610612753,1610612749,Orlando Magic,Milwaukee Bucks,ORL,MIL,2016-11-27,96.0,104.0
22016,1610612756,1610612743,Phoenix Suns,Denver Nuggets,PHX,DEN,2016-11-27,114.0,120.0
22016,1610612755,1610612739,Philadelphia 76ers,Cleveland Cavaliers,PHI,CLE,2016-11-27,108.0,112.0
22016,1610612754,1610612746,Indiana Pacers,LA Clippers,IND,LAC,2016-11-27,91.0,70.0
22016,1610612747,1610612737,Los Angeles Lakers,Atlanta Hawks,LAL,ATL,2016-11-27,109.0,94.0
22016,1610612751,1610612758,Brooklyn Nets,Sacramento Kings,BKN,SAC,2016-11-27,105.0,122.0
22016,1610612752,1610612760,New York Knicks,Oklahoma City Thunder,NYK,OKC,2016-11-28,103.0,112.0
22016,1610612761,1610612755,Toronto Raptors,Philadelphia 76ers,TOR,PHI,2016-11-28,122.0,95.0
22016,1610612750,1610612762,Minnesota Timberwolves,Utah Jazz,MIN,UTA,2016-11-28,103.0,112.0
22016,1610612748,1610612738,Miami Heat,Boston Celtics,MIA,BOS,2016-11-28,104.0,112.0
22016,1610612763,1610612766,Memphis Grizzlies,Charlotte Hornets,MEM,CHA,2016-11-28,85.0,104.0
22016,1610612744,1610612737,Golden State Warriors,Atlanta Hawks,GSW,ATL,2016-11-28,105.0,100.0
22016,1610612764,1610612758,Washington Wizards,Sacramento Kings,WAS,SAC,2016-11-28,101.0,95.0
22016,1610612740,1610612747,New Orleans Pelicans,Los Angeles Lakers,NOP,LAL,2016-11-29,105.0,88.0
22016,1610612759,1610612753,San Antonio Spurs,Orlando Magic,SAS,ORL,2016-11-29,83.0,95.0
22016,1610612751,1610612746,Brooklyn Nets,LA Clippers,BKN,LAC,2016-11-29,127.0,122.0
22016,1610612766,1610612765,Charlotte Hornets,Detroit Pistons,CHA,DET,2016-11-29,89.0,112.0
22016,1610612749,1610612739,Milwaukee Bucks,Cleveland Cavaliers,MIL,CLE,2016-11-29,118.0,101.0
22016,1610612762,1610612745,Utah Jazz,Houston Rockets,UTA,HOU,2016-11-29,120.0,101.0
22016,1610612750,1610612752,Minnesota Timberwolves,New York Knicks,MIN,NYK,2016-11-30,104.0,106.0
22016,1610612761,1610612763,Toronto Raptors,Memphis Grizzlies,TOR,MEM,2016-11-30,120.0,105.0
22016,1610612743,1610612748,Denver Nuggets,Miami Heat,DEN,MIA,2016-11-30,98.0,106.0
22016,1610612738,1610612765,Boston Celtics,Detroit Pistons,BOS,DET,2016-11-30,114.0,121.0
22016,1610612741,1610612747,Chicago Bulls,Los Angeles Lakers,CHI,LAL,2016-11-30,90.0,96.0
22016,1610612756,1610612737,Phoenix Suns,Atlanta Hawks,PHX,ATL,2016-11-30,109.0,107.0
22016,1610612757,1610612754,Portland Trail Blazers,Indiana Pacers,POR,IND,2016-11-30,131.0,109.0
22016,1610612760,1610612764,Oklahoma City Thunder,Washington Wizards,OKC,WAS,2016-11-30,126.0,115.0
22016,1610612742,1610612759,Dallas Mavericks,San Antonio Spurs,DAL,SAS,2016-11-30,87.0,94.0
22016,1610612762,1610612748,Utah Jazz,Miami Heat,UTA,MIA,2016-12-01,110.0,111.0
22016,1610612744,1610612745,Golden State Warriors,Houston Rockets,GSW,HOU,2016-12-01,127.0,132.0
22016,1610612766,1610612742,Charlotte Hornets,Dallas Mavericks,CHA,DAL,2016-12-01,97.0,87.0
22016,1610612739,1610612746,Cleveland Cavaliers,LA Clippers,CLE,LAC,2016-12-01,94.0,113.0
22016,1610612763,1610612753,Memphis Grizzlies,Orlando Magic,MEM,ORL,2016-12-01,95.0,94.0
22016,1610612751,1610612749,Brooklyn Nets,Milwaukee Bucks,BKN,MIL,2016-12-01,93.0,111.0
22016,1610612738,1610612758,Boston Celtics,Sacramento Kings,BOS,SAC,2016-12-02,97.0,92.0
22016,1610612740,1610612746,New Orleans Pelicans,LA Clippers,NOP,LAC,2016-12-02,96.0,114.0
22016,1610612759,1610612764,San Antonio Spurs,Washington Wizards,SAS,WAS,2016-12-02,107.0,105.0
22016,1610612741,1610612739,Chicago Bulls,Cleveland Cavaliers,CHI,CLE,2016-12-02,111.0,105.0
22016,1610612737,1610612765,Atlanta Hawks,Detroit Pistons,ATL,DET,2016-12-02,85.0,121.0
22016,1610612755,1610612753,Philadelphia 76ers,Orlando Magic,PHI,ORL,2016-12-02,88.0,105.0
22016,1610612743,1610612745,Denver Nuggets,Houston Rockets,DEN,HOU,2016-12-02,110.0,128.0
22016,1610612752,1610612750,New York Knicks,Minnesota Timberwolves,NYK,MIN,2016-12-02,118.0,114.0
22016,1610612761,1610612747,Toronto Raptors,Los Angeles Lakers,TOR,LAL,2016-12-02,113.0,80.0
22016,1610612749,1610612751,Milwaukee Bucks,Brooklyn Nets,MIL,BKN,2016-12-03,112.0,103.0
22016,1610612761,1610612737,Toronto Raptors,Atlanta Hawks,TOR,ATL,2016-12-03,128.0,84.0
22016,1610612757,1610612748,Portland Trail Blazers,Miami Heat,POR,MIA,2016-12-03,99.0,92.0
22016,1610612755,1610612738,Philadelphia 76ers,Boston Celtics,PHI,BOS,2016-12-03,106.0,107.0
22016,1610612766,1610612750,Charlotte Hornets,Minnesota Timberwolves,CHA,MIN,2016-12-03,120.0,125.0
22016,1610612763,1610612747,Memphis Grizzlies,Los Angeles Lakers,MEM,LAL,2016-12-03,103.0,100.0
22016,1610612762,1610612743,Utah Jazz,Denver Nuggets,UTA,DEN,2016-12-03,105.0,98.0
22016,1610612742,1610612741,Dallas Mavericks,Chicago Bulls,DAL,CHI,2016-12-03,107.0,82.0
22016,1610612744,1610612756,Golden State Warriors,Phoenix Suns,GSW,PHX,2016-12-03,138.0,109.0
22016,1610612765,1610612753,Detroit Pistons,Orlando Magic,DET,ORL,2016-12-04,92.0,98.0
22016,1610612760,1610612740,Oklahoma City Thunder,New Orleans Pelicans,OKC,NOP,2016-12-04,101.0,92.0
22016,1610612746,1610612754,LA Clippers,Indiana Pacers,LAC,IND,2016-12-04,102.0,111.0
22016,1610612752,1610612758,New York Knicks,Sacramento Kings,NYK,SAC,2016-12-04,106.0,98.0
22016,1610612751,1610612764,Brooklyn Nets,Washington Wizards,BKN,WAS,2016-12-05,113.0,118.0
22016,1610612745,1610612738,Houston Rockets,Boston Celtics,HOU,BOS,2016-12-05,107.0,106.0
22016,1610612755,1610612743,Philadelphia 76ers,Denver Nuggets,PHI,DEN,2016-12-05,98.0,106.0
22016,1610612741,1610612757,Chicago Bulls,Portland Trail Blazers,CHI,POR,2016-12-05,110.0,112.0
22016,1610612761,1610612739,Toronto Raptors,Cleveland Cavaliers,TOR,CLE,2016-12-05,112.0,116.0
22016,1610612742,1610612766,Dallas Mavericks,Charlotte Hornets,DAL,CHA,2016-12-05,101.0,109.0
22016,1610612740,1610612763,New Orleans Pelicans,Memphis Grizzlies,NOP,MEM,2016-12-05,108.0,110.0
22016,1610612749,1610612759,Milwaukee Bucks,San Antonio Spurs,MIL,SAS,2016-12-05,96.0,97.0
22016,1610612737,1610612760,Atlanta Hawks,Oklahoma City Thunder,ATL,OKC,2016-12-05,99.0,102.0
22016,1610612747,1610612762,Los Angeles Lakers,Utah Jazz,LAL,UTA,2016-12-05,101.0,107.0
22016,1610612744,1610612754,Golden State Warriors,Indiana Pacers,GSW,IND,2016-12-05,142.0,106.0
22016,1610612750,1610612759,Minnesota Timberwolves,San Antonio Spurs,MIN,SAS,2016-12-06,91.0,105.0
22016,1610612765,1610612741,Detroit Pistons,Chicago Bulls,DET,CHI,2016-12-06,102.0,91.0
22016,1610612764,1610612753,Washington Wizards,Orlando Magic,WAS,ORL,2016-12-06,116.0,124.0
22016,1610612762,1610612756,Utah Jazz,Phoenix Suns,UTA,PHX,2016-12-06,112.0,105.0
22016,1610612763,1610612755,Memphis Grizzlies,Philadelphia 76ers,MEM,PHI,2016-12-06,96.0,91.0
22016,1610612748,1610612752,Miami Heat,New York Knicks,MIA,NYK,2016-12-06,103.0,114.0
22016,1610612756,1610612754,Phoenix Suns,Indiana Pacers,PHX,IND,2016-12-07,94.0,109.0
22016,1610612746,1610612744,LA Clippers,Golden State Warriors,LAC,GSW,2016-12-07,98.0,115.0
22016,1610612742,1610612758,Dallas Mavericks,Sacramento Kings,DAL,SAC,2016-12-07,89.0,120.0
22016,1610612752,1610612739,New York Knicks,Cleveland Cavaliers,NYK,CLE,2016-12-07,94.0,126.0
22016,1610612751,1610612743,Brooklyn Nets,Denver Nuggets,BKN,DEN,2016-12-07,116.0,111.0
22016,1610612737,1610612748,Atlanta Hawks,Miami Heat,ATL,MIA,2016-12-07,103.0,95.0
22016,1610612749,1610612757,Milwaukee Bucks,Portland Trail Blazers,MIL,POR,2016-12-07,115.0,107.0
22016,1610612753,1610612738,Orlando Magic,Boston Celtics,ORL,BOS,2016-12-07,87.0,117.0
22016,1610612745,1610612747,Houston Rockets,Los Angeles Lakers,HOU,LAL,2016-12-07,134.0,95.0
22016,1610612766,1610612765,Charlotte Hornets,Detroit Pistons,CHA,DET,2016-12-07,87.0,77.0
22016,1610612764,1610612743,Washington Wizards,Denver Nuggets,WAS,DEN,2016-12-08,92.0,85.0
22016,1610612763,1610612757,Memphis Grizzlies,Portland Trail Blazers,MEM,POR,2016-12-08,88.0,86.0
22016,1610612761,1610612750,Toronto Raptors,Minnesota Timberwolves,TOR,MIN,2016-12-08,124.0,110.0
22016,1610612741,1610612759,Chicago Bulls,San Antonio Spurs,CHI,SAS,2016-12-08,95.0,91.0
22016,1610612740,1610612755,New Orleans Pelicans,Philadelphia 76ers,NOP,PHI,2016-12-08,88.0,99.0
22016,1610612762,1610612744,Utah Jazz,Golden State Warriors,UTA,GSW,2016-12-08,99.0,106.0
22016,1610612742,1610612754,Dallas Mavericks,Indiana Pacers,DAL,IND,2016-12-09,111.0,103.0
22016,1610612739,1610612748,Cleveland Cavaliers,Miami Heat,CLE,MIA,2016-12-09,114.0,84.0
22016,1610612766,1610612753,Charlotte Hornets,Orlando Magic,CHA,ORL,2016-12-09,109.0,88.0
22016,1610612747,1610612756,Los Angeles Lakers,Phoenix Suns,LAL,PHX,2016-12-09,115.0,119.0
22016,1610612749,1610612737,Milwaukee Bucks,Atlanta Hawks,MIL,ATL,2016-12-09,110.0,114.0
22016,1610612750,1610612765,Minnesota Timberwolves,Detroit Pistons,MIN,DET,2016-12-09,90.0,117.0
22016,1610612758,1610612752,Sacramento Kings,New York Knicks,SAC,NYK,2016-12-09,100.0,103.0
22016,1610612760,1610612745,Oklahoma City Thunder,Houston Rockets,OKC,HOU,2016-12-09,99.0,102.0
22016,1610612738,1610612761,Boston Celtics,Toronto Raptors,BOS,TOR,2016-12-09,94.0,101.0
22016,1610612753,1610612743,Orlando Magic,Denver Nuggets,ORL,DEN,2016-12-10,113.0,121.0
22016,1610612764,1610612749,Washington Wizards,Milwaukee Bucks,WAS,MIL,2016-12-10,110.0,105.0
22016,1610612759,1610612751,San Antonio Spurs,Brooklyn Nets,SAS,BKN,2016-12-10,130.0,101.0
22016,1610612746,1610612740,LA Clippers,New Orleans Pelicans,LAC,NOP,2016-12-10,133.0,105.0
22016,1610612739,1610612766,Cleveland Cavaliers,Charlotte Hornets,CLE,CHA,2016-12-10,116.0,105.0
22016,1610612745,1610612742,Houston Rockets,Dallas Mavericks,HOU,DAL,2016-12-10,109.0,87.0
22016,1610612754,1610612757,Indiana Pacers,Portland Trail Blazers,IND,POR,2016-12-10,118.0,111.0
22016,1610612762,1610612758,Utah Jazz,Sacramento Kings,UTA,SAC,2016-12-10,104.0,84.0
22016,1610612741,1610612748,Chicago Bulls,Miami Heat,CHI,MIA,2016-12-10,105.0,100.0
22016,1610612763,1610612744,Memphis Grizzlies,Golden State Warriors,MEM,GSW,2016-12-10,110.0,89.0
22016,1610612765,1610612755,Detroit Pistons,Philadelphia 76ers,DET,PHI,2016-12-11,79.0,97.0
22016,1610612760,1610612738,Oklahoma City Thunder,Boston Celtics,OKC,BOS,2016-12-11,99.0,96.0
22016,1610612750,1610612744,Minnesota Timberwolves,Golden State Warriors,MIN,GSW,2016-12-11,108.0,116.0
22016,1610612747,1610612752,Los Angeles Lakers,New York Knicks,LAL,NYK,2016-12-11,112.0,118.0
22016,1610612756,1610612740,Phoenix Suns,New Orleans Pelicans,PHX,NOP,2016-12-11,119.0,120.0
22016,1610612746,1610612757,LA Clippers,Portland Trail Blazers,LAC,POR,2016-12-12,121.0,120.0
22016,1610612745,1610612751,Houston Rockets,Brooklyn Nets,HOU,BKN,2016-12-12,122.0,118.0
22016,1610612742,1610612743,Dallas Mavericks,Denver Nuggets,DAL,DEN,2016-12-12,112.0,92.0
22016,1610612761,1610612749,Toronto Raptors,Milwaukee Bucks,TOR,MIL,2016-12-12,122.0,100.0
22016,1610612754,1610612766,Indiana Pacers,Charlotte Hornets,IND,CHA,2016-12-12,110.0,94.0
22016,1610612748,1610612764,Miami Heat,Washington Wizards,MIA,WAS,2016-12-12,112.0,101.0
22016,1610612758,1610612747,Sacramento Kings,Los Angeles Lakers,SAC,LAL,2016-12-12,116.0,92.0
22016,1610612757,1610612760,Portland Trail Blazers,Oklahoma City Thunder,POR,OKC,2016-12-13,114.0,95.0
22016,1610612737,1610612753,Atlanta Hawks,Orlando Magic,ATL,ORL,2016-12-13,120.0,131.0
22016,1610612756,1610612752,Phoenix Suns,New York Knicks,PHX,NYK,2016-12-13,113.0,111.0
22016,1610612741,1610612750,Chicago Bulls,Minnesota Timberwolves,CHI,MIN,2016-12-13,94.0,99.0
22016,1610612739,1610612763,Cleveland Cavaliers,Memphis Grizzlies,CLE,MEM,2016-12-13,103.0,86.0
22016,1610612740,1610612744,New Orleans Pelicans,Golden State Warriors,NOP,GSW,2016-12-13,109.0,113.0
22016,1610612763,1610612739,Memphis Grizzlies,Cleveland Cavaliers,MEM,CLE,2016-12-14,93.0,85.0
22016,1610612764,1610612766,Washington Wizards,Charlotte Hornets,WAS,CHA,2016-12-14,109.0,106.0
22016,1610612755,1610612761,Philadelphia 76ers,Toronto Raptors,PHI,TOR,2016-12-14,114.0,123.0
22016,1610612742,1610612765,Dallas Mavericks,Detroit Pistons,DAL,DET,2016-12-14,85.0,95.0
22016,1610612751,1610612747,Brooklyn Nets,Los Angeles Lakers,BKN,LAL,2016-12-14,107.0,97.0
22016,1610612759,1610612738,San Antonio Spurs,Boston Celtics,SAS,BOS,2016-12-14,108.0,101.0
22016,1610612762,1610612760,Utah Jazz,Oklahoma City Thunder,UTA,OKC,2016-12-14,109.0,89.0
22016,1610612753,1610612746,Orlando Magic,LA Clippers,ORL,LAC,2016-12-14,108.0,113.0
22016,1610612745,1610612758,Houston Rockets,Sacramento Kings,HOU,SAC,2016-12-14,132.0,98.0
22016,1610612748,1610612754,Miami Heat,Indiana Pacers,MIA,IND,2016-12-14,95.0,89.0
22016,1610612744,1610612752,Golden State Warriors,New York Knicks,GSW,NYK,2016-12-15,103.0,90.0
22016,1610612743,1610612757,Denver Nuggets,Portland Trail Blazers,DEN,POR,2016-12-15,132.0,120.0
22016,1610612756,1610612759,Phoenix Suns,San Antonio Spurs,PHX,SAS,2016-12-15,92.0,107.0
22016,1610612749,1610612741,Milwaukee Bucks,Chicago Bulls,MIL,CHI,2016-12-15,108.0,97.0
22016,1610612740,1610612754,New Orleans Pelicans,Indiana Pacers,NOP,IND,2016-12-15,102.0,95.0
22016,1610612764,1610612765,Washington Wizards,Detroit Pistons,WAS,DET,2016-12-16,122.0,108.0
22016,1610612753,1610612751,Orlando Magic,Brooklyn Nets,ORL,BKN,2016-12-16,118.0,111.0
22016,1610612762,1610612742,Utah Jazz,Dallas Mavericks,UTA,DAL,2016-12-16,103.0,100.0
22016,1610612741,1610612749,Chicago Bulls,Milwaukee Bucks,CHI,MIL,2016-12-16,69.0,95.0
22016,1610612763,1610612758,Memphis Grizzlies,Sacramento Kings,MEM,SAC,2016-12-16,92.0,96.0
22016,1610612755,1610612747,Philadelphia 76ers,Los Angeles Lakers,PHI,LAL,2016-12-16,89.0,100.0
22016,1610612748,1610612746,Miami Heat,LA Clippers,MIA,LAC,2016-12-16,98.0,102.0
22016,1610612738,1610612766,Boston Celtics,Charlotte Hornets,BOS,CHA,2016-12-16,96.0,88.0
22016,1610612761,1610612737,Toronto Raptors,Atlanta Hawks,TOR,ATL,2016-12-16,121.0,125.0
22016,1610612745,1610612740,Houston Rockets,New Orleans Pelicans,HOU,NOP,2016-12-16,122.0,100.0
22016,1610612760,1610612756,Oklahoma City Thunder,Phoenix Suns,OKC,PHX,2016-12-17,114.0,101.0
22016,1610612737,1610612766,Atlanta Hawks,Charlotte Hornets,ATL,CHA,2016-12-17,99.0,107.0
22016,1610612743,1610612752,Denver Nuggets,New York Knicks,DEN,NYK,2016-12-17,127.0,114.0
22016,1610612744,1610612757,Golden State Warriors,Portland Trail Blazers,GSW,POR,2016-12-17,135.0,90.0
22016,1610612765,1610612754,Detroit Pistons,Indiana Pacers,DET,IND,2016-12-17,90.0,105.0
22016,1610612750,1610612745,Minnesota Timberwolves,Houston Rockets,MIN,HOU,2016-12-17,109.0,111.0
22016,1610612739,1610612747,Cleveland Cavaliers,Los Angeles Lakers,CLE,LAL,2016-12-17,119.0,108.0
22016,1610612764,1610612746,Washington Wizards,LA Clippers,WAS,LAC,2016-12-18,117.0,110.0
22016,1610612763,1610612762,Memphis Grizzlies,Utah Jazz,MEM,UTA,2016-12-18,73.0,82.0
22016,1610612753,1610612761,Orlando Magic,Toronto Raptors,ORL,TOR,2016-12-18,79.0,109.0
22016,1610612759,1610612740,San Antonio Spurs,New Orleans Pelicans,SAS,NOP,2016-12-18,113.0,100.0
22016,1610612755,1610612751,Philadelphia 76ers,Brooklyn Nets,PHI,BKN,2016-12-18,108.0,107.0
22016,1610612748,1610612738,Miami Heat,Boston Celtics,MIA,BOS,2016-12-18,95.0,105.0
22016,1610612742,1610612758,Dallas Mavericks,Sacramento Kings,DAL,SAC,2016-12-18,99.0,79.0
22016,1610612760,1610612737,Oklahoma City Thunder,Atlanta Hawks,OKC,ATL,2016-12-19,108.0,110.0
22016,1610612741,1610612765,Chicago Bulls,Detroit Pistons,CHI,DET,2016-12-19,113.0,82.0
22016,1610612750,1610612756,Minnesota Timberwolves,Phoenix Suns,MIN,PHX,2016-12-19,115.0,108.0
22016,1610612754,1610612764,Indiana Pacers,Washington Wizards,IND,WAS,2016-12-19,107.0,105.0
22016,1610612743,1610612742,Denver Nuggets,Dallas Mavericks,DEN,DAL,2016-12-19,117.0,107.0
22016,1610612766,1610612747,Charlotte Hornets,Los Angeles Lakers,CHA,LAL,2016-12-20,117.0,113.0
22016,1610612758,1610612757,Sacramento Kings,Portland Trail Blazers,SAC,POR,2016-12-20,126.0,121.0
22016,1610612749,1610612739,Milwaukee Bucks,Cleveland Cavaliers,MIL,CLE,2016-12-20,108.0,114.0
22016,1610612763,1610612738,Memphis Grizzlies,Boston Celtics,MEM,BOS,2016-12-20,109.0,112.0
22016,1610612745,1610612759,Houston Rockets,San Antonio Spurs,HOU,SAS,2016-12-20,100.0,102.0
22016,1610612761,1610612751,Toronto Raptors,Brooklyn Nets,TOR,BKN,2016-12-20,116.0,104.0
22016,1610612744,1610612762,Golden State Warriors,Utah Jazz,GSW,UTA,2016-12-20,104.0,74.0
22016,1610612752,1610612754,New York Knicks,Indiana Pacers,NYK,IND,2016-12-20,118.0,111.0
22016,1610612755,1610612740,Philadelphia 76ers,New Orleans Pelicans,PHI,NOP,2016-12-20,93.0,108.0
22016,1610612746,1610612743,LA Clippers,Denver Nuggets,LAC,DEN,2016-12-20,119.0,102.0
22016,1610612748,1610612753,Miami Heat,Orlando Magic,MIA,ORL,2016-12-20,130.0,136.0
22016,1610612739,1610612749,Cleveland Cavaliers,Milwaukee Bucks,CLE,MIL,2016-12-21,113.0,102.0
22016,1610612737,1610612750,Atlanta Hawks,Minnesota Timberwolves,ATL,MIN,2016-12-21,84.0,92.0
22016,1610612740,1610612760,New Orleans Pelicans,Oklahoma City Thunder,NOP,OKC,2016-12-21,110.0,121.0
22016,1610612765,1610612763,Detroit Pistons,Memphis Grizzlies,DET,MEM,2016-12-21,86.0,98.0
22016,1610612762,1610612758,Utah Jazz,Sacramento Kings,UTA,SAC,2016-12-21,93.0,94.0
22016,1610612757,1610612742,Portland Trail Blazers,Dallas Mavericks,POR,DAL,2016-12-21,95.0,96.0
22016,1610612756,1610612745,Phoenix Suns,Houston Rockets,PHX,HOU,2016-12-21,111.0,125.0
22016,1610612741,1610612764,Chicago Bulls,Washington Wizards,CHI,WAS,2016-12-21,97.0,107.0
22016,1610612746,1610612759,LA Clippers,San Antonio Spurs,LAC,SAS,2016-12-22,106.0,101.0
22016,1610612751,1610612744,Brooklyn Nets,Golden State Warriors,BKN,GSW,2016-12-22,101.0,117.0
22016,1610612754,1610612738,Indiana Pacers,Boston Celtics,IND,BOS,2016-12-22,102.0,109.0
22016,1610612752,1610612753,New York Knicks,Orlando Magic,NYK,ORL,2016-12-22,106.0,95.0
22016,1610612748,1610612747,Miami Heat,Los Angeles Lakers,MIA,LAL,2016-12-22,115.0,107.0
22016,1610612743,1610612737,Denver Nuggets,Atlanta Hawks,DEN,ATL,2016-12-23,108.0,109.0
22016,1610612750,1610612758,Minnesota Timberwolves,Sacramento Kings,MIN,SAC,2016-12-23,105.0,109.0
22016,1610612765,1610612744,Detroit Pistons,Golden State Warriors,DET,GSW,2016-12-23,113.0,119.0
22016,1610612753,1610612747,Orlando Magic,Los Angeles Lakers,ORL,LAL,2016-12-23,109.0,90.0
22016,1610612749,1610612764,Milwaukee Bucks,Washington Wizards,MIL,WAS,2016-12-23,123.0,96.0
22016,1610612746,1610612742,LA Clippers,Dallas Mavericks,LAC,DAL,2016-12-23,88.0,90.0
22016,1610612738,1610612760,Boston Celtics,Oklahoma City Thunder,BOS,OKC,2016-12-23,112.0,117.0
22016,1610612766,1610612741,Charlotte Hornets,Chicago Bulls,CHA,CHI,2016-12-23,103.0,91.0
22016,1610612763,1610612745,Memphis Grizzlies,Houston Rockets,MEM,HOU,2016-12-23,115.0,109.0
22016,1610612762,1610612761,Utah Jazz,Toronto Raptors,UTA,TOR,2016-12-23,98.0,104.0
22016,1610612740,1610612748,New Orleans Pelicans,Miami Heat,NOP,MIA,2016-12-23,91.0,87.0
22016,1610612756,1610612755,Phoenix Suns,Philadelphia 76ers,PHX,PHI,2016-12-23,123.0,116.0
22016,1610612739,1610612751,Cleveland Cavaliers,Brooklyn Nets,CLE,BKN,2016-12-23,119.0,99.0
22016,1610612757,1610612759,Portland Trail Blazers,San Antonio Spurs,POR,SAS,2016-12-23,90.0,110.0
22016,1610612752,1610612738,New York Knicks,Boston Celtics,NYK,BOS,2016-12-25,114.0,119.0
22016,1610612759,1610612741,San Antonio Spurs,Chicago Bulls,SAS,CHI,2016-12-25,119.0,100.0
22016,1610612747,1610612746,Los Angeles Lakers,LA Clippers,LAL,LAC,2016-12-25,111.0,102.0
22016,1610612739,1610612744,Cleveland Cavaliers,Golden State Warriors,CLE,GSW,2016-12-25,109.0,108.0
22016,1610612760,1610612750,Oklahoma City Thunder,Minnesota Timberwolves,OKC,MIN,2016-12-25,112.0,100.0
22016,1610612740,1610612742,New Orleans Pelicans,Dallas Mavericks,NOP,DAL,2016-12-26,111.0,104.0
22016,1610612764,1610612749,Washington Wizards,Milwaukee Bucks,WAS,MIL,2016-12-26,107.0,102.0
22016,1610612746,1610612743,LA Clippers,Denver Nuggets,LAC,DEN,2016-12-26,102.0,106.0
22016,1610612745,1610612756,Houston Rockets,Phoenix Suns,HOU,PHX,2016-12-26,131.0,115.0
22016,1610612758,1610612755,Sacramento Kings,Philadelphia 76ers,SAC,PHI,2016-12-26,102.0,100.0
22016,1610612751,1610612766,Brooklyn Nets,Charlotte Hornets,BKN,CHA,2016-12-26,120.0,118.0
22016,1610612765,1610612739,Detroit Pistons,Cleveland Cavaliers,DET,CLE,2016-12-26,106.0,90.0
22016,1610612757,1610612761,Portland Trail Blazers,Toronto Raptors,POR,TOR,2016-12-26,91.0,95.0
22016,1610612753,1610612763,Orlando Magic,Memphis Grizzlies,ORL,MEM,2016-12-26,112.0,102.0
22016,1610612741,1610612754,Chicago Bulls,Indiana Pacers,CHI,IND,2016-12-26,90.0,85.0
22016,1610612750,1610612737,Minnesota Timberwolves,Atlanta Hawks,MIN,ATL,2016-12-26,104.0,90.0
22016,1610612748,1610612760,Miami Heat,Oklahoma City Thunder,MIA,OKC,2016-12-27,94.0,106.0
22016,1610612747,1610612762,Los Angeles Lakers,Utah Jazz,LAL,UTA,2016-12-27,100.0,102.0
22016,1610612738,1610612763,Boston Celtics,Memphis Grizzlies,BOS,MEM,2016-12-27,113.0,103.0
22016,1610612742,1610612745,Dallas Mavericks,Houston Rockets,DAL,HOU,2016-12-27,107.0,123.0
22016,1610612753,1610612766,Orlando Magic,Charlotte Hornets,ORL,CHA,2016-12-28,101.0,120.0
22016,1610612737,1610612752,Atlanta Hawks,New York Knicks,ATL,NYK,2016-12-28,102.0,98.0
22016,1610612740,1610612746,New Orleans Pelicans,LA Clippers,NOP,LAC,2016-12-28,102.0,98.0
22016,1610612759,1610612756,San Antonio Spurs,Phoenix Suns,SAS,PHX,2016-12-28,119.0,98.0
22016,1610612743,1610612750,Denver Nuggets,Minnesota Timberwolves,DEN,MIN,2016-12-28,105.0,103.0
22016,1610612765,1610612749,Detroit Pistons,Milwaukee Bucks,DET,MIL,2016-12-28,94.0,119.0
22016,1610612757,1610612758,Portland Trail Blazers,Sacramento Kings,POR,SAC,2016-12-28,102.0,89.0
22016,1610612764,1610612754,Washington Wizards,Indiana Pacers,WAS,IND,2016-12-28,111.0,105.0
22016,1610612744,1610612761,Golden State Warriors,Toronto Raptors,GSW,TOR,2016-12-28,121.0,111.0
22016,1610612741,1610612751,Chicago Bulls,Brooklyn Nets,CHI,BKN,2016-12-28,101.0,99.0
22016,1610612762,1610612755,Utah Jazz,Philadelphia 76ers,UTA,PHI,2016-12-29,100.0,83.0
22016,1610612756,1610612761,Phoenix Suns,Toronto Raptors,PHX,TOR,2016-12-29,99.0,91.0
22016,1610612739,1610612738,Cleveland Cavaliers,Boston Celtics,CLE,BOS,2016-12-29,124.0,118.0
22016,1610612763,1610612760,Memphis Grizzlies,Oklahoma City Thunder,MEM,OKC,2016-12-29,114.0,80.0
22016,1610612747,1610612742,Los Angeles Lakers,Dallas Mavericks,LAL,DAL,2016-12-29,89.0,101.0
22016,1610612766,1610612748,Charlotte Hornets,Miami Heat,CHA,MIA,2016-12-29,91.0,82.0
22016,1610612743,1610612755,Denver Nuggets,Philadelphia 76ers,DEN,PHI,2016-12-30,122.0,124.0
22016,1610612759,1610612757,San Antonio Spurs,Portland Trail Blazers,SAS,POR,2016-12-30,110.0,94.0
22016,1610612750,1610612749,Minnesota Timberwolves,Milwaukee Bucks,MIN,MIL,2016-12-30,116.0,99.0
22016,1610612740,1610612752,New Orleans Pelicans,New York Knicks,NOP,NYK,2016-12-30,104.0,92.0
22016,1610612737,1610612765,Atlanta Hawks,Detroit Pistons,ATL,DET,2016-12-30,105.0,98.0
22016,1610612744,1610612742,Golden State Warriors,Dallas Mavericks,GSW,DAL,2016-12-30,108.0,99.0
22016,1610612745,1610612746,Houston Rockets,LA Clippers,HOU,LAC,2016-12-30,140.0,116.0
22016,1610612754,1610612741,Indiana Pacers,Chicago Bulls,IND,CHI,2016-12-30,111.0,101.0
22016,1610612764,1610612751,Washington Wizards,Brooklyn Nets,WAS,BKN,2016-12-30,118.0,95.0
22016,1610612738,1610612748,Boston Celtics,Miami Heat,BOS,MIA,2016-12-30,117.0,114.0
22016,1610612766,1610612739,Charlotte Hornets,Cleveland Cavaliers,CHA,CLE,2016-12-31,109.0,121.0
22016,1610612745,1610612752,Houston Rockets,New York Knicks,HOU,NYK,2016-12-31,129.0,122.0
22016,1610612762,1610612756,Utah Jazz,Phoenix Suns,UTA,PHX,2016-12-31,91.0,86.0
22016,1610612760,1610612746,Oklahoma City Thunder,LA Clippers,OKC,LAC,2016-12-31,114.0,88.0
22016,1610612741,1610612749,Chicago Bulls,Milwaukee Bucks,CHI,MIL,2016-12-31,96.0,116.0
22016,1610612758,1610612763,Sacramento Kings,Memphis Grizzlies,SAC,MEM,2016-12-31,98.0,112.0
22016,1610612737,1610612759,Atlanta Hawks,San Antonio Spurs,ATL,SAS,2017-01-01,114.0,112.0
22016,1610612754,1610612753,Indiana Pacers,Orlando Magic,IND,ORL,2017-01-01,117.0,104.0
22016,1610612750,1610612757,Minnesota Timberwolves,Portland Trail Blazers,MIN,POR,2017-01-01,89.0,95.0
22016,1610612747,1610612761,Los Angeles Lakers,Toronto Raptors,LAL,TOR,2017-01-01,114.0,123.0
22016,1610612748,1610612765,Miami Heat,Detroit Pistons,MIA,DET,2017-01-01,98.0,107.0
22016,1610612741,1610612766,Chicago Bulls,Charlotte Hornets,CHI,CHA,2017-01-02,118.0,111.0
22016,1610612745,1610612764,Houston Rockets,Washington Wizards,HOU,WAS,2017-01-02,101.0,91.0
22016,1610612746,1610612756,LA Clippers,Phoenix Suns,LAC,PHX,2017-01-02,109.0,98.0
22016,1610612751,1610612762,Brooklyn Nets,Utah Jazz,BKN,UTA,2017-01-02,89.0,101.0
22016,1610612749,1610612760,Milwaukee Bucks,Oklahoma City Thunder,MIL,OKC,2017-01-02,98.0,94.0
22016,1610612752,1610612753,New York Knicks,Orlando Magic,NYK,ORL,2017-01-02,103.0,115.0
22016,1610612739,1610612740,Cleveland Cavaliers,New Orleans Pelicans,CLE,NOP,2017-01-02,90.0,82.0
22016,1610612744,1610612743,Golden State Warriors,Denver Nuggets,GSW,DEN,2017-01-02,127.0,119.0
22016,1610612747,1610612763,Los Angeles Lakers,Memphis Grizzlies,LAL,MEM,2017-01-03,116.0,102.0
22016,1610612765,1610612754,Detroit Pistons,Indiana Pacers,DET,IND,2017-01-03,116.0,121.0
22016,1610612759,1610612761,San Antonio Spurs,Toronto Raptors,SAS,TOR,2017-01-03,110.0,82.0
22016,1610612756,1610612748,Phoenix Suns,Miami Heat,PHX,MIA,2017-01-03,99.0,90.0
22016,1610612743,1610612758,Denver Nuggets,Sacramento Kings,DEN,SAC,2017-01-03,113.0,120.0
22016,1610612738,1610612762,Boston Celtics,Utah Jazz,BOS,UTA,2017-01-03,115.0,104.0
22016,1610612742,1610612764,Dallas Mavericks,Washington Wizards,DAL,WAS,2017-01-03,113.0,105.0
22016,1610612755,1610612750,Philadelphia 76ers,Minnesota Timberwolves,PHI,MIN,2017-01-03,93.0,91.0
22016,1610612752,1610612749,New York Knicks,Milwaukee Bucks,NYK,MIL,2017-01-04,104.0,105.0
22016,1610612739,1610612741,Cleveland Cavaliers,Chicago Bulls,CLE,CHI,2017-01-04,94.0,106.0
22016,1610612758,1610612748,Sacramento Kings,Miami Heat,SAC,MIA,2017-01-04,102.0,107.0
22016,1610612744,1610612757,Golden State Warriors,Portland Trail Blazers,GSW,POR,2017-01-04,125.0,117.0
22016,1610612746,1610612763,LA Clippers,Memphis Grizzlies,LAC,MEM,2017-01-04,115.0,106.0
22016,1610612766,1610612760,Charlotte Hornets,Oklahoma City Thunder,CHA,OKC,2017-01-04,123.0,112.0
22016,1610612753,1610612737,Orlando Magic,Atlanta Hawks,ORL,ATL,2017-01-04,92.0,111.0
22016,1610612761,1610612762,Toronto Raptors,Utah Jazz,TOR,UTA,2017-01-05,101.0,93.0
22016,1610612745,1610612760,Houston Rockets,Oklahoma City Thunder,HOU,OKC,2017-01-05,118.0,116.0
22016,1610612740,1610612737,New Orleans Pelicans,Atlanta Hawks,NOP,ATL,2017-01-05,94.0,99.0
22016,1610612742,1610612756,Dallas Mavericks,Phoenix Suns,DAL,PHX,2017-01-05,95.0,102.0
22016,1610612765,1610612766,Detroit Pistons,Charlotte Hornets,DET,CHA,2017-01-05,115.0,114.0
22016,1610612743,1610612759,Denver Nuggets,San Antonio Spurs,DEN,SAS,2017-01-05,99.0,127.0
22016,1610612757,1610612747,Portland Trail Blazers,Los Angeles Lakers,POR,LAL,2017-01-05,118.0,109.0
22016,1610612754,1610612751,Indiana Pacers,Brooklyn Nets,IND,BKN,2017-01-05,121.0,109.0
22016,1610612753,1610612745,Orlando Magic,Houston Rockets,ORL,HOU,2017-01-06,93.0,100.0
22016,1610612738,1610612755,Boston Celtics,Philadelphia 76ers,BOS,PHI,2017-01-06,110.0,106.0
22016,1610612747,1610612748,Los Angeles Lakers,Miami Heat,LAL,MIA,2017-01-06,127.0,100.0
22016,1610612749,1610612752,Milwaukee Bucks,New York Knicks,MIL,NYK,2017-01-06,111.0,116.0
22016,1610612764,1610612750,Washington Wizards,Minnesota Timberwolves,WAS,MIN,2017-01-06,112.0,105.0
22016,1610612758,1610612746,Sacramento Kings,LA Clippers,SAC,LAC,2017-01-06,98.0,106.0
22016,1610612751,1610612739,Brooklyn Nets,Cleveland Cavaliers,BKN,CLE,2017-01-06,108.0,116.0
22016,1610612744,1610612763,Golden State Warriors,Memphis Grizzlies,GSW,MEM,2017-01-06,119.0,128.0
22016,1610612741,1610612761,Chicago Bulls,Toronto Raptors,CHI,TOR,2017-01-07,123.0,118.0
22016,1610612742,1610612737,Dallas Mavericks,Atlanta Hawks,DAL,ATL,2017-01-07,82.0,97.0
22016,1610612754,1610612752,Indiana Pacers,New York Knicks,IND,NYK,2017-01-07,123.0,109.0
22016,1610612759,1610612766,San Antonio Spurs,Charlotte Hornets,SAS,CHA,2017-01-07,102.0,85.0
22016,1610612760,1610612743,Oklahoma City Thunder,Denver Nuggets,OKC,DEN,2017-01-07,121.0,106.0
22016,1610612750,1610612762,Minnesota Timberwolves,Utah Jazz,MIN,UTA,2017-01-07,92.0,94.0
22016,1610612738,1610612740,Boston Celtics,New Orleans Pelicans,BOS,NOP,2017-01-07,117.0,108.0
22016,1610612763,1610612762,Memphis Grizzlies,Utah Jazz,MEM,UTA,2017-01-08,88.0,79.0
22016,1610612757,1610612765,Portland Trail Blazers,Detroit Pistons,POR,DET,2017-01-08,124.0,125.0
22016,1610612761,1610612745,Toronto Raptors,Houston Rockets,TOR,HOU,2017-01-08,122.0,129.0
22016,1610612746,1610612748,LA Clippers,Miami Heat,LAC,MIA,2017-01-08,98.0,86.0
22016,1610612756,1610612739,Phoenix Suns,Cleveland Cavaliers,PHX,CLE,2017-01-08,116.0,120.0
22016,1610612747,1610612753,Los Angeles Lakers,Orlando Magic,LAL,ORL,2017-01-08,111.0,95.0
22016,1610612749,1610612764,Milwaukee Bucks,Washington Wizards,MIL,WAS,2017-01-08,101.0,107.0
22016,1610612751,1610612755,Brooklyn Nets,Philadelphia 76ers,BKN,PHI,2017-01-08,95.0,105.0
22016,1610612758,1610612744,Sacramento Kings,Golden State Warriors,SAC,GSW,2017-01-08,106.0,117.0
22016,1610612750,1610612742,Minnesota Timberwolves,Dallas Mavericks,MIN,DAL,2017-01-09,101.0,92.0
22016,1610612741,1610612760,Chicago Bulls,Oklahoma City Thunder,CHI,OKC,2017-01-09,94.0,109.0
22016,1610612752,1610612740,New York Knicks,New Orleans Pelicans,NYK,NOP,2017-01-09,96.0,110.0
22016,1610612744,1610612748,Golden State Warriors,Miami Heat,GSW,MIA,2017-01-10,107.0,95.0
22016,1610612758,1610612765,Sacramento Kings,Detroit Pistons,SAC,DET,2017-01-10,100.0,94.0
22016,1610612762,1610612739,Utah Jazz,Cleveland Cavaliers,UTA,CLE,2017-01-10,100.0,92.0
22016,1610612764,1610612741,Washington Wizards,Chicago Bulls,WAS,CHI,2017-01-10,101.0,99.0
22016,1610612745,1610612766,Houston Rockets,Charlotte Hornets,HOU,CHA,2017-01-10,121.0,114.0
22016,1610612761,1610612738,Toronto Raptors,Boston Celtics,TOR,BOS,2017-01-10,114.0,106.0
22016,1610612759,1610612749,San Antonio Spurs,Milwaukee Bucks,SAS,MIL,2017-01-10,107.0,109.0
22016,1610612747,1610612757,Los Angeles Lakers,Portland Trail Blazers,LAL,POR,2017-01-10,87.0,108.0
22016,1610612751,1610612737,Brooklyn Nets,Atlanta Hawks,BKN,ATL,2017-01-10,97.0,117.0
22016,1610612746,1610612753,LA Clippers,Orlando Magic,LAC,ORL,2017-01-11,105.0,96.0
22016,1610612738,1610612764,Boston Celtics,Washington Wizards,BOS,WAS,2017-01-11,117.0,108.0
22016,1610612755,1610612752,Philadelphia 76ers,New York Knicks,PHI,NYK,2017-01-11,98.0,97.0
22016,1610612750,1610612745,Minnesota Timberwolves,Houston Rockets,MIN,HOU,2017-01-11,119.0,105.0
22016,1610612757,1610612739,Portland Trail Blazers,Cleveland Cavaliers,POR,CLE,2017-01-11,102.0,86.0
22016,1610612760,1610612763,Oklahoma City Thunder,Memphis Grizzlies,OKC,MEM,2017-01-11,103.0,95.0
22016,1610612744,1610612765,Golden State Warriors,Detroit Pistons,GSW,DET,2017-01-12,127.0,107.0
22016,1610612752,1610612741,New York Knicks,Chicago Bulls,NYK,CHI,2017-01-12,104.0,89.0
22016,1610612759,1610612747,San Antonio Spurs,Los Angeles Lakers,SAS,LAL,2017-01-12,134.0,94.0
22016,1610612756,1610612742,Phoenix Suns,Dallas Mavericks,PHX,DAL,2017-01-12,108.0,113.0
22016,1610612743,1610612754,Denver Nuggets,Indiana Pacers,DEN,IND,2017-01-12,140.0,112.0
22016,1610612751,1610612740,Brooklyn Nets,New Orleans Pelicans,BKN,NOP,2017-01-12,95.0,104.0
22016,1610612758,1610612739,Sacramento Kings,Cleveland Cavaliers,SAC,CLE,2017-01-13,108.0,120.0
22016,1610612762,1610612765,Utah Jazz,Detroit Pistons,UTA,DET,2017-01-13,110.0,77.0
22016,1610612755,1610612766,Philadelphia 76ers,Charlotte Hornets,PHI,CHA,2017-01-13,102.0,93.0
22016,1610612745,1610612763,Houston Rockets,Memphis Grizzlies,HOU,MEM,2017-01-13,105.0,110.0
22016,1610612737,1610612738,Atlanta Hawks,Boston Celtics,ATL,BOS,2017-01-13,101.0,103.0
22016,1610612757,1610612753,Portland Trail Blazers,Orlando Magic,POR,ORL,2017-01-13,109.0,115.0
22016,1610612761,1610612751,Toronto Raptors,Brooklyn Nets,TOR,BKN,2017-01-13,132.0,113.0
22016,1610612749,1610612748,Milwaukee Bucks,Miami Heat,MIL,MIA,2017-01-13,116.0,108.0
22016,1610612750,1610612760,Minnesota Timberwolves,Oklahoma City Thunder,MIN,OKC,2017-01-13,96.0,86.0
22016,1610612764,1610612755,Washington Wizards,Philadelphia 76ers,WAS,PHI,2017-01-14,109.0,93.0
22016,1610612756,1610612759,Phoenix Suns,San Antonio Spurs,PHX,SAS,2017-01-14,108.0,105.0
22016,1610612741,1610612740,Chicago Bulls,New Orleans Pelicans,CHI,NOP,2017-01-14,107.0,99.0
22016,1610612762,1610612753,Utah Jazz,Orlando Magic,UTA,ORL,2017-01-14,114.0,107.0
22016,1610612746,1610612747,LA Clippers,Los Angeles Lakers,LAC,LAL,2017-01-14,113.0,97.0
22016,1610612747,1610612765,Los Angeles Lakers,Detroit Pistons,LAL,DET,2017-01-15,97.0,102.0
22016,1610612737,1610612749,Atlanta Hawks,Milwaukee Bucks,ATL,MIL,2017-01-15,111.0,98.0
22016,1610612758,1610612760,Sacramento Kings,Oklahoma City Thunder,SAC,OKC,2017-01-15,118.0,122.0
22016,1610612761,1610612752,Toronto Raptors,New York Knicks,TOR,NYK,2017-01-15,116.0,101.0
22016,1610612763,1610612741,Memphis Grizzlies,Chicago Bulls,MEM,CHI,2017-01-15,104.0,108.0
22016,1610612742,1610612750,Dallas Mavericks,Minnesota Timberwolves,DAL,MIN,2017-01-15,98.0,87.0
22016,1610612751,1610612745,Brooklyn Nets,Houston Rockets,BKN,HOU,2017-01-15,112.0,137.0
22016,1610612752,1610612737,New York Knicks,Atlanta Hawks,NYK,ATL,2017-01-16,107.0,108.0
22016,1610612764,1610612757,Washington Wizards,Portland Trail Blazers,WAS,POR,2017-01-16,120.0,101.0
22016,1610612746,1610612760,LA Clippers,Oklahoma City Thunder,LAC,OKC,2017-01-16,120.0,98.0
22016,1610612754,1610612740,Indiana Pacers,New Orleans Pelicans,IND,NOP,2017-01-16,98.0,95.0
22016,1610612743,1610612753,Denver Nuggets,Orlando Magic,DEN,ORL,2017-01-16,125.0,112.0
22016,1610612756,1610612762,Phoenix Suns,Utah Jazz,PHX,UTA,2017-01-16,101.0,106.0
22016,1610612744,1610612739,Golden State Warriors,Cleveland Cavaliers,GSW,CLE,2017-01-16,126.0,91.0
22016,1610612749,1610612755,Milwaukee Bucks,Philadelphia 76ers,MIL,PHI,2017-01-16,104.0,113.0
22016,1610612738,1610612766,Boston Celtics,Charlotte Hornets,BOS,CHA,2017-01-16,108.0,98.0
22016,1610612747,1610612743,Los Angeles Lakers,Denver Nuggets,LAL,DEN,2017-01-17,121.0,127.0
22016,1610612759,1610612750,San Antonio Spurs,Minnesota Timberwolves,SAS,MIN,2017-01-17,122.0,114.0
22016,1610612741,1610612742,Chicago Bulls,Dallas Mavericks,CHI,DAL,2017-01-17,98.0,99.0
22016,1610612748,1610612745,Miami Heat,Houston Rockets,MIA,HOU,2017-01-17,109.0,103.0
22016,1610612751,1610612761,Brooklyn Nets,Toronto Raptors,BKN,TOR,2017-01-17,109.0,119.0
22016,1610612738,1610612752,Boston Celtics,New York Knicks,BOS,NYK,2017-01-18,106.0,117.0
22016,1610612764,1610612763,Washington Wizards,Memphis Grizzlies,WAS,MEM,2017-01-18,104.0,101.0
22016,1610612745,1610612749,Houston Rockets,Milwaukee Bucks,HOU,MIL,2017-01-18,111.0,92.0
22016,1610612758,1610612754,Sacramento Kings,Indiana Pacers,SAC,IND,2017-01-18,100.0,106.0
22016,1610612740,1610612753,New Orleans Pelicans,Orlando Magic,NOP,ORL,2017-01-18,118.0,98.0
22016,1610612744,1610612760,Golden State Warriors,Oklahoma City Thunder,GSW,OKC,2017-01-18,121.0,100.0
22016,1610612755,1610612761,Philadelphia 76ers,Toronto Raptors,PHI,TOR,2017-01-18,94.0,89.0
22016,1610612766,1610612757,Charlotte Hornets,Portland Trail Blazers,CHA,POR,2017-01-18,107.0,85.0
22016,1610612765,1610612737,Detroit Pistons,Atlanta Hawks,DET,ATL,2017-01-18,118.0,95.0
22016,1610612759,1610612743,San Antonio Spurs,Denver Nuggets,SAS,DEN,2017-01-19,118.0,104.0
22016,1610612752,1610612764,New York Knicks,Washington Wizards,NYK,WAS,2017-01-19,110.0,113.0
22016,1610612748,1610612742,Miami Heat,Dallas Mavericks,MIA,DAL,2017-01-19,99.0,95.0
22016,1610612739,1610612756,Cleveland Cavaliers,Phoenix Suns,CLE,PHX,2017-01-19,118.0,103.0
22016,1610612746,1610612750,LA Clippers,Minnesota Timberwolves,LAC,MIN,2017-01-19,101.0,104.0
22016,1610612745,1610612744,Houston Rockets,Golden State Warriors,HOU,GSW,2017-01-20,108.0,125.0
22016,1610612755,1610612757,Philadelphia 76ers,Portland Trail Blazers,PHI,POR,2017-01-20,93.0,92.0
22016,1610612763,1610612758,Memphis Grizzlies,Sacramento Kings,MEM,SAC,2017-01-20,107.0,91.0
22016,1610612742,1610612762,Dallas Mavericks,Utah Jazz,DAL,UTA,2017-01-20,107.0,112.0
22016,1610612737,1610612741,Atlanta Hawks,Chicago Bulls,ATL,CHI,2017-01-20,102.0,93.0
22016,1610612740,1610612751,New Orleans Pelicans,Brooklyn Nets,NOP,BKN,2017-01-20,114.0,143.0
22016,1610612753,1610612749,Orlando Magic,Milwaukee Bucks,ORL,MIL,2017-01-20,112.0,96.0
22016,1610612747,1610612754,Los Angeles Lakers,Indiana Pacers,LAL,IND,2017-01-20,108.0,95.0
22016,1610612766,1610612761,Charlotte Hornets,Toronto Raptors,CHA,TOR,2017-01-20,113.0,78.0
22016,1610612743,1610612746,Denver Nuggets,LA Clippers,DEN,LAC,2017-01-21,123.0,98.0
22016,1610612762,1610612754,Utah Jazz,Indiana Pacers,UTA,IND,2017-01-21,109.0,100.0
22016,1610612766,1610612751,Charlotte Hornets,Brooklyn Nets,CHA,BKN,2017-01-21,112.0,105.0
22016,1610612737,1610612755,Atlanta Hawks,Philadelphia 76ers,ATL,PHI,2017-01-21,110.0,93.0
22016,1610612752,1610612756,New York Knicks,Phoenix Suns,NYK,PHX,2017-01-21,105.0,107.0
22016,1610612741,1610612758,Chicago Bulls,Sacramento Kings,CHI,SAC,2017-01-21,102.0,99.0
22016,1610612763,1610612745,Memphis Grizzlies,Houston Rockets,MEM,HOU,2017-01-21,95.0,119.0
22016,1610612739,1610612759,Cleveland Cavaliers,San Antonio Spurs,CLE,SAS,2017-01-21,115.0,118.0
22016,1610612738,1610612757,Boston Celtics,Portland Trail Blazers,BOS,POR,2017-01-21,123.0,127.0
22016,1610612765,1610612764,Detroit Pistons,Washington Wizards,DET,WAS,2017-01-21,113.0,112.0
22016,1610612748,1610612749,Miami Heat,Milwaukee Bucks,MIA,MIL,2017-01-21,109.0,97.0
22016,1610612742,1610612747,Dallas Mavericks,Los Angeles Lakers,DAL,LAL,2017-01-22,122.0,73.0
22016,1610612753,1610612744,Orlando Magic,Golden State Warriors,ORL,GSW,2017-01-22,98.0,118.0
22016,1610612761,1610612756,Toronto Raptors,Phoenix Suns,TOR,PHX,2017-01-22,103.0,115.0
22016,1610612750,1610612743,Minnesota Timberwolves,Denver Nuggets,MIN,DEN,2017-01-22,111.0,108.0
22016,1610612766,1610612764,Charlotte Hornets,Washington Wizards,CHA,WAS,2017-01-23,99.0,109.0
22016,1610612737,1610612746,Atlanta Hawks,LA Clippers,ATL,LAC,2017-01-23,105.0,115.0
22016,1610612748,1610612744,Miami Heat,Golden State Warriors,MIA,GSW,2017-01-23,105.0,102.0
22016,1610612751,1610612759,Brooklyn Nets,San Antonio Spurs,BKN,SAS,2017-01-23,86.0,112.0
22016,1610612754,1610612752,Indiana Pacers,New York Knicks,IND,NYK,2017-01-23,103.0,109.0
22016,1610612762,1610612760,Utah Jazz,Oklahoma City Thunder,UTA,OKC,2017-01-23,95.0,97.0
22016,1610612740,1610612739,New Orleans Pelicans,Cleveland Cavaliers,NOP,CLE,2017-01-23,124.0,122.0
22016,1610612749,1610612745,Milwaukee Bucks,Houston Rockets,MIL,HOU,2017-01-23,127.0,114.0
22016,1610612765,1610612758,Detroit Pistons,Sacramento Kings,DET,SAC,2017-01-23,104.0,109.0
22016,1610612761,1610612759,Toronto Raptors,San Antonio Spurs,TOR,SAS,2017-01-24,106.0,108.0
22016,1610612756,1610612750,Phoenix Suns,Minnesota Timberwolves,PHX,MIN,2017-01-24,111.0,112.0
22016,1610612764,1610612738,Washington Wizards,Boston Celtics,WAS,BOS,2017-01-24,123.0,108.0
22016,1610612743,1610612762,Denver Nuggets,Utah Jazz,DEN,UTA,2017-01-24,103.0,93.0
22016,1610612755,1610612746,Philadelphia 76ers,LA Clippers,PHI,LAC,2017-01-24,121.0,110.0
22016,1610612753,1610612741,Orlando Magic,Chicago Bulls,ORL,CHI,2017-01-24,92.0,100.0
22016,1610612757,1610612747,Portland Trail Blazers,Los Angeles Lakers,POR,LAL,2017-01-25,105.0,98.0
22016,1610612739,1610612758,Cleveland Cavaliers,Sacramento Kings,CLE,SAC,2017-01-25,112.0,116.0
22016,1610612749,1610612755,Milwaukee Bucks,Philadelphia 76ers,MIL,PHI,2017-01-25,109.0,114.0
22016,1610612738,1610612745,Boston Celtics,Houston Rockets,BOS,HOU,2017-01-25,120.0,109.0
22016,1610612742,1610612752,Dallas Mavericks,New York Knicks,DAL,NYK,2017-01-25,103.0,95.0
22016,1610612766,1610612744,Charlotte Hornets,Golden State Warriors,CHA,GSW,2017-01-25,103.0,113.0
22016,1610612740,1610612760,New Orleans Pelicans,Oklahoma City Thunder,NOP,OKC,2017-01-25,105.0,114.0
22016,1610612763,1610612761,Memphis Grizzlies,Toronto Raptors,MEM,TOR,2017-01-25,101.0,99.0
22016,1610612751,1610612748,Brooklyn Nets,Miami Heat,BKN,MIA,2017-01-25,106.0,109.0
22016,1610612741,1610612737,Chicago Bulls,Atlanta Hawks,CHI,ATL,2017-01-25,114.0,119.0
22016,1610612762,1610612747,Utah Jazz,Los Angeles Lakers,UTA,LAL,2017-01-26,96.0,88.0
22016,1610612760,1610612742,Oklahoma City Thunder,Dallas Mavericks,OKC,DAL,2017-01-26,109.0,98.0
22016,1610612743,1610612756,Denver Nuggets,Phoenix Suns,DEN,PHX,2017-01-26,127.0,120.0
22016,1610612750,1610612754,Minnesota Timberwolves,Indiana Pacers,MIN,IND,2017-01-26,103.0,109.0
22016,1610612761,1610612749,Toronto Raptors,Milwaukee Bucks,TOR,MIL,2017-01-27,102.0,86.0
22016,1610612738,1610612753,Boston Celtics,Orlando Magic,BOS,ORL,2017-01-27,128.0,98.0
22016,1610612754,1610612758,Indiana Pacers,Sacramento Kings,IND,SAC,2017-01-27,115.0,111.0
22016,1610612757,1610612763,Portland Trail Blazers,Memphis Grizzlies,POR,MEM,2017-01-27,112.0,109.0
22016,1610612741,1610612748,Chicago Bulls,Miami Heat,CHI,MIA,2017-01-27,88.0,100.0
22016,1610612752,1610612766,New York Knicks,Charlotte Hornets,NYK,CHA,2017-01-27,110.0,107.0
22016,1610612740,1610612759,New Orleans Pelicans,San Antonio Spurs,NOP,SAS,2017-01-27,119.0,103.0
22016,1610612755,1610612745,Philadelphia 76ers,Houston Rockets,PHI,HOU,2017-01-27,118.0,123.0
22016,1610612739,1610612751,Cleveland Cavaliers,Brooklyn Nets,CLE,BKN,2017-01-27,124.0,116.0
22016,1610612737,1610612764,Atlanta Hawks,Washington Wizards,ATL,WAS,2017-01-27,86.0,112.0
22016,1610612762,1610612763,Utah Jazz,Memphis Grizzlies,UTA,MEM,2017-01-28,95.0,102.0
22016,1610612744,1610612746,Golden State Warriors,LA Clippers,GSW,LAC,2017-01-28,144.0,98.0
22016,1610612766,1610612758,Charlotte Hornets,Sacramento Kings,CHA,SAC,2017-01-28,106.0,109.0
22016,1610612748,1610612765,Miami Heat,Detroit Pistons,MIA,DET,2017-01-28,116.0,103.0
22016,1610612756,1610612743,Phoenix Suns,Denver Nuggets,PHX,DEN,2017-01-28,112.0,123.0
22016,1610612750,1610612751,Minnesota Timberwolves,Brooklyn Nets,MIN,BKN,2017-01-28,129.0,109.0
22016,1610612749,1610612738,Milwaukee Bucks,Boston Celtics,MIL,BOS,2017-01-28,108.0,112.0
22016,1610612740,1610612764,New Orleans Pelicans,Washington Wizards,NOP,WAS,2017-01-29,94.0,107.0
22016,1610612741,1610612755,Chicago Bulls,Philadelphia 76ers,CHI,PHI,2017-01-29,121.0,108.0
22016,1610612737,1610612752,Atlanta Hawks,New York Knicks,ATL,NYK,2017-01-29,142.0,139.0
22016,1610612757,1610612744,Portland Trail Blazers,Golden State Warriors,POR,GSW,2017-01-29,111.0,113.0
22016,1610612761,1610612753,Toronto Raptors,Orlando Magic,TOR,ORL,2017-01-29,113.0,114.0
22016,1610612754,1610612745,Indiana Pacers,Houston Rockets,IND,HOU,2017-01-29,120.0,101.0
22016,1610612739,1610612760,Cleveland Cavaliers,Oklahoma City Thunder,CLE,OKC,2017-01-29,107.0,91.0
22016,1610612759,1610612742,San Antonio Spurs,Dallas Mavericks,SAS,DAL,2017-01-29,101.0,105.0
22016,1610612738,1610612765,Boston Celtics,Detroit Pistons,BOS,DET,2017-01-30,113.0,109.0
22016,1610612748,1610612751,Miami Heat,Brooklyn Nets,MIA,BKN,2017-01-30,104.0,96.0
22016,1610612742,1610612739,Dallas Mavericks,Cleveland Cavaliers,DAL,CLE,2017-01-30,104.0,97.0
22016,1610612756,1610612763,Phoenix Suns,Memphis Grizzlies,PHX,MEM,2017-01-30,96.0,115.0
22016,1610612750,1610612753,Minnesota Timberwolves,Orlando Magic,MIN,ORL,2017-01-30,111.0,105.0
22016,1610612755,1610612758,Philadelphia 76ers,Sacramento Kings,PHI,SAC,2017-01-30,122.0,119.0
22016,1610612757,1610612766,Portland Trail Blazers,Charlotte Hornets,POR,CHA,2017-01-31,115.0,98.0
22016,1610612759,1610612760,San Antonio Spurs,Oklahoma City Thunder,SAS,OKC,2017-01-31,108.0,94.0
22016,1610612745,1610612758,Houston Rockets,Sacramento Kings,HOU,SAC,2017-01-31,105.0,83.0
22016,1610612747,1610612743,Los Angeles Lakers,Denver Nuggets,LAL,DEN,2017-01-31,120.0,116.0
22016,1610612764,1610612752,Washington Wizards,New York Knicks,WAS,NYK,2017-01-31,117.0,101.0
22016,1610612761,1610612740,Toronto Raptors,New Orleans Pelicans,TOR,NOP,2017-01-31,108.0,106.0
22016,1610612762,1610612749,Utah Jazz,Milwaukee Bucks,UTA,MIL,2017-02-01,104.0,88.0
22016,1610612738,1610612761,Boston Celtics,Toronto Raptors,BOS,TOR,2017-02-01,109.0,104.0
22016,1610612756,1610612746,Phoenix Suns,LA Clippers,PHX,LAC,2017-02-01,114.0,124.0
22016,1610612760,1610612741,Oklahoma City Thunder,Chicago Bulls,OKC,CHI,2017-02-01,100.0,128.0
22016,1610612743,1610612763,Denver Nuggets,Memphis Grizzlies,DEN,MEM,2017-02-01,99.0,119.0
22016,1610612739,1610612750,Cleveland Cavaliers,Minnesota Timberwolves,CLE,MIN,2017-02-01,125.0,97.0
22016,1610612765,1610612740,Detroit Pistons,New Orleans Pelicans,DET,NOP,2017-02-01,118.0,98.0
22016,1610612751,1610612752,Brooklyn Nets,New York Knicks,BKN,NYK,2017-02-01,90.0,95.0
22016,1610612748,1610612737,Miami Heat,Atlanta Hawks,MIA,ATL,2017-02-01,116.0,93.0
22016,1610612742,1610612755,Dallas Mavericks,Philadelphia 76ers,DAL,PHI,2017-02-01,113.0,95.0
22016,1610612753,1610612754,Orlando Magic,Indiana Pacers,ORL,IND,2017-02-01,88.0,98.0
22016,1610612744,1610612766,Golden State Warriors,Charlotte Hornets,GSW,CHA,2017-02-01,126.0,111.0
22016,1610612745,1610612737,Houston Rockets,Atlanta Hawks,HOU,ATL,2017-02-02,108.0,113.0
22016,1610612759,1610612755,San Antonio Spurs,Philadelphia 76ers,SAS,PHI,2017-02-02,102.0,86.0
22016,1610612764,1610612747,Washington Wizards,Los Angeles Lakers,WAS,LAL,2017-02-02,116.0,108.0
22016,1610612746,1610612744,LA Clippers,Golden State Warriors,LAC,GSW,2017-02-02,120.0,133.0
22016,1610612743,1610612749,Denver Nuggets,Milwaukee Bucks,DEN,MIL,2017-02-03,121.0,117.0
22016,1610612758,1610612756,Sacramento Kings,Phoenix Suns,SAC,PHX,2017-02-03,103.0,105.0
22016,1610612738,1610612747,Boston Celtics,Los Angeles Lakers,BOS,LAL,2017-02-03,113.0,107.0
22016,1610612745,1610612741,Houston Rockets,Chicago Bulls,HOU,CHI,2017-02-03,121.0,117.0
22016,1610612751,1610612754,Brooklyn Nets,Indiana Pacers,BKN,IND,2017-02-03,97.0,106.0
22016,1610612753,1610612761,Orlando Magic,Toronto Raptors,ORL,TOR,2017-02-03,102.0,94.0
22016,1610612765,1610612750,Detroit Pistons,Minnesota Timberwolves,DET,MIN,2017-02-03,116.0,108.0
22016,1610612757,1610612742,Portland Trail Blazers,Dallas Mavericks,POR,DAL,2017-02-03,104.0,108.0
22016,1610612760,1610612763,Oklahoma City Thunder,Memphis Grizzlies,OKC,MEM,2017-02-03,114.0,102.0
22016,1610612762,1610612766,Utah Jazz,Charlotte Hornets,UTA,CHA,2017-02-04,105.0,98.0
22016,1610612752,1610612739,New York Knicks,Cleveland Cavaliers,NYK,CLE,2017-02-04,104.0,111.0
22016,1610612758,1610612744,Sacramento Kings,Golden State Warriors,SAC,GSW,2017-02-04,109.0,106.0
22016,1610612754,1610612765,Indiana Pacers,Detroit Pistons,IND,DET,2017-02-04,105.0,84.0
22016,1610612748,1610612755,Miami Heat,Philadelphia 76ers,MIA,PHI,2017-02-04,125.0,102.0
22016,1610612750,1610612763,Minnesota Timberwolves,Memphis Grizzlies,MIN,MEM,2017-02-04,99.0,107.0
22016,1610612737,1610612753,Atlanta Hawks,Orlando Magic,ATL,ORL,2017-02-04,113.0,86.0
22016,1610612764,1610612740,Washington Wizards,New Orleans Pelicans,WAS,NOP,2017-02-04,105.0,91.0
22016,1610612759,1610612743,San Antonio Spurs,Denver Nuggets,SAS,DEN,2017-02-04,121.0,97.0
22016,1610612756,1610612749,Phoenix Suns,Milwaukee Bucks,PHX,MIL,2017-02-04,112.0,137.0
22016,1610612760,1610612757,Oklahoma City Thunder,Portland Trail Blazers,OKC,POR,2017-02-05,105.0,99.0
22016,1610612751,1610612761,Brooklyn Nets,Toronto Raptors,BKN,TOR,2017-02-05,95.0,103.0
22016,1610612738,1610612746,Boston Celtics,LA Clippers,BOS,LAC,2017-02-05,107.0,102.0
22016,1610612740,1610612756,New Orleans Pelicans,Phoenix Suns,NOP,PHX,2017-02-06,111.0,106.0
22016,1610612750,1610612748,Minnesota Timberwolves,Miami Heat,MIN,MIA,2017-02-06,113.0,115.0
22016,1610612737,1610612762,Atlanta Hawks,Utah Jazz,ATL,UTA,2017-02-06,95.0,120.0
22016,1610612763,1610612759,Memphis Grizzlies,San Antonio Spurs,MEM,SAS,2017-02-06,89.0,74.0
22016,1610612754,1610612760,Indiana Pacers,Oklahoma City Thunder,IND,OKC,2017-02-06,93.0,90.0
22016,1610612743,1610612742,Denver Nuggets,Dallas Mavericks,DEN,DAL,2017-02-06,110.0,87.0
22016,1610612752,1610612747,New York Knicks,Los Angeles Lakers,NYK,LAL,2017-02-06,107.0,121.0
22016,1610612761,1610612746,Toronto Raptors,LA Clippers,TOR,LAC,2017-02-06,118.0,109.0
22016,1610612758,1610612741,Sacramento Kings,Chicago Bulls,SAC,CHI,2017-02-06,107.0,112.0
22016,1610612764,1610612739,Washington Wizards,Cleveland Cavaliers,WAS,CLE,2017-02-06,135.0,140.0
22016,1610612765,1610612755,Detroit Pistons,Philadelphia 76ers,DET,PHI,2017-02-06,113.0,96.0
22016,1610612766,1610612751,Charlotte Hornets,Brooklyn Nets,CHA,BKN,2017-02-07,111.0,107.0
22016,1610612742,1610612757,Dallas Mavericks,Portland Trail Blazers,DAL,POR,2017-02-07,113.0,114.0
22016,1610612745,1610612753,Houston Rockets,Orlando Magic,HOU,ORL,2017-02-07,128.0,104.0
22016,1610612737,1610612743,Atlanta Hawks,Denver Nuggets,ATL,DEN,2017-02-08,117.0,106.0
22016,1610612763,1610612756,Memphis Grizzlies,Phoenix Suns,MEM,PHX,2017-02-08,110.0,91.0
22016,1610612740,1610612762,New Orleans Pelicans,Utah Jazz,NOP,UTA,2017-02-08,94.0,127.0
22016,1610612750,1610612761,Minnesota Timberwolves,Toronto Raptors,MIN,TOR,2017-02-08,112.0,109.0
22016,1610612755,1610612759,Philadelphia 76ers,San Antonio Spurs,PHI,SAS,2017-02-08,103.0,111.0
22016,1610612749,1610612748,Milwaukee Bucks,Miami Heat,MIL,MIA,2017-02-08,88.0,106.0
22016,1610612754,1610612739,Indiana Pacers,Cleveland Cavaliers,IND,CLE,2017-02-08,117.0,132.0
22016,1610612758,1610612738,Sacramento Kings,Boston Celtics,SAC,BOS,2017-02-08,108.0,92.0
22016,1610612752,1610612746,New York Knicks,LA Clippers,NYK,LAC,2017-02-08,115.0,119.0
22016,1610612765,1610612747,Detroit Pistons,Los Angeles Lakers,DET,LAL,2017-02-08,121.0,102.0
22016,1610612744,1610612741,Golden State Warriors,Chicago Bulls,GSW,CHI,2017-02-08,123.0,92.0
22016,1610612751,1610612764,Brooklyn Nets,Washington Wizards,BKN,WAS,2017-02-08,110.0,114.0
22016,1610612742,1610612762,Dallas Mavericks,Utah Jazz,DAL,UTA,2017-02-09,112.0,105.0
22016,1610612766,1610612745,Charlotte Hornets,Houston Rockets,CHA,HOU,2017-02-09,95.0,107.0
22016,1610612753,1610612755,Orlando Magic,Philadelphia 76ers,ORL,PHI,2017-02-09,111.0,112.0
22016,1610612757,1610612738,Portland Trail Blazers,Boston Celtics,POR,BOS,2017-02-09,111.0,120.0
22016,1610612760,1610612739,Oklahoma City Thunder,Cleveland Cavaliers,OKC,CLE,2017-02-09,118.0,109.0
22016,1610612751,1610612748,Brooklyn Nets,Miami Heat,BKN,MIA,2017-02-10,99.0,108.0
22016,1610612764,1610612754,Washington Wizards,Indiana Pacers,WAS,IND,2017-02-10,112.0,107.0
22016,1610612749,1610612747,Milwaukee Bucks,Los Angeles Lakers,MIL,LAL,2017-02-10,114.0,122.0
22016,1610612750,1610612740,Minnesota Timberwolves,New Orleans Pelicans,MIN,NOP,2017-02-10,106.0,122.0
22016,1610612763,1610612744,Memphis Grizzlies,Golden State Warriors,MEM,GSW,2017-02-10,107.0,122.0
22016,1610612756,1610612741,Phoenix Suns,Chicago Bulls,PHX,CHI,2017-02-10,115.0,97.0
22016,1610612758,1610612737,Sacramento Kings,Atlanta Hawks,SAC,ATL,2017-02-10,108.0,107.0
22016,1610612765,1610612759,Detroit Pistons,San Antonio Spurs,DET,SAS,2017-02-10,92.0,103.0
22016,1610612752,1610612743,New York Knicks,Denver Nuggets,NYK,DEN,2017-02-10,123.0,131.0
22016,1610612745,1610612756,Houston Rockets,Phoenix Suns,HOU,PHX,2017-02-11,133.0,102.0
22016,1610612739,1610612743,Cleveland Cavaliers,Denver Nuggets,CLE,DEN,2017-02-11,125.0,109.0
22016,1610612766,1610612746,Charlotte Hornets,LA Clippers,CHA,LAC,2017-02-11,102.0,107.0
22016,1610612760,1610612744,Oklahoma City Thunder,Golden State Warriors,OKC,GSW,2017-02-11,114.0,130.0
22016,1610612762,1610612738,Utah Jazz,Boston Celtics,UTA,BOS,2017-02-11,104.0,112.0
22016,1610612742,1610612753,Dallas Mavericks,Orlando Magic,DAL,ORL,2017-02-11,112.0,80.0
22016,1610612755,1610612748,Philadelphia 76ers,Miami Heat,PHI,MIA,2017-02-11,117.0,109.0
22016,1610612754,1610612749,Indiana Pacers,Milwaukee Bucks,IND,MIL,2017-02-11,100.0,116.0
22016,1610612761,1610612765,Toronto Raptors,Detroit Pistons,TOR,DET,2017-02-12,101.0,102.0
22016,1610612750,1610612741,Minnesota Timberwolves,Chicago Bulls,MIN,CHI,2017-02-12,117.0,89.0
22016,1610612758,1610612740,Sacramento Kings,New Orleans Pelicans,SAC,NOP,2017-02-12,105.0,99.0
22016,1610612752,1610612759,New York Knicks,San Antonio Spurs,NYK,SAS,2017-02-12,94.0,90.0
22016,1610612749,1610612765,Milwaukee Bucks,Detroit Pistons,MIL,DET,2017-02-13,102.0,89.0
22016,1610612756,1610612740,Phoenix Suns,New Orleans Pelicans,PHX,NOP,2017-02-13,108.0,110.0
22016,1610612754,1610612759,Indiana Pacers,San Antonio Spurs,IND,SAS,2017-02-13,106.0,110.0
22016,1610612762,1610612746,Utah Jazz,LA Clippers,UTA,LAC,2017-02-13,72.0,88.0
22016,1610612743,1610612744,Denver Nuggets,Golden State Warriors,DEN,GSW,2017-02-13,132.0,110.0
22016,1610612757,1610612737,Portland Trail Blazers,Atlanta Hawks,POR,ATL,2017-02-13,104.0,109.0
22016,1610612764,1610612760,Washington Wizards,Oklahoma City Thunder,WAS,OKC,2017-02-13,120.0,98.0
22016,1610612766,1610612755,Charlotte Hornets,Philadelphia 76ers,CHA,PHI,2017-02-13,99.0,105.0
22016,1610612742,1610612738,Dallas Mavericks,Boston Celtics,DAL,BOS,2017-02-13,98.0,111.0
22016,1610612751,1610612763,Brooklyn Nets,Memphis Grizzlies,BKN,MEM,2017-02-13,103.0,112.0
22016,1610612748,1610612753,Miami Heat,Orlando Magic,MIA,ORL,2017-02-13,107.0,116.0
22016,1610612747,1610612758,Los Angeles Lakers,Sacramento Kings,LAL,SAC,2017-02-14,96.0,97.0
22016,1610612750,1610612739,Minnesota Timberwolves,Cleveland Cavaliers,MIN,CLE,2017-02-14,108.0,116.0
22016,1610612741,1610612761,Chicago Bulls,Toronto Raptors,CHI,TOR,2017-02-14,105.0,94.0
22016,1610612760,1610612752,Oklahoma City Thunder,New York Knicks,OKC,NYK,2017-02-15,116.0,105.0
22016,1610612738,1610612755,Boston Celtics,Philadelphia 76ers,BOS,PHI,2017-02-15,116.0,108.0
22016,1610612762,1610612757,Utah Jazz,Portland Trail Blazers,UTA,POR,2017-02-15,111.0,88.0
22016,1610612761,1610612766,Toronto Raptors,Charlotte Hornets,TOR,CHA,2017-02-15,90.0,85.0
22016,1610612746,1610612737,LA Clippers,Atlanta Hawks,LAC,ATL,2017-02-15,99.0,84.0
22016,1610612744,1610612758,Golden State Warriors,Sacramento Kings,GSW,SAC,2017-02-15,109.0,86.0
22016,1610612745,1610612748,Houston Rockets,Miami Heat,HOU,MIA,2017-02-15,109.0,117.0
22016,1610612753,1610612759,Orlando Magic,San Antonio Spurs,ORL,SAS,2017-02-15,79.0,107.0
22016,1610612756,1610612747,Phoenix Suns,Los Angeles Lakers,PHX,LAL,2017-02-15,137.0,101.0
22016,1610612763,1610612740,Memphis Grizzlies,New Orleans Pelicans,MEM,NOP,2017-02-15,91.0,95.0
22016,1610612739,1610612754,Cleveland Cavaliers,Indiana Pacers,CLE,IND,2017-02-15,113.0,104.0
22016,1610612765,1610612742,Detroit Pistons,Dallas Mavericks,DET,DAL,2017-02-15,98.0,91.0
22016,1610612751,1610612749,Brooklyn Nets,Milwaukee Bucks,BKN,MIL,2017-02-15,125.0,129.0
22016,1610612743,1610612750,Denver Nuggets,Minnesota Timberwolves,DEN,MIN,2017-02-15,99.0,112.0
22016,1610612741,1610612738,Chicago Bulls,Boston Celtics,CHI,BOS,2017-02-16,104.0,103.0
22016,1610612754,1610612764,Indiana Pacers,Washington Wizards,IND,WAS,2017-02-16,98.0,111.0
22016,1610612744,1610612746,Golden State Warriors,LA Clippers,GSW,LAC,2017-02-23,123.0,113.0
22016,1610612758,1610612743,Sacramento Kings,Denver Nuggets,SAC,DEN,2017-02-23,116.0,100.0
22016,1610612739,1610612752,Cleveland Cavaliers,New York Knicks,CLE,NYK,2017-02-23,119.0,104.0
22016,1610612765,1610612766,Detroit Pistons,Charlotte Hornets,DET,CHA,2017-02-23,114.0,108.0
22016,1610612740,1610612745,New Orleans Pelicans,Houston Rockets,NOP,HOU,2017-02-23,99.0,129.0
22016,1610612753,1610612757,Orlando Magic,Portland Trail Blazers,ORL,POR,2017-02-23,103.0,112.0
22016,1610612750,1610612742,Minnesota Timberwolves,Dallas Mavericks,MIN,DAL,2017-02-24,97.0,84.0
22016,1610612741,1610612756,Chicago Bulls,Phoenix Suns,CHI,PHX,2017-02-24,128.0,121.0
22016,1610612737,1610612748,Atlanta Hawks,Miami Heat,ATL,MIA,2017-02-24,90.0,108.0
22016,1610612746,1610612759,LA Clippers,San Antonio Spurs,LAC,SAS,2017-02-24,97.0,105.0
22016,1610612743,1610612751,Denver Nuggets,Brooklyn Nets,DEN,BKN,2017-02-24,129.0,109.0
22016,1610612760,1610612747,Oklahoma City Thunder,Los Angeles Lakers,OKC,LAL,2017-02-24,110.0,93.0
22016,1610612761,1610612738,Toronto Raptors,Boston Celtics,TOR,BOS,2017-02-24,107.0,97.0
22016,1610612755,1610612764,Philadelphia 76ers,Washington Wizards,PHI,WAS,2017-02-24,120.0,112.0
22016,1610612754,1610612763,Indiana Pacers,Memphis Grizzlies,IND,MEM,2017-02-24,102.0,92.0
22016,1610612749,1610612762,Milwaukee Bucks,Utah Jazz,MIL,UTA,2017-02-24,95.0,109.0
22016,1610612742,1610612740,Dallas Mavericks,New Orleans Pelicans,DAL,NOP,2017-02-25,96.0,83.0
22016,1610612744,1610612751,Golden State Warriors,Brooklyn Nets,GSW,BKN,2017-02-25,112.0,95.0
22016,1610612753,1610612737,Orlando Magic,Atlanta Hawks,ORL,ATL,2017-02-25,105.0,86.0
22016,1610612752,1610612755,New York Knicks,Philadelphia 76ers,NYK,PHI,2017-02-25,110.0,109.0
22016,1610612745,1610612750,Houston Rockets,Minnesota Timberwolves,HOU,MIN,2017-02-25,142.0,130.0
22016,1610612748,1610612754,Miami Heat,Indiana Pacers,MIA,IND,2017-02-25,113.0,95.0
22016,1610612739,1610612741,Cleveland Cavaliers,Chicago Bulls,CLE,CHI,2017-02-25,99.0,117.0
22016,1610612758,1610612766,Sacramento Kings,Charlotte Hornets,SAC,CHA,2017-02-25,85.0,99.0
22016,1610612765,1610612738,Detroit Pistons,Boston Celtics,DET,BOS,2017-02-26,98.0,104.0
22016,1610612760,1610612740,Oklahoma City Thunder,New Orleans Pelicans,OKC,NOP,2017-02-26,118.0,110.0
22016,1610612747,1610612759,Los Angeles Lakers,San Antonio Spurs,LAL,SAS,2017-02-26,98.0,119.0
22016,1610612743,1610612763,Denver Nuggets,Memphis Grizzlies,DEN,MEM,2017-02-26,98.0,105.0
22016,1610612764,1610612762,Washington Wizards,Utah Jazz,WAS,UTA,2017-02-26,92.0,102.0
22016,1610612761,1610612757,Toronto Raptors,Portland Trail Blazers,TOR,POR,2017-02-26,112.0,106.0
22016,1610612746,1610612766,LA Clippers,Charlotte Hornets,LAC,CHA,2017-02-26,124.0,121.0
22016,1610612749,1610612756,Milwaukee Bucks,Phoenix Suns,MIL,PHX,2017-02-26,100.0,96.0
22016,1610612738,1610612737,Boston Celtics,Atlanta Hawks,BOS,ATL,2017-02-27,98.0,114.0
22016,1610612739,1610612749,Cleveland Cavaliers,Milwaukee Bucks,CLE,MIL,2017-02-27,102.0,95.0
22016,1610612755,1610612744,Philadelphia 76ers,Golden State Warriors,PHI,GSW,2017-02-27,108.0,119.0
22016,1610612758,1610612750,Sacramento Kings,Minnesota Timberwolves,SAC,MIN,2017-02-27,88.0,102.0
22016,1610612742,1610612748,Dallas Mavericks,Miami Heat,DAL,MIA,2017-02-27,96.0,89.0
22016,1610612745,1610612754,Houston Rockets,Indiana Pacers,HOU,IND,2017-02-27,108.0,117.0
22016,1610612752,1610612761,New York Knicks,Toronto Raptors,NYK,TOR,2017-02-27,91.0,92.0
22016,1610612765,1610612757,Detroit Pistons,Portland Trail Blazers,DET,POR,2017-02-28,120.0,113.0
22016,1610612741,1610612743,Chicago Bulls,Denver Nuggets,CHI,DEN,2017-02-28,107.0,125.0
22016,1610612760,1610612762,Oklahoma City Thunder,Utah Jazz,OKC,UTA,2017-02-28,109.0,106.0
22016,1610612763,1610612756,Memphis Grizzlies,Phoenix Suns,MEM,PHX,2017-02-28,130.0,112.0
22016,1610612747,1610612766,Los Angeles Lakers,Charlotte Hornets,LAL,CHA,2017-02-28,104.0,109.0
22016,1610612764,1610612744,Washington Wizards,Golden State Warriors,WAS,GSW,2017-02-28,112.0,108.0
22016,1610612753,1610612752,Orlando Magic,New York Knicks,ORL,NYK,2017-03-01,90.0,101.0
22016,1610612737,1610612742,Atlanta Hawks,Dallas Mavericks,ATL,DAL,2017-03-01,100.0,95.0
22016,1610612749,1610612743,Milwaukee Bucks,Denver Nuggets,MIL,DEN,2017-03-01,98.0,110.0
22016,1610612758,1610612751,Sacramento Kings,Brooklyn Nets,SAC,BKN,2017-03-01,100.0,109.0
22016,1610612762,1610612750,Utah Jazz,Minnesota Timberwolves,UTA,MIN,2017-03-01,80.0,107.0
22016,1610612761,1610612764,Toronto Raptors,Washington Wizards,TOR,WAS,2017-03-01,96.0,105.0
22016,1610612759,1610612754,San Antonio Spurs,Indiana Pacers,SAS,IND,2017-03-01,100.0,99.0
22016,1610612738,1610612739,Boston Celtics,Cleveland Cavaliers,BOS,CLE,2017-03-01,103.0,99.0
22016,1610612746,1610612745,LA Clippers,Houston Rockets,LAC,HOU,2017-03-01,103.0,122.0
22016,1610612740,1610612765,New Orleans Pelicans,Detroit Pistons,NOP,DET,2017-03-01,109.0,86.0
22016,1610612748,1610612755,Miami Heat,Philadelphia 76ers,MIA,PHI,2017-03-01,125.0,98.0
22016,1610612756,1610612766,Phoenix Suns,Charlotte Hornets,PHX,CHA,2017-03-02,120.0,103.0
22016,1610612741,1610612744,Chicago Bulls,Golden State Warriors,CHI,GSW,2017-03-02,94.0,87.0
22016,1610612757,1610612760,Portland Trail Blazers,Oklahoma City Thunder,POR,OKC,2017-03-02,114.0,109.0
22016,1610612755,1610612752,Philadelphia 76ers,New York Knicks,PHI,NYK,2017-03-03,105.0,102.0
22016,1610612740,1610612759,New Orleans Pelicans,San Antonio Spurs,NOP,SAS,2017-03-03,98.0,101.0
22016,1610612764,1610612761,Washington Wizards,Toronto Raptors,WAS,TOR,2017-03-03,106.0,114.0
22016,1610612756,1610612760,Phoenix Suns,Oklahoma City Thunder,PHX,OKC,2017-03-03,118.0,111.0
22016,1610612737,1610612739,Atlanta Hawks,Cleveland Cavaliers,ATL,CLE,2017-03-03,130.0,135.0
22016,1610612742,1610612763,Dallas Mavericks,Memphis Grizzlies,DAL,MEM,2017-03-03,104.0,100.0
22016,1610612762,1610612751,Utah Jazz,Brooklyn Nets,UTA,BKN,2017-03-03,112.0,97.0
22016,1610612749,1610612746,Milwaukee Bucks,LA Clippers,MIL,LAC,2017-03-03,112.0,101.0
22016,1610612753,1610612748,Orlando Magic,Miami Heat,ORL,MIA,2017-03-03,110.0,99.0
22016,1610612747,1610612738,Los Angeles Lakers,Boston Celtics,LAL,BOS,2017-03-03,95.0,115.0
22016,1610612743,1610612766,Denver Nuggets,Charlotte Hornets,DEN,CHA,2017-03-04,102.0,112.0
22016,1610612757,1610612751,Portland Trail Blazers,Brooklyn Nets,POR,BKN,2017-03-04,130.0,116.0
22016,1610612755,1610612765,Philadelphia 76ers,Detroit Pistons,PHI,DET,2017-03-04,106.0,136.0
22016,1610612741,1610612746,Chicago Bulls,LA Clippers,CHI,LAC,2017-03-04,91.0,101.0
22016,1610612748,1610612739,Miami Heat,Cleveland Cavaliers,MIA,CLE,2017-03-04,120.0,92.0
22016,1610612745,1610612763,Houston Rockets,Memphis Grizzlies,HOU,MEM,2017-03-04,123.0,108.0
22016,1610612749,1610612761,Milwaukee Bucks,Toronto Raptors,MIL,TOR,2017-03-04,101.0,94.0
22016,1610612759,1610612750,San Antonio Spurs,Minnesota Timberwolves,SAS,MIN,2017-03-04,97.0,90.0
22016,1610612742,1610612760,Dallas Mavericks,Oklahoma City Thunder,DAL,OKC,2017-03-05,104.0,89.0
22016,1610612737,1610612754,Atlanta Hawks,Indiana Pacers,ATL,IND,2017-03-05,96.0,97.0
22016,1610612747,1610612740,Los Angeles Lakers,New Orleans Pelicans,LAL,NOP,2017-03-05,97.0,105.0
22016,1610612752,1610612744,New York Knicks,Golden State Warriors,NYK,GSW,2017-03-05,105.0,112.0
22016,1610612756,1610612738,Phoenix Suns,Boston Celtics,PHX,BOS,2017-03-05,109.0,106.0
22016,1610612764,1610612753,Washington Wizards,Orlando Magic,WAS,ORL,2017-03-05,115.0,114.0
22016,1610612758,1610612762,Sacramento Kings,Utah Jazz,SAC,UTA,2017-03-05,109.0,110.0
22016,1610612746,1610612738,LA Clippers,Boston Celtics,LAC,BOS,2017-03-06,116.0,102.0
22016,1610612766,1610612754,Charlotte Hornets,Indiana Pacers,CHA,IND,2017-03-06,100.0,88.0
22016,1610612739,1610612748,Cleveland Cavaliers,Miami Heat,CLE,MIA,2017-03-06,98.0,106.0
22016,1610612743,1610612758,Denver Nuggets,Sacramento Kings,DEN,SAC,2017-03-06,108.0,96.0
22016,1610612762,1610612740,Utah Jazz,New Orleans Pelicans,UTA,NOP,2017-03-06,88.0,83.0
22016,1610612759,1610612745,San Antonio Spurs,Houston Rockets,SAS,HOU,2017-03-06,112.0,110.0
22016,1610612765,1610612741,Detroit Pistons,Chicago Bulls,DET,CHI,2017-03-06,109.0,95.0
22016,1610612753,1610612752,Orlando Magic,New York Knicks,ORL,NYK,2017-03-06,105.0,113.0
22016,1610612763,1610612751,Memphis Grizzlies,Brooklyn Nets,MEM,BKN,2017-03-06,109.0,122.0
22016,1610612737,1610612744,Atlanta Hawks,Golden State Warriors,ATL,GSW,2017-03-06,111.0,119.0
22016,1610612755,1610612749,Philadelphia 76ers,Milwaukee Bucks,PHI,MIL,2017-03-06,98.0,112.0
22016,1610612742,1610612747,Dallas Mavericks,Los Angeles Lakers,DAL,LAL,2017-03-07,122.0,111.0
22016,1610612760,1610612757,Oklahoma City Thunder,Portland Trail Blazers,OKC,POR,2017-03-07,121.0,126.0
22016,1610612756,1610612764,Phoenix Suns,Washington Wizards,PHX,WAS,2017-03-07,127.0,131.0
22016,1610612754,1610612765,Indiana Pacers,Detroit Pistons,IND,DET,2017-03-08,115.0,98.0
22016,1610612743,1610612764,Denver Nuggets,Washington Wizards,DEN,WAS,2017-03-08,113.0,123.0
22016,1610612748,1610612766,Miami Heat,Charlotte Hornets,MIA,CHA,2017-03-08,108.0,101.0
22016,1610612753,1610612741,Orlando Magic,Chicago Bulls,ORL,CHI,2017-03-08,98.0,91.0
22016,1610612745,1610612762,Houston Rockets,Utah Jazz,HOU,UTA,2017-03-08,108.0,115.0
22016,1610612740,1610612761,New Orleans Pelicans,Toronto Raptors,NOP,TOR,2017-03-08,87.0,94.0
22016,1610612744,1610612738,Golden State Warriors,Boston Celtics,GSW,BOS,2017-03-08,86.0,99.0
22016,1610612737,1610612751,Atlanta Hawks,Brooklyn Nets,ATL,BKN,2017-03-08,110.0,105.0
22016,1610612759,1610612758,San Antonio Spurs,Sacramento Kings,SAS,SAC,2017-03-08,114.0,104.0
22016,1610612750,1610612746,Minnesota Timberwolves,LA Clippers,MIN,LAC,2017-03-08,107.0,91.0
22016,1610612749,1610612752,Milwaukee Bucks,New York Knicks,MIL,NYK,2017-03-08,104.0,93.0
22016,1610612757,1610612755,Portland Trail Blazers,Philadelphia 76ers,POR,PHI,2017-03-09,114.0,108.0
22016,1610612763,1610612746,Memphis Grizzlies,LA Clippers,MEM,LAC,2017-03-09,98.0,114.0
22016,1610612760,1610612759,Oklahoma City Thunder,San Antonio Spurs,OKC,SAS,2017-03-09,102.0,92.0
22016,1610612756,1610612747,Phoenix Suns,Los Angeles Lakers,PHX,LAL,2017-03-09,110.0,122.0
22016,1610612765,1610612739,Detroit Pistons,Cleveland Cavaliers,DET,CLE,2017-03-09,106.0,101.0
22016,1610612737,1610612761,Atlanta Hawks,Toronto Raptors,ATL,TOR,2017-03-10,105.0,99.0
22016,1610612750,1610612744,Minnesota Timberwolves,Golden State Warriors,MIN,GSW,2017-03-10,103.0,102.0
22016,1610612741,1610612745,Chicago Bulls,Houston Rockets,CHI,HOU,2017-03-10,94.0,115.0
22016,1610612749,1610612754,Milwaukee Bucks,Indiana Pacers,MIL,IND,2017-03-10,99.0,85.0
22016,1610612758,1610612764,Sacramento Kings,Washington Wizards,SAC,WAS,2017-03-10,122.0,130.0
22016,1610612766,1610612753,Charlotte Hornets,Orlando Magic,CHA,ORL,2017-03-10,121.0,81.0
22016,1610612743,1610612738,Denver Nuggets,Boston Celtics,DEN,BOS,2017-03-10,119.0,99.0
22016,1610612742,1610612751,Dallas Mavericks,Brooklyn Nets,DAL,BKN,2017-03-10,105.0,96.0
22016,1610612757,1610612764,Portland Trail Blazers,Washington Wizards,POR,WAS,2017-03-11,124.0,125.0
22016,1610612765,1610612752,Detroit Pistons,New York Knicks,DET,NYK,2017-03-11,112.0,92.0
22016,1610612766,1610612740,Charlotte Hornets,New Orleans Pelicans,CHA,NOP,2017-03-11,122.0,125.0
22016,1610612742,1610612756,Dallas Mavericks,Phoenix Suns,DAL,PHX,2017-03-11,98.0,100.0
22016,1610612748,1610612761,Miami Heat,Toronto Raptors,MIA,TOR,2017-03-11,104.0,89.0
22016,1610612760,1610612762,Oklahoma City Thunder,Utah Jazz,OKC,UTA,2017-03-11,112.0,104.0
22016,1610612746,1610612755,LA Clippers,Philadelphia 76ers,LAC,PHI,2017-03-11,112.0,100.0
22016,1610612749,1610612750,Milwaukee Bucks,Minnesota Timberwolves,MIL,MIN,2017-03-11,102.0,95.0
22016,1610612763,1610612737,Memphis Grizzlies,Atlanta Hawks,MEM,ATL,2017-03-11,90.0,107.0
22016,1610612759,1610612744,San Antonio Spurs,Golden State Warriors,SAS,GSW,2017-03-11,107.0,85.0
22016,1610612753,1610612739,Orlando Magic,Cleveland Cavaliers,ORL,CLE,2017-03-11,104.0,116.0
22016,1610612758,1610612743,Sacramento Kings,Denver Nuggets,SAC,DEN,2017-03-11,92.0,105.0
22016,1610612747,1610612755,Los Angeles Lakers,Philadelphia 76ers,LAL,PHI,2017-03-12,116.0,118.0
22016,1610612756,1610612757,Phoenix Suns,Portland Trail Blazers,PHX,POR,2017-03-12,101.0,110.0
22016,1610612738,1610612741,Boston Celtics,Chicago Bulls,BOS,CHI,2017-03-12,100.0,80.0
22016,1610612754,1610612748,Indiana Pacers,Miami Heat,IND,MIA,2017-03-12,102.0,98.0
22016,1610612751,1610612752,Brooklyn Nets,New York Knicks,BKN,NYK,2017-03-12,120.0,112.0
22016,1610612745,1610612739,Houston Rockets,Cleveland Cavaliers,HOU,CLE,2017-03-12,117.0,112.0
22016,1610612758,1610612753,Sacramento Kings,Orlando Magic,SAC,ORL,2017-03-13,120.0,115.0
22016,1610612743,1610612747,Denver Nuggets,Los Angeles Lakers,DEN,LAL,2017-03-13,129.0,101.0
22016,1610612759,1610612737,San Antonio Spurs,Atlanta Hawks,SAS,ATL,2017-03-13,107.0,99.0
22016,1610612750,1610612764,Minnesota Timberwolves,Washington Wizards,MIN,WAS,2017-03-13,119.0,104.0
22016,1610612762,1610612746,Utah Jazz,LA Clippers,UTA,LAC,2017-03-13,114.0,108.0
22016,1610612763,1610612749,Memphis Grizzlies,Milwaukee Bucks,MEM,MIL,2017-03-13,113.0,93.0
22016,1610612766,1610612741,Charlotte Hornets,Chicago Bulls,CHA,CHI,2017-03-13,109.0,115.0
22016,1610612761,1610612742,Toronto Raptors,Dallas Mavericks,TOR,DAL,2017-03-13,100.0,78.0
22016,1610612739,1610612765,Cleveland Cavaliers,Detroit Pistons,CLE,DET,2017-03-14,128.0,96.0
22016,1610612744,1610612755,Golden State Warriors,Philadelphia 76ers,GSW,PHI,2017-03-14,106.0,104.0
22016,1610612751,1610612760,Brooklyn Nets,Oklahoma City Thunder,BKN,OKC,2017-03-14,104.0,122.0
22016,1610612752,1610612754,New York Knicks,Indiana Pacers,NYK,IND,2017-03-14,87.0,81.0
22016,1610612740,1610612757,New Orleans Pelicans,Portland Trail Blazers,NOP,POR,2017-03-14,100.0,77.0
22016,1610612746,1610612749,LA Clippers,Milwaukee Bucks,LAC,MIL,2017-03-15,96.0,97.0
22016,1610612748,1610612740,Miami Heat,New Orleans Pelicans,MIA,NOP,2017-03-15,120.0,112.0
22016,1610612756,1610612758,Phoenix Suns,Sacramento Kings,PHX,SAC,2017-03-15,101.0,107.0
22016,1610612738,1610612750,Boston Celtics,Minnesota Timberwolves,BOS,MIN,2017-03-15,117.0,104.0
22016,1610612754,1610612766,Indiana Pacers,Charlotte Hornets,IND,CHA,2017-03-15,98.0,77.0
22016,1610612764,1610612742,Washington Wizards,Dallas Mavericks,WAS,DAL,2017-03-15,107.0,112.0
22016,1610612765,1610612762,Detroit Pistons,Utah Jazz,DET,UTA,2017-03-15,83.0,97.0
22016,1610612745,1610612747,Houston Rockets,Los Angeles Lakers,HOU,LAL,2017-03-15,139.0,100.0
22016,1610612741,1610612763,Chicago Bulls,Memphis Grizzlies,CHI,MEM,2017-03-15,91.0,98.0
22016,1610612759,1610612757,San Antonio Spurs,Portland Trail Blazers,SAS,POR,2017-03-15,106.0,110.0
22016,1610612737,1610612763,Atlanta Hawks,Memphis Grizzlies,ATL,MEM,2017-03-16,91.0,103.0
22016,1610612752,1610612751,New York Knicks,Brooklyn Nets,NYK,BKN,2017-03-16,110.0,121.0
22016,1610612761,1610612760,Toronto Raptors,Oklahoma City Thunder,TOR,OKC,2017-03-16,102.0,123.0
22016,1610612739,1610612762,Cleveland Cavaliers,Utah Jazz,CLE,UTA,2017-03-16,91.0,83.0
22016,1610612744,1610612753,Golden State Warriors,Orlando Magic,GSW,ORL,2017-03-16,122.0,92.0
22016,1610612743,1610612746,Denver Nuggets,LA Clippers,DEN,LAC,2017-03-16,129.0,114.0
22016,1610612740,1610612745,New Orleans Pelicans,Houston Rockets,NOP,HOU,2017-03-17,128.0,112.0
22016,1610612765,1610612761,Detroit Pistons,Toronto Raptors,DET,TOR,2017-03-17,75.0,87.0
22016,1610612755,1610612742,Philadelphia 76ers,Dallas Mavericks,PHI,DAL,2017-03-17,116.0,74.0
22016,1610612756,1610612753,Phoenix Suns,Orlando Magic,PHX,ORL,2017-03-17,103.0,109.0
22016,1610612748,1610612750,Miami Heat,Minnesota Timberwolves,MIA,MIN,2017-03-17,123.0,105.0
22016,1610612751,1610612738,Brooklyn Nets,Boston Celtics,BKN,BOS,2017-03-17,95.0,98.0
22016,1610612747,1610612749,Los Angeles Lakers,Milwaukee Bucks,LAL,MIL,2017-03-17,103.0,107.0
22016,1610612764,1610612741,Washington Wizards,Chicago Bulls,WAS,CHI,2017-03-17,112.0,107.0
22016,1610612741,1610612762,Chicago Bulls,Utah Jazz,CHI,UTA,2017-03-18,95.0,86.0
22016,1610612763,1610612759,Memphis Grizzlies,San Antonio Spurs,MEM,SAS,2017-03-18,104.0,96.0
22016,1610612744,1610612749,Golden State Warriors,Milwaukee Bucks,GSW,MIL,2017-03-18,117.0,92.0
22016,1610612743,1610612745,Denver Nuggets,Houston Rockets,DEN,HOU,2017-03-18,105.0,109.0
22016,1610612760,1610612758,Oklahoma City Thunder,Sacramento Kings,OKC,SAC,2017-03-18,110.0,94.0
22016,1610612766,1610612764,Charlotte Hornets,Washington Wizards,CHA,WAS,2017-03-18,98.0,93.0
22016,1610612737,1610612757,Atlanta Hawks,Portland Trail Blazers,ATL,POR,2017-03-18,97.0,113.0
22016,1610612746,1610612739,LA Clippers,Cleveland Cavaliers,LAC,CLE,2017-03-18,108.0,78.0
22016,1610612765,1610612756,Detroit Pistons,Phoenix Suns,DET,PHX,2017-03-19,112.0,95.0
22016,1610612761,1610612754,Toronto Raptors,Indiana Pacers,TOR,IND,2017-03-19,116.0,91.0
22016,1610612740,1610612750,New Orleans Pelicans,Minnesota Timberwolves,NOP,MIN,2017-03-19,123.0,109.0
22016,1610612755,1610612738,Philadelphia 76ers,Boston Celtics,PHI,BOS,2017-03-19,105.0,99.0
22016,1610612748,1610612757,Miami Heat,Portland Trail Blazers,MIA,POR,2017-03-19,104.0,115.0
22016,1610612747,1610612739,Los Angeles Lakers,Cleveland Cavaliers,LAL,CLE,2017-03-19,120.0,125.0
22016,1610612759,1610612758,San Antonio Spurs,Sacramento Kings,SAS,SAC,2017-03-19,118.0,102.0
22016,1610612751,1610612742,Brooklyn Nets,Dallas Mavericks,BKN,DAL,2017-03-19,104.0,111.0
22016,1610612738,1610612764,Boston Celtics,Washington Wizards,BOS,WAS,2017-03-20,110.0,102.0
22016,1610612760,1610612744,Oklahoma City Thunder,Golden State Warriors,OKC,GSW,2017-03-20,95.0,111.0
22016,1610612754,1610612762,Indiana Pacers,Utah Jazz,IND,UTA,2017-03-20,107.0,100.0
22016,1610612745,1610612743,Houston Rockets,Denver Nuggets,HOU,DEN,2017-03-20,125.0,124.0
22016,1610612753,1610612755,Orlando Magic,Philadelphia 76ers,ORL,PHI,2017-03-20,112.0,109.0
22016,1610612746,1610612752,LA Clippers,New York Knicks,LAC,NYK,2017-03-20,114.0,105.0
22016,1610612766,1610612737,Charlotte Hornets,Atlanta Hawks,CHA,ATL,2017-03-20,105.0,90.0
22016,1610612750,1610612759,Minnesota Timberwolves,San Antonio Spurs,MIN,SAS,2017-03-21,93.0,100.0
22016,1610612748,1610612756,Miami Heat,Phoenix Suns,MIA,PHX,2017-03-21,112.0,97.0
22016,1610612761,1610612741,Toronto Raptors,Chicago Bulls,TOR,CHI,2017-03-21,122.0,120.0
22016,1610612740,1610612763,New Orleans Pelicans,Memphis Grizzlies,NOP,MEM,2017-03-21,95.0,82.0
22016,1610612747,1610612746,Los Angeles Lakers,LA Clippers,LAL,LAC,2017-03-21,109.0,133.0
22016,1610612742,1610612744,Dallas Mavericks,Golden State Warriors,DAL,GSW,2017-03-21,87.0,112.0
22016,1610612751,1610612765,Brooklyn Nets,Detroit Pistons,BKN,DET,2017-03-21,98.0,96.0
22016,1610612757,1610612749,Portland Trail Blazers,Milwaukee Bucks,POR,MIL,2017-03-21,90.0,93.0
22016,1610612758,1610612749,Sacramento Kings,Milwaukee Bucks,SAC,MIL,2017-03-22,98.0,116.0
22016,1610612743,1610612739,Denver Nuggets,Cleveland Cavaliers,DEN,CLE,2017-03-22,126.0,113.0
22016,1610612764,1610612737,Washington Wizards,Atlanta Hawks,WAS,ATL,2017-03-22,104.0,100.0
22016,1610612738,1610612754,Boston Celtics,Indiana Pacers,BOS,IND,2017-03-22,109.0,100.0
22016,1610612760,1610612755,Oklahoma City Thunder,Philadelphia 76ers,OKC,PHI,2017-03-22,122.0,97.0
22016,1610612762,1610612752,Utah Jazz,New York Knicks,UTA,NYK,2017-03-22,108.0,101.0
22016,1610612741,1610612765,Chicago Bulls,Detroit Pistons,CHI,DET,2017-03-22,117.0,95.0
22016,1610612753,1610612766,Orlando Magic,Charlotte Hornets,ORL,CHA,2017-03-22,102.0,109.0
22016,1610612759,1610612763,San Antonio Spurs,Memphis Grizzlies,SAS,MEM,2017-03-23,97.0,90.0
22016,1610612757,1610612752,Portland Trail Blazers,New York Knicks,POR,NYK,2017-03-23,110.0,95.0
22016,1610612742,1610612746,Dallas Mavericks,LA Clippers,DAL,LAC,2017-03-23,97.0,95.0
22016,1610612748,1610612761,Miami Heat,Toronto Raptors,MIA,TOR,2017-03-23,84.0,101.0
22016,1610612751,1610612756,Brooklyn Nets,Phoenix Suns,BKN,PHX,2017-03-23,126.0,98.0
22016,1610612754,1610612743,Indiana Pacers,Denver Nuggets,IND,DEN,2017-03-24,117.0,125.0
22016,1610612764,1610612751,Washington Wizards,Brooklyn Nets,WAS,BKN,2017-03-24,129.0,108.0
22016,1610612749,1610612737,Milwaukee Bucks,Atlanta Hawks,MIL,ATL,2017-03-24,100.0,97.0
22016,1610612747,1610612750,Los Angeles Lakers,Minnesota Timberwolves,LAL,MIN,2017-03-24,130.0,119.0
22016,1610612753,1610612765,Orlando Magic,Detroit Pistons,ORL,DET,2017-03-24,115.0,87.0
22016,1610612738,1610612756,Boston Celtics,Phoenix Suns,BOS,PHX,2017-03-24,130.0,120.0
22016,1610612744,1610612758,Golden State Warriors,Sacramento Kings,GSW,SAC,2017-03-24,114.0,100.0
22016,1610612766,1610612739,Charlotte Hornets,Cleveland Cavaliers,CHA,CLE,2017-03-24,105.0,112.0
22016,1610612745,1610612740,Houston Rockets,New Orleans Pelicans,HOU,NOP,2017-03-24,117.0,107.0
22016,1610612741,1610612755,Chicago Bulls,Philadelphia 76ers,CHI,PHI,2017-03-24,107.0,117.0
22016,1610612757,1610612750,Portland Trail Blazers,Minnesota Timberwolves,POR,MIN,2017-03-25,112.0,100.0
22016,1610612759,1610612752,San Antonio Spurs,New York Knicks,SAS,NYK,2017-03-25,106.0,98.0
22016,1610612742,1610612761,Dallas Mavericks,Toronto Raptors,DAL,TOR,2017-03-25,86.0,94.0
22016,1610612746,1610612762,LA Clippers,Utah Jazz,LAC,UTA,2017-03-25,108.0,95.0
22016,1610612739,1610612764,Cleveland Cavaliers,Washington Wizards,CLE,WAS,2017-03-25,115.0,127.0
22016,1610612746,1610612758,LA Clippers,Sacramento Kings,LAC,SAC,2017-03-26,97.0,98.0
22016,1610612747,1610612757,Los Angeles Lakers,Portland Trail Blazers,LAL,POR,2017-03-26,81.0,97.0
22016,1610612744,1610612763,Golden State Warriors,Memphis Grizzlies,GSW,MEM,2017-03-26,106.0,94.0
22016,1610612766,1610612756,Charlotte Hornets,Phoenix Suns,CHA,PHX,2017-03-26,120.0,106.0
22016,1610612749,1610612741,Milwaukee Bucks,Chicago Bulls,MIL,CHI,2017-03-26,94.0,109.0
22016,1610612754,1610612755,Indiana Pacers,Philadelphia 76ers,IND,PHI,2017-03-26,107.0,94.0
22016,1610612743,1610612740,Denver Nuggets,New Orleans Pelicans,DEN,NOP,2017-03-26,90.0,115.0
22016,1610612737,1610612751,Atlanta Hawks,Brooklyn Nets,ATL,BKN,2017-03-26,92.0,107.0
22016,1610612745,1610612760,Houston Rockets,Oklahoma City Thunder,HOU,OKC,2017-03-26,137.0,125.0
22016,1610612738,1610612748,Boston Celtics,Miami Heat,BOS,MIA,2017-03-26,112.0,108.0
22016,1610612758,1610612763,Sacramento Kings,Memphis Grizzlies,SAC,MEM,2017-03-27,91.0,90.0
22016,1610612752,1610612765,New York Knicks,Detroit Pistons,NYK,DET,2017-03-27,109.0,95.0
22016,1610612762,1610612740,Utah Jazz,New Orleans Pelicans,UTA,NOP,2017-03-27,108.0,100.0
22016,1610612759,1610612739,San Antonio Spurs,Cleveland Cavaliers,SAS,CLE,2017-03-27,103.0,74.0
22016,1610612742,1610612760,Dallas Mavericks,Oklahoma City Thunder,DAL,OKC,2017-03-27,91.0,92.0
22016,1610612761,1610612753,Toronto Raptors,Orlando Magic,TOR,ORL,2017-03-27,131.0,112.0
22016,1610612766,1610612749,Charlotte Hornets,Milwaukee Bucks,CHA,MIL,2017-03-28,108.0,118.0
22016,1610612737,1610612756,Atlanta Hawks,Phoenix Suns,ATL,PHX,2017-03-28,95.0,91.0
22016,1610612757,1610612743,Portland Trail Blazers,Denver Nuggets,POR,DEN,2017-03-28,122.0,113.0
22016,1610612747,1610612764,Los Angeles Lakers,Washington Wizards,LAL,WAS,2017-03-28,108.0,119.0
22016,1610612754,1610612750,Indiana Pacers,Minnesota Timberwolves,IND,MIN,2017-03-28,114.0,115.0
22016,1610612765,1610612748,Detroit Pistons,Miami Heat,DET,MIA,2017-03-28,96.0,97.0
22016,1610612745,1610612744,Houston Rockets,Golden State Warriors,HOU,GSW,2017-03-28,106.0,113.0
22016,1610612751,1610612755,Brooklyn Nets,Philadelphia 76ers,BKN,PHI,2017-03-28,101.0,106.0
22016,1610612759,1610612744,San Antonio Spurs,Golden State Warriors,SAS,GSW,2017-03-29,98.0,110.0
22016,1610612753,1610612760,Orlando Magic,Oklahoma City Thunder,ORL,OKC,2017-03-29,106.0,114.0
22016,1610612738,1610612749,Boston Celtics,Milwaukee Bucks,BOS,MIL,2017-03-29,100.0,103.0
22016,1610612752,1610612748,New York Knicks,Miami Heat,NYK,MIA,2017-03-29,88.0,105.0
22016,1610612746,1610612764,LA Clippers,Washington Wizards,LAC,WAS,2017-03-29,133.0,124.0
22016,1610612763,1610612754,Memphis Grizzlies,Indiana Pacers,MEM,IND,2017-03-29,110.0,97.0
22016,1610612740,1610612742,New Orleans Pelicans,Dallas Mavericks,NOP,DAL,2017-03-29,121.0,118.0
22016,1610612761,1610612766,Toronto Raptors,Charlotte Hornets,TOR,CHA,2017-03-29,106.0,110.0
22016,1610612755,1610612737,Philadelphia 76ers,Atlanta Hawks,PHI,ATL,2017-03-29,92.0,99.0
22016,1610612758,1610612762,Sacramento Kings,Utah Jazz,SAC,UTA,2017-03-29,82.0,112.0
22016,1610612750,1610612747,Minnesota Timberwolves,Los Angeles Lakers,MIN,LAL,2017-03-30,119.0,104.0
22016,1610612741,1610612739,Chicago Bulls,Cleveland Cavaliers,CHI,CLE,2017-03-30,99.0,93.0
22016,1610612756,1610612746,Phoenix Suns,LA Clippers,PHX,LAC,2017-03-30,118.0,124.0
22016,1610612757,1610612745,Portland Trail Blazers,Houston Rockets,POR,HOU,2017-03-30,117.0,107.0
22016,1610612765,1610612751,Detroit Pistons,Brooklyn Nets,DET,BKN,2017-03-30,90.0,89.0
22016,1610612762,1610612764,Utah Jazz,Washington Wizards,UTA,WAS,2017-03-31,95.0,88.0
22016,1610612749,1610612765,Milwaukee Bucks,Detroit Pistons,MIL,DET,2017-03-31,108.0,105.0
22016,1610612748,1610612752,Miami Heat,New York Knicks,MIA,NYK,2017-03-31,94.0,98.0
22016,1610612766,1610612743,Charlotte Hornets,Denver Nuggets,CHA,DEN,2017-03-31,122.0,114.0
22016,1610612738,1610612753,Boston Celtics,Orlando Magic,BOS,ORL,2017-03-31,117.0,116.0
22016,1610612740,1610612758,New Orleans Pelicans,Sacramento Kings,NOP,SAC,2017-03-31,117.0,89.0
22016,1610612763,1610612742,Memphis Grizzlies,Dallas Mavericks,MEM,DAL,2017-03-31,99.0,90.0
22016,1610612761,1610612754,Toronto Raptors,Indiana Pacers,TOR,IND,2017-03-31,111.0,100.0
22016,1610612760,1610612759,Oklahoma City Thunder,San Antonio Spurs,OKC,SAS,2017-03-31,95.0,100.0
22016,1610612744,1610612745,Golden State Warriors,Houston Rockets,GSW,HOU,2017-03-31,107.0,98.0
22016,1610612739,1610612755,Cleveland Cavaliers,Philadelphia 76ers,CLE,PHI,2017-03-31,122.0,105.0
22016,1610612750,1610612758,Minnesota Timberwolves,Sacramento Kings,MIN,SAC,2017-04-01,117.0,123.0
22016,1610612751,1610612753,Brooklyn Nets,Orlando Magic,BKN,ORL,2017-04-01,121.0,111.0
22016,1610612741,1610612737,Chicago Bulls,Atlanta Hawks,CHI,ATL,2017-04-01,106.0,104.0
22016,1610612757,1610612756,Portland Trail Blazers,Phoenix Suns,POR,PHX,2017-04-01,130.0,117.0
22016,1610612746,1610612747,LA Clippers,Los Angeles Lakers,LAC,LAL,2017-04-01,115.0,104.0
22016,1610612747,1610612763,Los Angeles Lakers,Memphis Grizzlies,LAL,MEM,2017-04-02,108.0,103.0
22016,1610612740,1610612741,New Orleans Pelicans,Chicago Bulls,NOP,CHI,2017-04-02,110.0,117.0
22016,1610612760,1610612766,Oklahoma City Thunder,Charlotte Hornets,OKC,CHA,2017-04-02,101.0,113.0
22016,1610612749,1610612742,Milwaukee Bucks,Dallas Mavericks,MIL,DAL,2017-04-02,105.0,109.0
22016,1610612739,1610612754,Cleveland Cavaliers,Indiana Pacers,CLE,IND,2017-04-02,135.0,130.0
22016,1610612756,1610612745,Phoenix Suns,Houston Rockets,PHX,HOU,2017-04-02,116.0,123.0
22016,1610612752,1610612738,New York Knicks,Boston Celtics,NYK,BOS,2017-04-02,94.0,110.0
22016,1610612744,1610612764,Golden State Warriors,Washington Wizards,GSW,WAS,2017-04-02,139.0,115.0
22016,1610612759,1610612762,San Antonio Spurs,Utah Jazz,SAS,UTA,2017-04-02,109.0,103.0
22016,1610612748,1610612743,Miami Heat,Denver Nuggets,MIA,DEN,2017-04-02,113.0,116.0
22016,1610612751,1610612737,Brooklyn Nets,Atlanta Hawks,BKN,ATL,2017-04-02,91.0,82.0
22016,1610612761,1610612755,Toronto Raptors,Philadelphia 76ers,TOR,PHI,2017-04-02,113.0,105.0
22016,1610612750,1610612757,Minnesota Timberwolves,Portland Trail Blazers,MIN,POR,2017-04-03,110.0,109.0
22016,1610612758,1610612742,Sacramento Kings,Dallas Mavericks,SAC,DAL,2017-04-04,98.0,87.0
22016,1610612754,1610612761,Indiana Pacers,Toronto Raptors,IND,TOR,2017-04-04,108.0,90.0
22016,1610612739,1610612753,Cleveland Cavaliers,Orlando Magic,CLE,ORL,2017-04-04,122.0,102.0
22016,1610612760,1610612749,Oklahoma City Thunder,Milwaukee Bucks,OKC,MIL,2017-04-04,110.0,79.0
22016,1610612744,1610612750,Golden State Warriors,Minnesota Timberwolves,GSW,MIN,2017-04-04,121.0,107.0
22016,1610612762,1610612757,Utah Jazz,Portland Trail Blazers,UTA,POR,2017-04-04,106.0,87.0
22016,1610612759,1610612763,San Antonio Spurs,Memphis Grizzlies,SAS,MEM,2017-04-04,95.0,89.0
22016,1610612740,1610612743,New Orleans Pelicans,Denver Nuggets,NOP,DEN,2017-04-04,131.0,134.0
22016,1610612764,1610612766,Washington Wizards,Charlotte Hornets,WAS,CHA,2017-04-04,118.0,111.0
22016,1610612755,1610612751,Philadelphia 76ers,Brooklyn Nets,PHI,BKN,2017-04-04,118.0,141.0
22016,1610612752,1610612741,New York Knicks,Chicago Bulls,NYK,CHI,2017-04-04,100.0,91.0
22016,1610612766,1610612748,Charlotte Hornets,Miami Heat,CHA,MIA,2017-04-05,99.0,112.0
22016,1610612763,1610612760,Memphis Grizzlies,Oklahoma City Thunder,MEM,OKC,2017-04-05,100.0,103.0
22016,1610612746,1610612742,LA Clippers,Dallas Mavericks,LAC,DAL,2017-04-05,112.0,101.0
22016,1610612738,1610612739,Boston Celtics,Cleveland Cavaliers,BOS,CLE,2017-04-05,91.0,114.0
22016,1610612745,1610612743,Houston Rockets,Denver Nuggets,HOU,DEN,2017-04-05,110.0,104.0
22016,1610612759,1610612747,San Antonio Spurs,Los Angeles Lakers,SAS,LAL,2017-04-05,95.0,102.0
22016,1610612765,1610612761,Detroit Pistons,Toronto Raptors,DET,TOR,2017-04-05,102.0,105.0
22016,1610612756,1610612744,Phoenix Suns,Golden State Warriors,PHX,GSW,2017-04-05,111.0,120.0
22016,1610612757,1610612750,Portland Trail Blazers,Minnesota Timberwolves,POR,MIN,2017-04-06,105.0,98.0
22016,1610612753,1610612751,Orlando Magic,Brooklyn Nets,ORL,BKN,2017-04-06,115.0,107.0
22016,1610612755,1610612741,Philadelphia 76ers,Chicago Bulls,PHI,CHI,2017-04-06,90.0,102.0
22016,1610612754,1610612749,Indiana Pacers,Milwaukee Bucks,IND,MIL,2017-04-06,104.0,89.0
22016,1610612737,1610612738,Atlanta Hawks,Boston Celtics,ATL,BOS,2017-04-06,123.0,116.0
22016,1610612752,1610612764,New York Knicks,Washington Wizards,NYK,WAS,2017-04-06,103.0,106.0
22016,1610612762,1610612750,Utah Jazz,Minnesota Timberwolves,UTA,MIN,2017-04-07,120.0,113.0
22016,1610612739,1610612737,Cleveland Cavaliers,Atlanta Hawks,CLE,ATL,2017-04-07,100.0,114.0
22016,1610612745,1610612765,Houston Rockets,Detroit Pistons,HOU,DET,2017-04-07,109.0,114.0
22016,1610612756,1610612760,Phoenix Suns,Oklahoma City Thunder,PHX,OKC,2017-04-07,120.0,99.0
22016,1610612742,1610612759,Dallas Mavericks,San Antonio Spurs,DAL,SAS,2017-04-07,89.0,102.0
22016,1610612743,1610612740,Denver Nuggets,New Orleans Pelicans,DEN,NOP,2017-04-07,122.0,106.0
22016,1610612761,1610612748,Toronto Raptors,Miami Heat,TOR,MIA,2017-04-07,96.0,94.0
22016,1610612763,1610612752,Memphis Grizzlies,New York Knicks,MEM,NYK,2017-04-07,101.0,88.0
22016,1610612747,1610612758,Los Angeles Lakers,Sacramento Kings,LAL,SAC,2017-04-07,98.0,94.0
22016,1610612766,1610612738,Charlotte Hornets,Boston Celtics,CHA,BOS,2017-04-08,114.0,121.0
22016,1610612757,1610612762,Portland Trail Blazers,Utah Jazz,POR,UTA,2017-04-08,101.0,86.0
22016,1610612753,1610612754,Orlando Magic,Indiana Pacers,ORL,IND,2017-04-08,112.0,127.0
22016,1610612759,1610612746,San Antonio Spurs,LA Clippers,SAS,LAC,2017-04-08,87.0,98.0
22016,1610612764,1610612748,Washington Wizards,Miami Heat,WAS,MIA,2017-04-08,103.0,106.0
22016,1610612744,1610612740,Golden State Warriors,New Orleans Pelicans,GSW,NOP,2017-04-08,123.0,101.0
22016,1610612755,1610612749,Philadelphia 76ers,Milwaukee Bucks,PHI,MIL,2017-04-08,82.0,90.0
22016,1610612751,1610612741,Brooklyn Nets,Chicago Bulls,BKN,CHI,2017-04-08,107.0,106.0
22016,1610612758,1610612745,Sacramento Kings,Houston Rockets,SAC,HOU,2017-04-09,128.0,135.0
22016,1610612756,1610612742,Phoenix Suns,Dallas Mavericks,PHX,DAL,2017-04-09,124.0,111.0
22016,1610612763,1610612765,Memphis Grizzlies,Detroit Pistons,MEM,DET,2017-04-09,90.0,103.0
22016,1610612752,1610612761,New York Knicks,Toronto Raptors,NYK,TOR,2017-04-09,97.0,110.0
22016,1610612743,1610612760,Denver Nuggets,Oklahoma City Thunder,DEN,OKC,2017-04-09,105.0,106.0
22016,1610612737,1610612739,Atlanta Hawks,Cleveland Cavaliers,ATL,CLE,2017-04-09,126.0,125.0
22016,1610612747,1610612750,Los Angeles Lakers,Minnesota Timberwolves,LAL,MIN,2017-04-09,110.0,109.0
22016,1610612765,1610612764,Detroit Pistons,Washington Wizards,DET,WAS,2017-04-10,101.0,105.0
22016,1610612755,1610612754,Philadelphia 76ers,Indiana Pacers,PHI,IND,2017-04-10,111.0,120.0
22016,1610612757,1610612759,Portland Trail Blazers,San Antonio Spurs,POR,SAS,2017-04-10,99.0,98.0
22016,1610612738,1610612751,Boston Celtics,Brooklyn Nets,BOS,BKN,2017-04-10,114.0,105.0
22016,1610612748,1610612739,Miami Heat,Cleveland Cavaliers,MIA,CLE,2017-04-10,124.0,121.0
22016,1610612749,1610612766,Milwaukee Bucks,Charlotte Hornets,MIL,CHA,2017-04-10,89.0,79.0
22016,1610612744,1610612762,Golden State Warriors,Utah Jazz,GSW,UTA,2017-04-10,99.0,105.0
22016,1610612741,1610612753,Chicago Bulls,Orlando Magic,CHI,ORL,2017-04-10,122.0,75.0
22016,1610612746,1610612745,LA Clippers,Houston Rockets,LAC,HOU,2017-04-10,125.0,96.0
22016,1610612758,1610612756,Sacramento Kings,Phoenix Suns,SAC,PHX,2017-04-11,129.0,104.0
22016,1610612747,1610612740,Los Angeles Lakers,New Orleans Pelicans,LAL,NOP,2017-04-11,108.0,96.0
22016,1610612742,1610612743,Dallas Mavericks,Denver Nuggets,DAL,DEN,2017-04-11,91.0,109.0
22016,1610612737,1610612766,Atlanta Hawks,Charlotte Hornets,ATL,CHA,2017-04-11,103.0,76.0
22016,1610612750,1610612760,Minnesota Timberwolves,Oklahoma City Thunder,MIN,OKC,2017-04-11,98.0,100.0
22016,1610612738,1610612749,Boston Celtics,Milwaukee Bucks,BOS,MIL,2017-04-12,112.0,94.0
22016,1610612745,1610612750,Houston Rockets,Minnesota Timberwolves,HOU,MIN,2017-04-12,123.0,118.0
22016,1610612754,1610612737,Indiana Pacers,Atlanta Hawks,IND,ATL,2017-04-12,104.0,86.0
22016,1610612753,1610612765,Orlando Magic,Detroit Pistons,ORL,DET,2017-04-12,113.0,109.0
22016,1610612760,1610612743,Oklahoma City Thunder,Denver Nuggets,OKC,DEN,2017-04-12,105.0,111.0
22016,1610612752,1610612755,New York Knicks,Philadelphia 76ers,NYK,PHI,2017-04-12,114.0,113.0
22016,1610612741,1610612751,Chicago Bulls,Brooklyn Nets,CHI,BKN,2017-04-12,112.0,73.0
22016,1610612763,1610612742,Memphis Grizzlies,Dallas Mavericks,MEM,DAL,2017-04-12,93.0,100.0
22016,1610612762,1610612759,Utah Jazz,San Antonio Spurs,UTA,SAS,2017-04-12,101.0,97.0
22016,1610612757,1610612740,Portland Trail Blazers,New Orleans Pelicans,POR,NOP,2017-04-12,100.0,103.0
22016,1610612746,1610612758,LA Clippers,Sacramento Kings,LAC,SAC,2017-04-12,115.0,95.0
22016,1610612748,1610612764,Miami Heat,Washington Wizards,MIA,WAS,2017-04-12,110.0,102.0
22016,1610612739,1610612761,Cleveland Cavaliers,Toronto Raptors,CLE,TOR,2017-04-12,83.0,98.0
22016,1610612744,1610612747,Golden State Warriors,Los Angeles Lakers,GSW,LAL,2017-04-12,109.0,94.0
42016,1610612761,1610612749,Toronto Raptors,Milwaukee Bucks,TOR,MIL,2017-04-15,83.0,97.0
42016,1610612759,1610612763,San Antonio Spurs,Memphis Grizzlies,SAS,MEM,2017-04-15,111.0,82.0
42016,1610612739,1610612754,Cleveland Cavaliers,Indiana Pacers,CLE,IND,2017-04-15,109.0,108.0
42016,1610612746,1610612762,LA Clippers,Utah Jazz,LAC,UTA,2017-04-15,95.0,97.0
42016,1610612745,1610612760,Houston Rockets,Oklahoma City Thunder,HOU,OKC,2017-04-16,118.0,87.0
42016,1610612738,1610612741,Boston Celtics,Chicago Bulls,BOS,CHI,2017-04-16,102.0,106.0
42016,1610612744,1610612757,Golden State Warriors,Portland Trail Blazers,GSW,POR,2017-04-16,121.0,109.0
42016,1610612764,1610612737,Washington Wizards,Atlanta Hawks,WAS,ATL,2017-04-16,114.0,107.0
42016,1610612759,1610612763,San Antonio Spurs,Memphis Grizzlies,SAS,MEM,2017-04-17,96.0,82.0
42016,1610612739,1610612754,Cleveland Cavaliers,Indiana Pacers,CLE,IND,2017-04-17,117.0,111.0
42016,1610612746,1610612762,LA Clippers,Utah Jazz,LAC,UTA,2017-04-18,99.0,91.0
42016,1610612738,1610612741,Boston Celtics,Chicago Bulls,BOS,CHI,2017-04-18,97.0,111.0
42016,1610612761,1610612749,Toronto Raptors,Milwaukee Bucks,TOR,MIL,2017-04-18,106.0,100.0
42016,1610612764,1610612737,Washington Wizards,Atlanta Hawks,WAS,ATL,2017-04-19,109.0,101.0
42016,1610612745,1610612760,Houston Rockets,Oklahoma City Thunder,HOU,OKC,2017-04-19,115.0,111.0
42016,1610612744,1610612757,Golden State Warriors,Portland Trail Blazers,GSW,POR,2017-04-19,110.0,81.0
42016,1610612749,1610612761,Milwaukee Bucks,Toronto Raptors,MIL,TOR,2017-04-20,104.0,77.0
42016,1610612763,1610612759,Memphis Grizzlies,San Antonio Spurs,MEM,SAS,2017-04-20,105.0,94.0
42016,1610612754,1610612739,Indiana Pacers,Cleveland Cavaliers,IND,CLE,2017-04-20,114.0,119.0
42016,1610612760,1610612745,Oklahoma City Thunder,Houston Rockets,OKC,HOU,2017-04-21,115.0,113.0
42016,1610612762,1610612746,Utah Jazz,LA Clippers,UTA,LAC,2017-04-21,106.0,111.0
42016,1610612741,1610612738,Chicago Bulls,Boston Celtics,CHI,BOS,2017-04-21,87.0,104.0
42016,1610612757,1610612744,Portland Trail Blazers,Golden State Warriors,POR,GSW,2017-04-22,113.0,119.0
42016,1610612737,1610612764,Atlanta Hawks,Washington Wizards,ATL,WAS,2017-04-22,116.0,98.0
42016,1610612749,1610612761,Milwaukee Bucks,Toronto Raptors,MIL,TOR,2017-04-22,76.0,87.0
42016,1610612763,1610612759,Memphis Grizzlies,San Antonio Spurs,MEM,SAS,2017-04-22,110.0,108.0
42016,1610612741,1610612738,Chicago Bulls,Boston Celtics,CHI,BOS,2017-04-23,95.0,104.0
42016,1610612754,1610612739,Indiana Pacers,Cleveland Cavaliers,IND,CLE,2017-04-23,102.0,106.0
42016,1610612762,1610612746,Utah Jazz,LA Clippers,UTA,LAC,2017-04-23,105.0,98.0
42016,1610612760,1610612745,Oklahoma City Thunder,Houston Rockets,OKC,HOU,2017-04-23,109.0,113.0
42016,1610612737,1610612764,Atlanta Hawks,Washington Wizards,ATL,WAS,2017-04-24,111.0,101.0
42016,1610612761,1610612749,Toronto Raptors,Milwaukee Bucks,TOR,MIL,2017-04-24,118.0,93.0
42016,1610612757,1610612744,Portland Trail Blazers,Golden State Warriors,POR,GSW,2017-04-24,103.0,128.0
42016,1610612759,1610612763,San Antonio Spurs,Memphis Grizzlies,SAS,MEM,2017-04-25,116.0,103.0
42016,1610612746,1610612762,LA Clippers,Utah Jazz,LAC,UTA,2017-04-25,92.0,96.0
42016,1610612745,1610612760,Houston Rockets,Oklahoma City Thunder,HOU,OKC,2017-04-25,105.0,99.0
42016,1610612738,1610612741,Boston Celtics,Chicago Bulls,BOS,CHI,2017-04-26,108.0,97.0
42016,1610612764,1610612737,Washington Wizards,Atlanta Hawks,WAS,ATL,2017-04-26,103.0,99.0
42016,1610612763,1610612759,Memphis Grizzlies,San Antonio Spurs,MEM,SAS,2017-04-27,96.0,103.0
42016,1610612749,1610612761,Milwaukee Bucks,Toronto Raptors,MIL,TOR,2017-04-27,89.0,92.0
42016,1610612762,1610612746,Utah Jazz,LA Clippers,UTA,LAC,2017-04-28,93.0,98.0
42016,1610612737,1610612764,Atlanta Hawks,Washington Wizards,ATL,WAS,2017-04-28,99.0,115.0
42016,1610612741,1610612738,Chicago Bulls,Boston Celtics,CHI,BOS,2017-04-28,83.0,105.0
42016,1610612738,1610612764,Boston Celtics,Washington Wizards,BOS,WAS,2017-04-30,123.0,111.0
42016,1610612746,1610612762,LA Clippers,Utah Jazz,LAC,UTA,2017-04-30,91.0,104.0
42016,1610612759,1610612745,San Antonio Spurs,Houston Rockets,SAS,HOU,2017-05-01,99.0,126.0
42016,1610612739,1610612761,Cleveland Cavaliers,Toronto Raptors,CLE,TOR,2017-05-01,116.0,105.0
42016,1610612738,1610612764,Boston Celtics,Washington Wizards,BOS,WAS,2017-05-02,129.0,119.0
42016,1610612744,1610612762,Golden State Warriors,Utah Jazz,GSW,UTA,2017-05-02,106.0,94.0
42016,1610612739,1610612761,Cleveland Cavaliers,Toronto Raptors,CLE,TOR,2017-05-03,125.0,103.0
42016,1610612759,1610612745,San Antonio Spurs,Houston Rockets,SAS,HOU,2017-05-03,121.0,96.0
42016,1610612764,1610612738,Washington Wizards,Boston Celtics,WAS,BOS,2017-05-04,116.0,89.0
42016,1610612744,1610612762,Golden State Warriors,Utah Jazz,GSW,UTA,2017-05-04,115.0,104.0
42016,1610612761,1610612739,Toronto Raptors,Cleveland Cavaliers,TOR,CLE,2017-05-05,94.0,115.0
42016,1610612745,1610612759,Houston Rockets,San Antonio Spurs,HOU,SAS,2017-05-05,92.0,103.0
42016,1610612762,1610612744,Utah Jazz,Golden State Warriors,UTA,GSW,2017-05-06,91.0,102.0
42016,1610612761,1610612739,Toronto Raptors,Cleveland Cavaliers,TOR,CLE,2017-05-07,102.0,109.0
42016,1610612745,1610612759,Houston Rockets,San Antonio Spurs,HOU,SAS,2017-05-07,125.0,104.0
42016,1610612764,1610612738,Washington Wizards,Boston Celtics,WAS,BOS,2017-05-07,121.0,102.0
42016,1610612762,1610612744,Utah Jazz,Golden State Warriors,UTA,GSW,2017-05-08,95.0,121.0
42016,1610612759,1610612745,San Antonio Spurs,Houston Rockets,SAS,HOU,2017-05-09,110.0,107.0
42016,1610612738,1610612764,Boston Celtics,Washington Wizards,BOS,WAS,2017-05-10,123.0,101.0
42016,1610612745,1610612759,Houston Rockets,San Antonio Spurs,HOU,SAS,2017-05-11,75.0,114.0
42016,1610612764,1610612738,Washington Wizards,Boston Celtics,WAS,BOS,2017-05-12,92.0,91.0
42016,1610612744,1610612759,Golden State Warriors,San Antonio Spurs,GSW,SAS,2017-05-14,113.0,111.0
42016,1610612738,1610612764,Boston Celtics,Washington Wizards,BOS,WAS,2017-05-15,115.0,105.0
42016,1610612744,1610612759,Golden State Warriors,San Antonio Spurs,GSW,SAS,2017-05-16,136.0,100.0
42016,1610612738,1610612739,Boston Celtics,Cleveland Cavaliers,BOS,CLE,2017-05-17,104.0,117.0
42016,1610612738,1610612739,Boston Celtics,Cleveland Cavaliers,BOS,CLE,2017-05-19,86.0,130.0
42016,1610612759,1610612744,San Antonio Spurs,Golden State Warriors,SAS,GSW,2017-05-20,108.0,120.0
42016,1610612739,1610612738,Cleveland Cavaliers,Boston Celtics,CLE,BOS,2017-05-21,108.0,111.0
42016,1610612759,1610612744,San Antonio Spurs,Golden State Warriors,SAS,GSW,2017-05-22,115.0,129.0
42016,1610612739,1610612738,Cleveland Cavaliers,Boston Celtics,CLE,BOS,2017-05-23,112.0,99.0
42016,1610612738,1610612739,Boston Celtics,Cleveland Cavaliers,BOS,CLE,2017-05-25,102.0,135.0
42016,1610612744,1610612739,Golden State Warriors,Cleveland Cavaliers,GSW,CLE,2017-06-01,113.0,91.0
42016,1610612744,1610612739,Golden State Warriors,Cleveland Cavaliers,GSW,CLE,2017-06-04,132.0,113.0
42016,1610612739,1610612744,Cleveland Cavaliers,Golden State Warriors,CLE,GSW,2017-06-07,113.0,118.0
42016,1610612739,1610612744,Cleveland Cavaliers,Golden State Warriors,CLE,GSW,2017-06-09,137.0,116.0
42016,1610612744,1610612739,Golden State Warriors,Cleveland Cavaliers,GSW,CLE,2017-06-12,129.0,120.0
22017,1610612744,1610612745,Golden State Warriors,Houston Rockets,GSW,HOU,2017-10-17,121.0,122.0
22017,1610612739,1610612738,Cleveland Cavaliers,Boston Celtics,CLE,BOS,2017-10-17,102.0,99.0
22017,1610612738,1610612749,Boston Celtics,Milwaukee Bucks,BOS,MIL,2017-10-18,100.0,108.0
22017,1610612758,1610612745,Sacramento Kings,Houston Rockets,SAC,HOU,2017-10-18,100.0,105.0
22017,1610612765,1610612766,Detroit Pistons,Charlotte Hornets,DET,CHA,2017-10-18,102.0,90.0
22017,1610612756,1610612757,Phoenix Suns,Portland Trail Blazers,PHX,POR,2017-10-18,76.0,124.0
22017,1610612753,1610612748,Orlando Magic,Miami Heat,ORL,MIA,2017-10-18,116.0,109.0
22017,1610612754,1610612751,Indiana Pacers,Brooklyn Nets,IND,BKN,2017-10-18,140.0,131.0
22017,1610612763,1610612740,Memphis Grizzlies,New Orleans Pelicans,MEM,NOP,2017-10-18,103.0,91.0
22017,1610612764,1610612755,Washington Wizards,Philadelphia 76ers,WAS,PHI,2017-10-18,120.0,115.0
22017,1610612762,1610612743,Utah Jazz,Denver Nuggets,UTA,DEN,2017-10-18,106.0,96.0
22017,1610612742,1610612737,Dallas Mavericks,Atlanta Hawks,DAL,ATL,2017-10-18,111.0,117.0
22017,1610612759,1610612750,San Antonio Spurs,Minnesota Timberwolves,SAS,MIN,2017-10-18,107.0,99.0
22017,1610612747,1610612746,Los Angeles Lakers,LA Clippers,LAL,LAC,2017-10-19,92.0,108.0
22017,1610612761,1610612741,Toronto Raptors,Chicago Bulls,TOR,CHI,2017-10-19,117.0,100.0
22017,1610612760,1610612752,Oklahoma City Thunder,New York Knicks,OKC,NYK,2017-10-19,105.0,84.0
22017,1610612742,1610612758,Dallas Mavericks,Sacramento Kings,DAL,SAC,2017-10-20,88.0,93.0
22017,1610612740,1610612744,New Orleans Pelicans,Golden State Warriors,NOP,GSW,2017-10-20,120.0,128.0
22017,1610612750,1610612762,Minnesota Timberwolves,Utah Jazz,MIN,UTA,2017-10-20,100.0,97.0
22017,1610612749,1610612739,Milwaukee Bucks,Cleveland Cavaliers,MIL,CLE,2017-10-20,97.0,116.0
22017,1610612766,1610612737,Charlotte Hornets,Atlanta Hawks,CHA,ATL,2017-10-20,109.0,91.0
22017,1610612756,1610612747,Phoenix Suns,Los Angeles Lakers,PHX,LAL,2017-10-20,130.0,132.0
22017,1610612751,1610612753,Brooklyn Nets,Orlando Magic,BKN,ORL,2017-10-20,126.0,121.0
22017,1610612764,1610612765,Washington Wizards,Detroit Pistons,WAS,DET,2017-10-20,115.0,111.0
22017,1610612754,1610612757,Indiana Pacers,Portland Trail Blazers,IND,POR,2017-10-20,96.0,114.0
22017,1610612755,1610612738,Philadelphia 76ers,Boston Celtics,PHI,BOS,2017-10-20,92.0,102.0
22017,1610612746,1610612756,LA Clippers,Phoenix Suns,LAC,PHX,2017-10-21,130.0,88.0
22017,1610612763,1610612744,Memphis Grizzlies,Golden State Warriors,MEM,GSW,2017-10-21,111.0,101.0
22017,1610612752,1610612765,New York Knicks,Detroit Pistons,NYK,DET,2017-10-21,107.0,111.0
22017,1610612745,1610612742,Houston Rockets,Dallas Mavericks,HOU,DAL,2017-10-21,107.0,91.0
22017,1610612739,1610612753,Cleveland Cavaliers,Orlando Magic,CLE,ORL,2017-10-21,93.0,114.0
22017,1610612749,1610612757,Milwaukee Bucks,Portland Trail Blazers,MIL,POR,2017-10-21,113.0,110.0
22017,1610612741,1610612759,Chicago Bulls,San Antonio Spurs,CHI,SAS,2017-10-21,77.0,87.0
22017,1610612748,1610612754,Miami Heat,Indiana Pacers,MIA,IND,2017-10-21,112.0,108.0
22017,1610612762,1610612760,Utah Jazz,Oklahoma City Thunder,UTA,OKC,2017-10-21,96.0,87.0
22017,1610612743,1610612758,Denver Nuggets,Sacramento Kings,DEN,SAC,2017-10-21,96.0,79.0
22017,1610612761,1610612755,Toronto Raptors,Philadelphia 76ers,TOR,PHI,2017-10-21,128.0,94.0
22017,1610612760,1610612750,Oklahoma City Thunder,Minnesota Timberwolves,OKC,MIN,2017-10-22,113.0,115.0
22017,1610612751,1610612737,Brooklyn Nets,Atlanta Hawks,BKN,ATL,2017-10-22,116.0,104.0
22017,1610612747,1610612740,Los Angeles Lakers,New Orleans Pelicans,LAL,NOP,2017-10-22,112.0,119.0
22017,1610612745,1610612763,Houston Rockets,Memphis Grizzlies,HOU,MEM,2017-10-23,90.0,98.0
22017,1610612759,1610612761,San Antonio Spurs,Toronto Raptors,SAS,TOR,2017-10-23,101.0,97.0
22017,1610612743,1610612764,Denver Nuggets,Washington Wizards,DEN,WAS,2017-10-23,104.0,109.0
22017,1610612749,1610612766,Milwaukee Bucks,Charlotte Hornets,MIL,CHA,2017-10-23,103.0,94.0
22017,1610612756,1610612758,Phoenix Suns,Sacramento Kings,PHX,SAC,2017-10-23,117.0,115.0
22017,1610612748,1610612737,Miami Heat,Atlanta Hawks,MIA,ATL,2017-10-23,104.0,93.0
22017,1610612742,1610612744,Dallas Mavericks,Golden State Warriors,DAL,GSW,2017-10-23,103.0,133.0
22017,1610612765,1610612755,Detroit Pistons,Philadelphia 76ers,DET,PHI,2017-10-23,86.0,97.0
22017,1610612746,1610612762,LA Clippers,Utah Jazz,LAC,UTA,2017-10-24,102.0,84.0
22017,1610612750,1610612754,Minnesota Timberwolves,Indiana Pacers,MIN,IND,2017-10-24,107.0,130.0
22017,1610612738,1610612752,Boston Celtics,New York Knicks,BOS,NYK,2017-10-24,110.0,89.0
22017,1610612739,1610612741,Cleveland Cavaliers,Chicago Bulls,CLE,CHI,2017-10-24,119.0,112.0
22017,1610612757,1610612740,Portland Trail Blazers,New Orleans Pelicans,POR,NOP,2017-10-24,103.0,93.0
22017,1610612753,1610612751,Orlando Magic,Brooklyn Nets,ORL,BKN,2017-10-24,125.0,121.0
22017,1610612760,1610612754,Oklahoma City Thunder,Indiana Pacers,OKC,IND,2017-10-25,114.0,96.0
22017,1610612748,1610612759,Miami Heat,San Antonio Spurs,MIA,SAS,2017-10-25,100.0,117.0
22017,1610612755,1610612745,Philadelphia 76ers,Houston Rockets,PHI,HOU,2017-10-25,104.0,105.0
22017,1610612744,1610612761,Golden State Warriors,Toronto Raptors,GSW,TOR,2017-10-25,117.0,112.0
22017,1610612766,1610612743,Charlotte Hornets,Denver Nuggets,CHA,DEN,2017-10-25,110.0,93.0
22017,1610612747,1610612764,Los Angeles Lakers,Washington Wizards,LAL,WAS,2017-10-25,102.0,99.0
22017,1610612756,1610612762,Phoenix Suns,Utah Jazz,PHX,UTA,2017-10-25,97.0,88.0
22017,1610612742,1610612763,Dallas Mavericks,Memphis Grizzlies,DAL,MEM,2017-10-25,103.0,94.0
22017,1610612751,1610612739,Brooklyn Nets,Cleveland Cavaliers,BKN,CLE,2017-10-25,112.0,107.0
22017,1610612765,1610612750,Detroit Pistons,Minnesota Timberwolves,DET,MIN,2017-10-25,122.0,101.0
22017,1610612758,1610612740,Sacramento Kings,New Orleans Pelicans,SAC,NOP,2017-10-26,106.0,114.0
22017,1610612763,1610612742,Memphis Grizzlies,Dallas Mavericks,MEM,DAL,2017-10-26,96.0,91.0
22017,1610612757,1610612746,Portland Trail Blazers,LA Clippers,POR,LAC,2017-10-26,103.0,104.0
22017,1610612749,1610612738,Milwaukee Bucks,Boston Celtics,MIL,BOS,2017-10-26,89.0,96.0
22017,1610612741,1610612737,Chicago Bulls,Atlanta Hawks,CHI,ATL,2017-10-26,91.0,86.0
22017,1610612750,1610612760,Minnesota Timberwolves,Oklahoma City Thunder,MIN,OKC,2017-10-27,119.0,116.0
22017,1610612753,1610612759,Orlando Magic,San Antonio Spurs,ORL,SAS,2017-10-27,114.0,87.0
22017,1610612744,1610612764,Golden State Warriors,Washington Wizards,GSW,WAS,2017-10-27,120.0,117.0
22017,1610612766,1610612745,Charlotte Hornets,Houston Rockets,CHA,HOU,2017-10-27,93.0,109.0
22017,1610612752,1610612751,New York Knicks,Brooklyn Nets,NYK,BKN,2017-10-27,107.0,86.0
22017,1610612747,1610612761,Los Angeles Lakers,Toronto Raptors,LAL,TOR,2017-10-27,92.0,101.0
22017,1610612737,1610612743,Atlanta Hawks,Denver Nuggets,ATL,DEN,2017-10-27,100.0,105.0
22017,1610612742,1610612755,Dallas Mavericks,Philadelphia 76ers,DAL,PHI,2017-10-28,110.0,112.0
22017,1610612748,1610612738,Miami Heat,Boston Celtics,MIA,BOS,2017-10-28,90.0,96.0
22017,1610612740,1610612739,New Orleans Pelicans,Cleveland Cavaliers,NOP,CLE,2017-10-28,123.0,101.0
22017,1610612741,1610612760,Chicago Bulls,Oklahoma City Thunder,CHI,OKC,2017-10-28,69.0,101.0
22017,1610612762,1610612747,Utah Jazz,Los Angeles Lakers,UTA,LAL,2017-10-28,96.0,81.0
22017,1610612746,1610612765,LA Clippers,Detroit Pistons,LAC,DET,2017-10-28,87.0,95.0
22017,1610612757,1610612756,Portland Trail Blazers,Phoenix Suns,POR,PHX,2017-10-28,114.0,107.0
22017,1610612763,1610612745,Memphis Grizzlies,Houston Rockets,MEM,HOU,2017-10-28,103.0,89.0
22017,1610612744,1610612765,Golden State Warriors,Detroit Pistons,GSW,DET,2017-10-29,107.0,115.0
22017,1610612758,1610612764,Sacramento Kings,Washington Wizards,SAC,WAS,2017-10-29,83.0,110.0
22017,1610612766,1610612753,Charlotte Hornets,Orlando Magic,CHA,ORL,2017-10-29,120.0,113.0
22017,1610612754,1610612759,Indiana Pacers,San Antonio Spurs,IND,SAS,2017-10-29,97.0,94.0
22017,1610612751,1610612743,Brooklyn Nets,Denver Nuggets,BKN,DEN,2017-10-29,111.0,124.0
22017,1610612737,1610612749,Atlanta Hawks,Milwaukee Bucks,ATL,MIL,2017-10-29,106.0,117.0
22017,1610612739,1610612752,Cleveland Cavaliers,New York Knicks,CLE,NYK,2017-10-29,95.0,114.0
22017,1610612748,1610612750,Miami Heat,Minnesota Timberwolves,MIA,MIN,2017-10-30,122.0,125.0
22017,1610612746,1610612744,LA Clippers,Golden State Warriors,LAC,GSW,2017-10-30,113.0,141.0
22017,1610612763,1610612766,Memphis Grizzlies,Charlotte Hornets,MEM,CHA,2017-10-30,99.0,104.0
22017,1610612740,1610612753,New Orleans Pelicans,Orlando Magic,NOP,ORL,2017-10-30,99.0,115.0
22017,1610612738,1610612759,Boston Celtics,San Antonio Spurs,BOS,SAS,2017-10-30,108.0,94.0
22017,1610612752,1610612743,New York Knicks,Denver Nuggets,NYK,DEN,2017-10-30,116.0,110.0
22017,1610612745,1610612755,Houston Rockets,Philadelphia 76ers,HOU,PHI,2017-10-30,107.0,115.0
22017,1610612762,1610612742,Utah Jazz,Dallas Mavericks,UTA,DAL,2017-10-30,104.0,89.0
22017,1610612757,1610612761,Portland Trail Blazers,Toronto Raptors,POR,TOR,2017-10-30,85.0,99.0
22017,1610612747,1610612765,Los Angeles Lakers,Detroit Pistons,LAL,DET,2017-10-31,113.0,93.0
22017,1610612751,1610612756,Brooklyn Nets,Phoenix Suns,BKN,PHX,2017-10-31,114.0,122.0
22017,1610612749,1610612760,Milwaukee Bucks,Oklahoma City Thunder,MIL,OKC,2017-10-31,91.0,110.0
22017,1610612754,1610612758,Indiana Pacers,Sacramento Kings,IND,SAC,2017-10-31,101.0,83.0
22017,1610612755,1610612737,Philadelphia 76ers,Atlanta Hawks,PHI,ATL,2017-11-01,119.0,109.0
22017,1610612748,1610612741,Miami Heat,Chicago Bulls,MIA,CHI,2017-11-01,97.0,91.0
22017,1610612766,1610612749,Charlotte Hornets,Milwaukee Bucks,CHA,MIL,2017-11-01,126.0,121.0
22017,1610612752,1610612745,New York Knicks,Houston Rockets,NYK,HOU,2017-11-01,97.0,119.0
22017,1610612743,1610612761,Denver Nuggets,Toronto Raptors,DEN,TOR,2017-11-01,129.0,111.0
22017,1610612740,1610612750,New Orleans Pelicans,Minnesota Timberwolves,NOP,MIN,2017-11-01,98.0,104.0
22017,1610612764,1610612756,Washington Wizards,Phoenix Suns,WAS,PHX,2017-11-01,116.0,122.0
22017,1610612746,1610612742,LA Clippers,Dallas Mavericks,LAC,DAL,2017-11-01,119.0,98.0
22017,1610612762,1610612757,Utah Jazz,Portland Trail Blazers,UTA,POR,2017-11-01,112.0,103.0
22017,1610612738,1610612758,Boston Celtics,Sacramento Kings,BOS,SAC,2017-11-01,113.0,86.0
22017,1610612763,1610612753,Memphis Grizzlies,Orlando Magic,MEM,ORL,2017-11-01,99.0,101.0
22017,1610612739,1610612754,Cleveland Cavaliers,Indiana Pacers,CLE,IND,2017-11-01,107.0,124.0
22017,1610612757,1610612747,Portland Trail Blazers,Los Angeles Lakers,POR,LAL,2017-11-02,113.0,110.0
22017,1610612759,1610612744,San Antonio Spurs,Golden State Warriors,SAS,GSW,2017-11-02,92.0,112.0
22017,1610612762,1610612761,Utah Jazz,Toronto Raptors,UTA,TOR,2017-11-03,100.0,109.0
22017,1610612764,1610612739,Washington Wizards,Cleveland Cavaliers,WAS,CLE,2017-11-03,122.0,130.0
22017,1610612737,1610612745,Atlanta Hawks,Houston Rockets,ATL,HOU,2017-11-03,104.0,119.0
22017,1610612752,1610612756,New York Knicks,Phoenix Suns,NYK,PHX,2017-11-03,120.0,107.0
22017,1610612753,1610612741,Orlando Magic,Chicago Bulls,ORL,CHI,2017-11-03,83.0,105.0
22017,1610612742,1610612740,Dallas Mavericks,New Orleans Pelicans,DAL,NOP,2017-11-03,94.0,99.0
22017,1610612747,1610612751,Los Angeles Lakers,Brooklyn Nets,LAL,BKN,2017-11-03,124.0,112.0
22017,1610612743,1610612748,Denver Nuggets,Miami Heat,DEN,MIA,2017-11-03,95.0,94.0
22017,1610612760,1610612738,Oklahoma City Thunder,Boston Celtics,OKC,BOS,2017-11-03,94.0,101.0
22017,1610612755,1610612754,Philadelphia 76ers,Indiana Pacers,PHI,IND,2017-11-03,121.0,110.0
22017,1610612765,1610612749,Detroit Pistons,Milwaukee Bucks,DET,MIL,2017-11-03,105.0,96.0
22017,1610612759,1610612766,San Antonio Spurs,Charlotte Hornets,SAS,CHA,2017-11-03,108.0,101.0
22017,1610612746,1610612763,LA Clippers,Memphis Grizzlies,LAC,MEM,2017-11-04,104.0,113.0
22017,1610612765,1610612758,Detroit Pistons,Sacramento Kings,DET,SAC,2017-11-04,108.0,99.0
22017,1610612743,1610612744,Denver Nuggets,Golden State Warriors,DEN,GSW,2017-11-04,108.0,127.0
22017,1610612741,1610612740,Chicago Bulls,New Orleans Pelicans,CHI,NOP,2017-11-04,90.0,96.0
22017,1610612750,1610612742,Minnesota Timberwolves,Dallas Mavericks,MIN,DAL,2017-11-04,112.0,99.0
22017,1610612746,1610612748,LA Clippers,Miami Heat,LAC,MIA,2017-11-05,101.0,104.0
22017,1610612752,1610612754,New York Knicks,Indiana Pacers,NYK,IND,2017-11-05,108.0,101.0
22017,1610612750,1610612766,Minnesota Timberwolves,Charlotte Hornets,MIN,CHA,2017-11-05,112.0,94.0
22017,1610612747,1610612763,Los Angeles Lakers,Memphis Grizzlies,LAL,MEM,2017-11-05,107.0,102.0
22017,1610612753,1610612738,Orlando Magic,Boston Celtics,ORL,BOS,2017-11-05,88.0,104.0
22017,1610612761,1610612764,Toronto Raptors,Washington Wizards,TOR,WAS,2017-11-05,96.0,107.0
22017,1610612757,1610612760,Portland Trail Blazers,Oklahoma City Thunder,POR,OKC,2017-11-05,103.0,99.0
22017,1610612745,1610612762,Houston Rockets,Utah Jazz,HOU,UTA,2017-11-05,137.0,110.0
22017,1610612759,1610612756,San Antonio Spurs,Phoenix Suns,SAS,PHX,2017-11-05,112.0,95.0
22017,1610612739,1610612737,Cleveland Cavaliers,Atlanta Hawks,CLE,ATL,2017-11-05,115.0,117.0
22017,1610612756,1610612751,Phoenix Suns,Brooklyn Nets,PHX,BKN,2017-11-06,92.0,98.0
22017,1610612744,1610612748,Golden State Warriors,Miami Heat,GSW,MIA,2017-11-06,97.0,80.0
22017,1610612737,1610612738,Atlanta Hawks,Boston Celtics,ATL,BOS,2017-11-06,107.0,110.0
22017,1610612761,1610612741,Toronto Raptors,Chicago Bulls,TOR,CHI,2017-11-07,119.0,114.0
22017,1610612759,1610612746,San Antonio Spurs,LA Clippers,SAS,LAC,2017-11-07,120.0,107.0
22017,1610612739,1610612749,Cleveland Cavaliers,Milwaukee Bucks,CLE,MIL,2017-11-07,124.0,119.0
22017,1610612743,1610612751,Denver Nuggets,Brooklyn Nets,DEN,BKN,2017-11-07,112.0,104.0
22017,1610612762,1610612755,Utah Jazz,Philadelphia 76ers,UTA,PHI,2017-11-07,97.0,104.0
22017,1610612764,1610612742,Washington Wizards,Dallas Mavericks,WAS,DAL,2017-11-07,99.0,113.0
22017,1610612752,1610612766,New York Knicks,Charlotte Hornets,NYK,CHA,2017-11-07,118.0,113.0
22017,1610612757,1610612763,Portland Trail Blazers,Memphis Grizzlies,POR,MEM,2017-11-07,97.0,98.0
22017,1610612754,1610612740,Indiana Pacers,New Orleans Pelicans,IND,NOP,2017-11-07,112.0,117.0
22017,1610612758,1610612760,Sacramento Kings,Oklahoma City Thunder,SAC,OKC,2017-11-07,94.0,86.0
22017,1610612753,1610612752,Orlando Magic,New York Knicks,ORL,NYK,2017-11-08,112.0,99.0
22017,1610612765,1610612754,Detroit Pistons,Indiana Pacers,DET,IND,2017-11-08,114.0,97.0
22017,1610612738,1610612747,Boston Celtics,Los Angeles Lakers,BOS,LAL,2017-11-08,107.0,96.0
22017,1610612756,1610612748,Phoenix Suns,Miami Heat,PHX,MIA,2017-11-08,115.0,126.0
22017,1610612744,1610612750,Golden State Warriors,Minnesota Timberwolves,GSW,MIN,2017-11-08,125.0,101.0
22017,1610612743,1610612760,Denver Nuggets,Oklahoma City Thunder,DEN,OKC,2017-11-09,102.0,94.0
22017,1610612761,1610612740,Toronto Raptors,New Orleans Pelicans,TOR,NOP,2017-11-09,122.0,118.0
22017,1610612758,1610612755,Sacramento Kings,Philadelphia 76ers,SAC,PHI,2017-11-09,109.0,108.0
22017,1610612745,1610612739,Houston Rockets,Cleveland Cavaliers,HOU,CLE,2017-11-09,117.0,113.0
22017,1610612764,1610612747,Washington Wizards,Los Angeles Lakers,WAS,LAL,2017-11-09,111.0,95.0
22017,1610612741,1610612754,Chicago Bulls,Indiana Pacers,CHI,IND,2017-11-10,87.0,105.0
22017,1610612756,1610612753,Phoenix Suns,Orlando Magic,PHX,ORL,2017-11-10,112.0,128.0
22017,1610612760,1610612746,Oklahoma City Thunder,LA Clippers,OKC,LAC,2017-11-10,120.0,111.0
22017,1610612738,1610612766,Boston Celtics,Charlotte Hornets,BOS,CHA,2017-11-10,90.0,87.0
22017,1610612765,1610612737,Detroit Pistons,Atlanta Hawks,DET,ATL,2017-11-10,111.0,104.0
22017,1610612762,1610612748,Utah Jazz,Miami Heat,UTA,MIA,2017-11-10,74.0,84.0
22017,1610612757,1610612751,Portland Trail Blazers,Brooklyn Nets,POR,BKN,2017-11-10,97.0,101.0
22017,1610612759,1610612749,San Antonio Spurs,Milwaukee Bucks,SAS,MIL,2017-11-10,87.0,94.0
22017,1610612752,1610612758,New York Knicks,Sacramento Kings,NYK,SAC,2017-11-11,118.0,91.0
22017,1610612762,1610612751,Utah Jazz,Brooklyn Nets,UTA,BKN,2017-11-11,114.0,106.0
22017,1610612764,1610612737,Washington Wizards,Atlanta Hawks,WAS,ATL,2017-11-11,113.0,94.0
22017,1610612744,1610612755,Golden State Warriors,Philadelphia 76ers,GSW,PHI,2017-11-11,135.0,114.0
22017,1610612756,1610612750,Phoenix Suns,Minnesota Timberwolves,PHX,MIN,2017-11-11,118.0,110.0
22017,1610612740,1610612746,New Orleans Pelicans,LA Clippers,NOP,LAC,2017-11-11,111.0,103.0
22017,1610612749,1610612747,Milwaukee Bucks,Los Angeles Lakers,MIL,LAL,2017-11-11,98.0,90.0
22017,1610612742,1610612739,Dallas Mavericks,Cleveland Cavaliers,DAL,CLE,2017-11-11,104.0,111.0
22017,1610612745,1610612763,Houston Rockets,Memphis Grizzlies,HOU,MEM,2017-11-11,111.0,96.0
22017,1610612759,1610612741,San Antonio Spurs,Chicago Bulls,SAS,CHI,2017-11-11,133.0,94.0
22017,1610612743,1610612753,Denver Nuggets,Orlando Magic,DEN,ORL,2017-11-11,125.0,107.0
22017,1610612765,1610612748,Detroit Pistons,Miami Heat,DET,MIA,2017-11-12,112.0,103.0
22017,1610612760,1610612742,Oklahoma City Thunder,Dallas Mavericks,OKC,DAL,2017-11-12,112.0,99.0
22017,1610612738,1610612761,Boston Celtics,Toronto Raptors,BOS,TOR,2017-11-12,95.0,94.0
22017,1610612754,1610612745,Indiana Pacers,Houston Rockets,IND,HOU,2017-11-12,95.0,118.0
22017,1610612764,1610612758,Washington Wizards,Sacramento Kings,WAS,SAC,2017-11-13,110.0,92.0
22017,1610612762,1610612750,Utah Jazz,Minnesota Timberwolves,UTA,MIN,2017-11-13,98.0,109.0
22017,1610612749,1610612763,Milwaukee Bucks,Memphis Grizzlies,MIL,MEM,2017-11-13,110.0,103.0
22017,1610612752,1610612739,New York Knicks,Cleveland Cavaliers,NYK,CLE,2017-11-13,101.0,104.0
22017,1610612740,1610612737,New Orleans Pelicans,Atlanta Hawks,NOP,ATL,2017-11-13,106.0,105.0
22017,1610612757,1610612743,Portland Trail Blazers,Denver Nuggets,POR,DEN,2017-11-13,99.0,82.0
22017,1610612756,1610612747,Phoenix Suns,Los Angeles Lakers,PHX,LAL,2017-11-13,93.0,100.0
22017,1610612744,1610612753,Golden State Warriors,Orlando Magic,GSW,ORL,2017-11-13,110.0,100.0
22017,1610612746,1610612755,LA Clippers,Philadelphia 76ers,LAC,PHI,2017-11-13,105.0,109.0
22017,1610612742,1610612759,Dallas Mavericks,San Antonio Spurs,DAL,SAS,2017-11-14,91.0,97.0
22017,1610612751,1610612738,Brooklyn Nets,Boston Celtics,BKN,BOS,2017-11-14,102.0,109.0
22017,1610612745,1610612761,Houston Rockets,Toronto Raptors,HOU,TOR,2017-11-14,113.0,129.0
22017,1610612750,1610612759,Minnesota Timberwolves,San Antonio Spurs,MIN,SAS,2017-11-15,98.0,86.0
22017,1610612737,1610612758,Atlanta Hawks,Sacramento Kings,ATL,SAC,2017-11-15,126.0,80.0
22017,1610612748,1610612764,Miami Heat,Washington Wizards,MIA,WAS,2017-11-15,93.0,102.0
22017,1610612747,1610612755,Los Angeles Lakers,Philadelphia 76ers,LAL,PHI,2017-11-15,109.0,115.0
22017,1610612740,1610612761,New Orleans Pelicans,Toronto Raptors,NOP,TOR,2017-11-15,116.0,125.0
22017,1610612766,1610612739,Charlotte Hornets,Cleveland Cavaliers,CHA,CLE,2017-11-15,107.0,115.0
22017,1610612749,1610612765,Milwaukee Bucks,Detroit Pistons,MIL,DET,2017-11-15,99.0,95.0
22017,1610612752,1610612762,New York Knicks,Utah Jazz,NYK,UTA,2017-11-15,106.0,101.0
22017,1610612760,1610612741,Oklahoma City Thunder,Chicago Bulls,OKC,CHI,2017-11-15,92.0,79.0
22017,1610612757,1610612753,Portland Trail Blazers,Orlando Magic,POR,ORL,2017-11-15,99.0,94.0
22017,1610612763,1610612754,Memphis Grizzlies,Indiana Pacers,MEM,IND,2017-11-15,113.0,116.0
22017,1610612738,1610612744,Boston Celtics,Golden State Warriors,BOS,GSW,2017-11-16,92.0,88.0
22017,1610612756,1610612745,Phoenix Suns,Houston Rockets,PHX,HOU,2017-11-16,116.0,142.0
22017,1610612764,1610612748,Washington Wizards,Miami Heat,WAS,MIA,2017-11-17,88.0,91.0
22017,1610612742,1610612750,Dallas Mavericks,Minnesota Timberwolves,DAL,MIN,2017-11-17,87.0,111.0
22017,1610612751,1610612762,Brooklyn Nets,Utah Jazz,BKN,UTA,2017-11-17,118.0,107.0
22017,1610612739,1610612746,Cleveland Cavaliers,LA Clippers,CLE,LAC,2017-11-17,118.0,113.0
22017,1610612759,1610612760,San Antonio Spurs,Oklahoma City Thunder,SAS,OKC,2017-11-17,104.0,101.0
22017,1610612754,1610612765,Indiana Pacers,Detroit Pistons,IND,DET,2017-11-17,107.0,100.0
22017,1610612741,1610612766,Chicago Bulls,Charlotte Hornets,CHI,CHA,2017-11-17,123.0,120.0
22017,1610612761,1610612752,Toronto Raptors,New York Knicks,TOR,NYK,2017-11-17,107.0,84.0
22017,1610612747,1610612756,Los Angeles Lakers,Phoenix Suns,LAL,PHX,2017-11-17,113.0,122.0
22017,1610612758,1610612757,Sacramento Kings,Portland Trail Blazers,SAC,POR,2017-11-17,86.0,82.0
22017,1610612743,1610612740,Denver Nuggets,New Orleans Pelicans,DEN,NOP,2017-11-17,146.0,114.0
22017,1610612755,1610612744,Philadelphia 76ers,Golden State Warriors,PHI,GSW,2017-11-18,116.0,124.0
22017,1610612757,1610612758,Portland Trail Blazers,Sacramento Kings,POR,SAC,2017-11-18,102.0,90.0
22017,1610612753,1610612762,Orlando Magic,Utah Jazz,ORL,UTA,2017-11-18,85.0,125.0
22017,1610612742,1610612749,Dallas Mavericks,Milwaukee Bucks,DAL,MIL,2017-11-18,111.0,79.0
22017,1610612737,1610612738,Atlanta Hawks,Boston Celtics,ATL,BOS,2017-11-18,99.0,110.0
22017,1610612763,1610612745,Memphis Grizzlies,Houston Rockets,MEM,HOU,2017-11-18,83.0,105.0
22017,1610612766,1610612746,Charlotte Hornets,LA Clippers,CHA,LAC,2017-11-18,102.0,87.0
22017,1610612750,1610612765,Minnesota Timberwolves,Detroit Pistons,MIN,DET,2017-11-19,97.0,100.0
22017,1610612761,1610612764,Toronto Raptors,Washington Wizards,TOR,WAS,2017-11-19,100.0,91.0
22017,1610612747,1610612743,Los Angeles Lakers,Denver Nuggets,LAL,DEN,2017-11-19,127.0,109.0
22017,1610612748,1610612754,Miami Heat,Indiana Pacers,MIA,IND,2017-11-19,95.0,120.0
22017,1610612751,1610612744,Brooklyn Nets,Golden State Warriors,BKN,GSW,2017-11-19,111.0,118.0
22017,1610612756,1610612741,Phoenix Suns,Chicago Bulls,PHX,CHI,2017-11-19,113.0,105.0
22017,1610612742,1610612738,Dallas Mavericks,Boston Celtics,DAL,BOS,2017-11-20,102.0,110.0
22017,1610612763,1610612757,Memphis Grizzlies,Portland Trail Blazers,MEM,POR,2017-11-20,92.0,100.0
22017,1610612759,1610612737,San Antonio Spurs,Atlanta Hawks,SAS,ATL,2017-11-20,96.0,85.0
22017,1610612766,1610612750,Charlotte Hornets,Minnesota Timberwolves,CHA,MIN,2017-11-20,118.0,102.0
22017,1610612755,1610612762,Philadelphia 76ers,Utah Jazz,PHI,UTA,2017-11-20,107.0,86.0
22017,1610612758,1610612743,Sacramento Kings,Denver Nuggets,SAC,DEN,2017-11-20,98.0,114.0
22017,1610612753,1610612754,Orlando Magic,Indiana Pacers,ORL,IND,2017-11-20,97.0,105.0
22017,1610612749,1610612764,Milwaukee Bucks,Washington Wizards,MIL,WAS,2017-11-20,88.0,99.0
22017,1610612765,1610612739,Detroit Pistons,Cleveland Cavaliers,DET,CLE,2017-11-20,88.0,116.0
22017,1610612740,1610612760,New Orleans Pelicans,Oklahoma City Thunder,NOP,OKC,2017-11-20,114.0,107.0
22017,1610612752,1610612746,New York Knicks,LA Clippers,NYK,LAC,2017-11-20,107.0,85.0
22017,1610612747,1610612741,Los Angeles Lakers,Chicago Bulls,LAL,CHI,2017-11-21,103.0,94.0
22017,1610612740,1610612759,New Orleans Pelicans,San Antonio Spurs,NOP,SAS,2017-11-22,107.0,90.0
22017,1610612750,1610612753,Minnesota Timberwolves,Orlando Magic,MIN,ORL,2017-11-22,124.0,118.0
22017,1610612756,1610612749,Phoenix Suns,Milwaukee Bucks,PHX,MIL,2017-11-22,107.0,113.0
22017,1610612755,1610612757,Philadelphia 76ers,Portland Trail Blazers,PHI,POR,2017-11-22,101.0,81.0
22017,1610612760,1610612744,Oklahoma City Thunder,Golden State Warriors,OKC,GSW,2017-11-22,108.0,91.0
22017,1610612752,1610612761,New York Knicks,Toronto Raptors,NYK,TOR,2017-11-22,108.0,100.0
22017,1610612766,1610612764,Charlotte Hornets,Washington Wizards,CHA,WAS,2017-11-22,129.0,124.0
22017,1610612745,1610612743,Houston Rockets,Denver Nuggets,HOU,DEN,2017-11-22,125.0,95.0
22017,1610612737,1610612746,Atlanta Hawks,LA Clippers,ATL,LAC,2017-11-22,103.0,116.0
22017,1610612758,1610612747,Sacramento Kings,Los Angeles Lakers,SAC,LAL,2017-11-22,113.0,102.0
22017,1610612763,1610612742,Memphis Grizzlies,Dallas Mavericks,MEM,DAL,2017-11-22,94.0,95.0
22017,1610612748,1610612738,Miami Heat,Boston Celtics,MIA,BOS,2017-11-22,104.0,98.0
22017,1610612762,1610612741,Utah Jazz,Chicago Bulls,UTA,CHI,2017-11-22,110.0,80.0
22017,1610612739,1610612751,Cleveland Cavaliers,Brooklyn Nets,CLE,BKN,2017-11-22,119.0,109.0
22017,1610612737,1610612752,Atlanta Hawks,New York Knicks,ATL,NYK,2017-11-24,116.0,104.0
22017,1610612750,1610612748,Minnesota Timberwolves,Miami Heat,MIN,MIA,2017-11-24,97.0,109.0
22017,1610612760,1610612765,Oklahoma City Thunder,Detroit Pistons,OKC,DET,2017-11-24,98.0,99.0
22017,1610612754,1610612761,Indiana Pacers,Toronto Raptors,IND,TOR,2017-11-24,107.0,104.0
22017,1610612743,1610612763,Denver Nuggets,Memphis Grizzlies,DEN,MEM,2017-11-24,104.0,92.0
22017,1610612756,1610612740,Phoenix Suns,New Orleans Pelicans,PHX,NOP,2017-11-24,91.0,115.0
22017,1610612744,1610612741,Golden State Warriors,Chicago Bulls,GSW,CHI,2017-11-24,143.0,94.0
22017,1610612751,1610612757,Brooklyn Nets,Portland Trail Blazers,BKN,POR,2017-11-24,125.0,127.0
22017,1610612738,1610612753,Boston Celtics,Orlando Magic,BOS,ORL,2017-11-24,118.0,103.0
22017,1610612739,1610612766,Cleveland Cavaliers,Charlotte Hornets,CLE,CHA,2017-11-24,100.0,99.0
22017,1610612764,1610612757,Washington Wizards,Portland Trail Blazers,WAS,POR,2017-11-25,105.0,108.0
22017,1610612758,1610612746,Sacramento Kings,LA Clippers,SAC,LAC,2017-11-25,95.0,97.0
22017,1610612745,1610612752,Houston Rockets,New York Knicks,HOU,NYK,2017-11-25,117.0,102.0
22017,1610612755,1610612753,Philadelphia 76ers,Orlando Magic,PHI,ORL,2017-11-25,130.0,111.0
22017,1610612762,1610612749,Utah Jazz,Milwaukee Bucks,UTA,MIL,2017-11-25,121.0,108.0
22017,1610612754,1610612738,Indiana Pacers,Boston Celtics,IND,BOS,2017-11-25,98.0,108.0
22017,1610612737,1610612761,Atlanta Hawks,Toronto Raptors,ATL,TOR,2017-11-25,78.0,112.0
22017,1610612766,1610612759,Charlotte Hornets,San Antonio Spurs,CHA,SAS,2017-11-25,86.0,106.0
22017,1610612742,1610612760,Dallas Mavericks,Oklahoma City Thunder,DAL,OKC,2017-11-25,97.0,81.0
22017,1610612744,1610612740,Golden State Warriors,New Orleans Pelicans,GSW,NOP,2017-11-25,110.0,95.0
22017,1610612750,1610612756,Minnesota Timberwolves,Phoenix Suns,MIN,PHX,2017-11-26,119.0,108.0
22017,1610612763,1610612751,Memphis Grizzlies,Brooklyn Nets,MEM,BKN,2017-11-26,88.0,98.0
22017,1610612741,1610612748,Chicago Bulls,Miami Heat,CHI,MIA,2017-11-26,93.0,100.0
22017,1610612754,1610612753,Indiana Pacers,Orlando Magic,IND,ORL,2017-11-27,121.0,109.0
22017,1610612759,1610612742,San Antonio Spurs,Dallas Mavericks,SAS,DAL,2017-11-27,115.0,108.0
22017,1610612744,1610612758,Golden State Warriors,Sacramento Kings,GSW,SAC,2017-11-27,106.0,110.0
22017,1610612745,1610612751,Houston Rockets,Brooklyn Nets,HOU,BKN,2017-11-27,117.0,103.0
22017,1610612755,1610612739,Philadelphia 76ers,Cleveland Cavaliers,PHI,CLE,2017-11-27,91.0,113.0
22017,1610612738,1610612765,Boston Celtics,Detroit Pistons,BOS,DET,2017-11-27,108.0,118.0
22017,1610612746,1610612747,LA Clippers,Los Angeles Lakers,LAC,LAL,2017-11-27,120.0,115.0
22017,1610612752,1610612757,New York Knicks,Portland Trail Blazers,NYK,POR,2017-11-27,91.0,103.0
22017,1610612739,1610612748,Cleveland Cavaliers,Miami Heat,CLE,MIA,2017-11-28,108.0,97.0
22017,1610612741,1610612756,Chicago Bulls,Phoenix Suns,CHI,PHX,2017-11-28,99.0,104.0
22017,1610612758,1610612749,Sacramento Kings,Milwaukee Bucks,SAC,MIL,2017-11-28,87.0,112.0
22017,1610612762,1610612743,Utah Jazz,Denver Nuggets,UTA,DEN,2017-11-28,106.0,77.0
22017,1610612750,1610612764,Minnesota Timberwolves,Washington Wizards,MIN,WAS,2017-11-28,89.0,92.0
22017,1610612747,1610612744,Los Angeles Lakers,Golden State Warriors,LAL,GSW,2017-11-29,123.0,127.0
22017,1610612761,1610612766,Toronto Raptors,Charlotte Hornets,TOR,CHA,2017-11-29,126.0,113.0
22017,1610612755,1610612764,Philadelphia 76ers,Washington Wizards,PHI,WAS,2017-11-29,118.0,113.0
22017,1610612753,1610612760,Orlando Magic,Oklahoma City Thunder,ORL,OKC,2017-11-29,121.0,108.0
22017,1610612759,1610612763,San Antonio Spurs,Memphis Grizzlies,SAS,MEM,2017-11-29,104.0,95.0
22017,1610612745,1610612754,Houston Rockets,Indiana Pacers,HOU,IND,2017-11-29,118.0,97.0
22017,1610612765,1610612756,Detroit Pistons,Phoenix Suns,DET,PHX,2017-11-29,131.0,107.0
22017,1610612752,1610612748,New York Knicks,Miami Heat,NYK,MIA,2017-11-29,115.0,86.0
22017,1610612740,1610612750,New Orleans Pelicans,Minnesota Timberwolves,NOP,MIN,2017-11-29,102.0,120.0
22017,1610612742,1610612751,Dallas Mavericks,Brooklyn Nets,DAL,BKN,2017-11-29,104.0,109.0
22017,1610612746,1610612762,LA Clippers,Utah Jazz,LAC,UTA,2017-11-30,107.0,126.0
22017,1610612737,1610612739,Atlanta Hawks,Cleveland Cavaliers,ATL,CLE,2017-11-30,114.0,121.0
22017,1610612757,1610612749,Portland Trail Blazers,Milwaukee Bucks,POR,MIL,2017-11-30,91.0,103.0
22017,1610612738,1610612755,Boston Celtics,Philadelphia 76ers,BOS,PHI,2017-11-30,108.0,97.0
22017,1610612743,1610612741,Denver Nuggets,Chicago Bulls,DEN,CHI,2017-11-30,111.0,110.0
22017,1610612741,1610612758,Chicago Bulls,Sacramento Kings,CHI,SAC,2017-12-01,106.0,107.0
22017,1610612763,1610612759,Memphis Grizzlies,San Antonio Spurs,MEM,SAS,2017-12-01,79.0,95.0
22017,1610612753,1610612744,Orlando Magic,Golden State Warriors,ORL,GSW,2017-12-01,112.0,133.0
22017,1610612761,1610612754,Toronto Raptors,Indiana Pacers,TOR,IND,2017-12-01,120.0,115.0
22017,1610612748,1610612766,Miami Heat,Charlotte Hornets,MIA,CHA,2017-12-01,105.0,100.0
22017,1610612760,1610612750,Oklahoma City Thunder,Minnesota Timberwolves,OKC,MIN,2017-12-01,111.0,107.0
22017,1610612762,1610612740,Utah Jazz,New Orleans Pelicans,UTA,NOP,2017-12-01,114.0,108.0
22017,1610612764,1610612765,Washington Wizards,Detroit Pistons,WAS,DET,2017-12-01,109.0,91.0
22017,1610612739,1610612763,Cleveland Cavaliers,Memphis Grizzlies,CLE,MEM,2017-12-02,116.0,111.0
22017,1610612742,1610612746,Dallas Mavericks,LA Clippers,DAL,LAC,2017-12-02,108.0,82.0
22017,1610612743,1610612747,Denver Nuggets,Los Angeles Lakers,DEN,LAL,2017-12-02,115.0,100.0
22017,1610612738,1610612756,Boston Celtics,Phoenix Suns,BOS,PHX,2017-12-02,116.0,111.0
22017,1610612755,1610612765,Philadelphia 76ers,Detroit Pistons,PHI,DET,2017-12-02,108.0,103.0
22017,1610612751,1610612737,Brooklyn Nets,Atlanta Hawks,BKN,ATL,2017-12-02,102.0,114.0
22017,1610612757,1610612740,Portland Trail Blazers,New Orleans Pelicans,POR,NOP,2017-12-02,116.0,123.0
22017,1610612749,1610612758,Milwaukee Bucks,Sacramento Kings,MIL,SAC,2017-12-02,109.0,104.0
22017,1610612760,1610612759,Oklahoma City Thunder,San Antonio Spurs,OKC,SAS,2017-12-03,90.0,87.0
22017,1610612748,1610612744,Miami Heat,Golden State Warriors,MIA,GSW,2017-12-03,95.0,123.0
22017,1610612752,1610612753,New York Knicks,Orlando Magic,NYK,ORL,2017-12-03,100.0,105.0
22017,1610612750,1610612746,Minnesota Timberwolves,LA Clippers,MIN,LAC,2017-12-03,112.0,106.0
22017,1610612747,1610612745,Los Angeles Lakers,Houston Rockets,LAL,HOU,2017-12-03,95.0,118.0
22017,1610612763,1610612750,Memphis Grizzlies,Minnesota Timberwolves,MEM,MIN,2017-12-04,95.0,92.0
22017,1610612741,1610612739,Chicago Bulls,Cleveland Cavaliers,CHI,CLE,2017-12-04,91.0,113.0
22017,1610612737,1610612751,Atlanta Hawks,Brooklyn Nets,ATL,BKN,2017-12-04,90.0,110.0
22017,1610612755,1610612756,Philadelphia 76ers,Phoenix Suns,PHI,PHX,2017-12-04,101.0,115.0
22017,1610612754,1610612752,Indiana Pacers,New York Knicks,IND,NYK,2017-12-04,115.0,97.0
22017,1610612742,1610612743,Dallas Mavericks,Denver Nuggets,DAL,DEN,2017-12-04,122.0,105.0
22017,1610612738,1610612749,Boston Celtics,Milwaukee Bucks,BOS,MIL,2017-12-04,111.0,100.0
22017,1610612759,1610612765,San Antonio Spurs,Detroit Pistons,SAS,DET,2017-12-04,96.0,93.0
22017,1610612766,1610612753,Charlotte Hornets,Orlando Magic,CHA,ORL,2017-12-04,104.0,94.0
22017,1610612762,1610612764,Utah Jazz,Washington Wizards,UTA,WAS,2017-12-04,116.0,69.0
22017,1610612740,1610612744,New Orleans Pelicans,Golden State Warriors,NOP,GSW,2017-12-04,115.0,125.0
22017,1610612760,1610612762,Oklahoma City Thunder,Utah Jazz,OKC,UTA,2017-12-05,100.0,94.0
22017,1610612761,1610612756,Toronto Raptors,Phoenix Suns,TOR,PHX,2017-12-05,126.0,113.0
22017,1610612757,1610612764,Portland Trail Blazers,Washington Wizards,POR,WAS,2017-12-05,92.0,106.0
22017,1610612759,1610612748,San Antonio Spurs,Miami Heat,SAS,MIA,2017-12-06,117.0,105.0
22017,1610612738,1610612742,Boston Celtics,Dallas Mavericks,BOS,DAL,2017-12-06,97.0,90.0
22017,1610612746,1610612750,LA Clippers,Minnesota Timberwolves,LAC,MIN,2017-12-06,107.0,113.0
22017,1610612749,1610612765,Milwaukee Bucks,Detroit Pistons,MIL,DET,2017-12-06,104.0,100.0
22017,1610612766,1610612744,Charlotte Hornets,Golden State Warriors,CHA,GSW,2017-12-06,87.0,101.0
22017,1610612740,1610612743,New Orleans Pelicans,Denver Nuggets,NOP,DEN,2017-12-06,123.0,114.0
22017,1610612752,1610612763,New York Knicks,Memphis Grizzlies,NYK,MEM,2017-12-06,99.0,88.0
22017,1610612754,1610612741,Indiana Pacers,Chicago Bulls,IND,CHI,2017-12-06,98.0,96.0
22017,1610612739,1610612758,Cleveland Cavaliers,Sacramento Kings,CLE,SAC,2017-12-06,101.0,95.0
22017,1610612753,1610612737,Orlando Magic,Atlanta Hawks,ORL,ATL,2017-12-06,110.0,106.0
22017,1610612762,1610612745,Utah Jazz,Houston Rockets,UTA,HOU,2017-12-07,101.0,112.0
22017,1610612756,1610612764,Phoenix Suns,Washington Wizards,PHX,WAS,2017-12-07,99.0,109.0
22017,1610612751,1610612760,Brooklyn Nets,Oklahoma City Thunder,BKN,OKC,2017-12-07,100.0,95.0
22017,1610612755,1610612747,Philadelphia 76ers,Los Angeles Lakers,PHI,LAL,2017-12-07,104.0,107.0
22017,1610612763,1610612761,Memphis Grizzlies,Toronto Raptors,MEM,TOR,2017-12-08,107.0,116.0
22017,1610612754,1610612739,Indiana Pacers,Cleveland Cavaliers,IND,CLE,2017-12-08,106.0,102.0
22017,1610612765,1610612744,Detroit Pistons,Golden State Warriors,DET,GSW,2017-12-08,98.0,102.0
22017,1610612749,1610612742,Milwaukee Bucks,Dallas Mavericks,MIL,DAL,2017-12-08,109.0,102.0
22017,1610612759,1610612738,San Antonio Spurs,Boston Celtics,SAS,BOS,2017-12-08,105.0,102.0
22017,1610612766,1610612741,Charlotte Hornets,Chicago Bulls,CHA,CHI,2017-12-08,111.0,119.0
22017,1610612740,1610612758,New Orleans Pelicans,Sacramento Kings,NOP,SAC,2017-12-08,109.0,116.0
22017,1610612753,1610612743,Orlando Magic,Denver Nuggets,ORL,DEN,2017-12-08,89.0,103.0
22017,1610612756,1610612759,Phoenix Suns,San Antonio Spurs,PHX,SAS,2017-12-09,101.0,104.0
22017,1610612737,1610612753,Atlanta Hawks,Orlando Magic,ATL,ORL,2017-12-09,117.0,110.0
22017,1610612763,1610612760,Memphis Grizzlies,Oklahoma City Thunder,MEM,OKC,2017-12-09,101.0,102.0
22017,1610612746,1610612764,LA Clippers,Washington Wizards,LAC,WAS,2017-12-09,113.0,112.0
22017,1610612766,1610612747,Charlotte Hornets,Los Angeles Lakers,CHA,LAL,2017-12-09,99.0,110.0
22017,1610612739,1610612755,Cleveland Cavaliers,Philadelphia 76ers,CLE,PHI,2017-12-09,105.0,98.0
22017,1610612751,1610612748,Brooklyn Nets,Miami Heat,BKN,MIA,2017-12-09,89.0,101.0
22017,1610612757,1610612745,Portland Trail Blazers,Houston Rockets,POR,HOU,2017-12-09,117.0,124.0
22017,1610612749,1610612762,Milwaukee Bucks,Utah Jazz,MIL,UTA,2017-12-09,117.0,100.0
22017,1610612741,1610612752,Chicago Bulls,New York Knicks,CHI,NYK,2017-12-09,104.0,102.0
22017,1610612754,1610612743,Indiana Pacers,Denver Nuggets,IND,DEN,2017-12-10,126.0,116.0
22017,1610612758,1610612761,Sacramento Kings,Toronto Raptors,SAC,TOR,2017-12-10,87.0,102.0
22017,1610612740,1610612755,New Orleans Pelicans,Philadelphia 76ers,NOP,PHI,2017-12-10,131.0,124.0
22017,1610612752,1610612737,New York Knicks,Atlanta Hawks,NYK,ATL,2017-12-10,111.0,107.0
22017,1610612765,1610612738,Detroit Pistons,Boston Celtics,DET,BOS,2017-12-10,81.0,91.0
22017,1610612750,1610612742,Minnesota Timberwolves,Dallas Mavericks,MIN,DAL,2017-12-10,97.0,92.0
22017,1610612763,1610612748,Memphis Grizzlies,Miami Heat,MEM,MIA,2017-12-11,82.0,107.0
22017,1610612745,1610612740,Houston Rockets,New Orleans Pelicans,HOU,NOP,2017-12-11,130.0,123.0
22017,1610612760,1610612766,Oklahoma City Thunder,Charlotte Hornets,OKC,CHA,2017-12-11,103.0,116.0
22017,1610612746,1610612761,LA Clippers,Toronto Raptors,LAC,TOR,2017-12-11,96.0,91.0
22017,1610612744,1610612757,Golden State Warriors,Portland Trail Blazers,GSW,POR,2017-12-11,111.0,104.0
22017,1610612741,1610612738,Chicago Bulls,Boston Celtics,CHI,BOS,2017-12-11,108.0,85.0
22017,1610612758,1610612756,Sacramento Kings,Phoenix Suns,SAC,PHX,2017-12-12,99.0,92.0
22017,1610612751,1610612764,Brooklyn Nets,Washington Wizards,BKN,WAS,2017-12-12,103.0,98.0
22017,1610612752,1610612747,New York Knicks,Los Angeles Lakers,NYK,LAL,2017-12-12,113.0,109.0
22017,1610612765,1610612743,Detroit Pistons,Denver Nuggets,DET,DEN,2017-12-12,84.0,103.0
22017,1610612739,1610612737,Cleveland Cavaliers,Atlanta Hawks,CLE,ATL,2017-12-12,123.0,114.0
22017,1610612750,1610612755,Minnesota Timberwolves,Philadelphia 76ers,MIN,PHI,2017-12-12,112.0,118.0
22017,1610612742,1610612759,Dallas Mavericks,San Antonio Spurs,DAL,SAS,2017-12-12,95.0,89.0
22017,1610612748,1610612757,Miami Heat,Portland Trail Blazers,MIA,POR,2017-12-13,95.0,102.0
22017,1610612753,1610612746,Orlando Magic,LA Clippers,ORL,LAC,2017-12-13,95.0,106.0
22017,1610612754,1610612760,Indiana Pacers,Oklahoma City Thunder,IND,OKC,2017-12-13,95.0,100.0
22017,1610612745,1610612766,Houston Rockets,Charlotte Hornets,HOU,CHA,2017-12-13,108.0,96.0
22017,1610612738,1610612743,Boston Celtics,Denver Nuggets,BOS,DEN,2017-12-13,124.0,118.0
22017,1610612741,1610612762,Chicago Bulls,Utah Jazz,CHI,UTA,2017-12-13,103.0,100.0
22017,1610612764,1610612763,Washington Wizards,Memphis Grizzlies,WAS,MEM,2017-12-13,93.0,87.0
22017,1610612756,1610612761,Phoenix Suns,Toronto Raptors,PHX,TOR,2017-12-13,109.0,115.0
22017,1610612740,1610612749,New Orleans Pelicans,Milwaukee Bucks,NOP,MIL,2017-12-13,115.0,108.0
22017,1610612737,1610612765,Atlanta Hawks,Detroit Pistons,ATL,DET,2017-12-14,91.0,105.0
22017,1610612744,1610612742,Golden State Warriors,Dallas Mavericks,GSW,DAL,2017-12-14,112.0,97.0
22017,1610612739,1610612747,Cleveland Cavaliers,Los Angeles Lakers,CLE,LAL,2017-12-14,121.0,112.0
22017,1610612751,1610612752,Brooklyn Nets,New York Knicks,BKN,NYK,2017-12-14,104.0,111.0
22017,1610612750,1610612758,Minnesota Timberwolves,Sacramento Kings,MIN,SAC,2017-12-14,119.0,96.0
22017,1610612764,1610612746,Washington Wizards,LA Clippers,WAS,LAC,2017-12-15,100.0,91.0
22017,1610612738,1610612762,Boston Celtics,Utah Jazz,BOS,UTA,2017-12-15,95.0,107.0
22017,1610612761,1610612751,Toronto Raptors,Brooklyn Nets,TOR,BKN,2017-12-15,120.0,87.0
22017,1610612745,1610612759,Houston Rockets,San Antonio Spurs,HOU,SAS,2017-12-15,124.0,109.0
22017,1610612754,1610612765,Indiana Pacers,Detroit Pistons,IND,DET,2017-12-15,98.0,104.0
22017,1610612763,1610612737,Memphis Grizzlies,Atlanta Hawks,MEM,ATL,2017-12-15,96.0,94.0
22017,1610612749,1610612741,Milwaukee Bucks,Chicago Bulls,MIL,CHI,2017-12-15,109.0,115.0
22017,1610612753,1610612757,Orlando Magic,Portland Trail Blazers,ORL,POR,2017-12-15,88.0,95.0
22017,1610612755,1610612760,Philadelphia 76ers,Oklahoma City Thunder,PHI,OKC,2017-12-15,117.0,119.0
22017,1610612743,1610612740,Denver Nuggets,New Orleans Pelicans,DEN,NOP,2017-12-15,117.0,111.0
22017,1610612766,1610612748,Charlotte Hornets,Miami Heat,CHA,MIA,2017-12-15,98.0,104.0
22017,1610612763,1610612738,Memphis Grizzlies,Boston Celtics,MEM,BOS,2017-12-16,93.0,102.0
22017,1610612748,1610612746,Miami Heat,LA Clippers,MIA,LAC,2017-12-16,90.0,85.0
22017,1610612745,1610612749,Houston Rockets,Milwaukee Bucks,HOU,MIL,2017-12-16,115.0,111.0
22017,1610612759,1610612742,San Antonio Spurs,Dallas Mavericks,SAS,DAL,2017-12-16,98.0,96.0
22017,1610612750,1610612756,Minnesota Timberwolves,Phoenix Suns,MIN,PHX,2017-12-16,106.0,108.0
22017,1610612752,1610612760,New York Knicks,Oklahoma City Thunder,NYK,OKC,2017-12-16,111.0,96.0
22017,1610612766,1610612757,Charlotte Hornets,Portland Trail Blazers,CHA,POR,2017-12-16,91.0,93.0
22017,1610612739,1610612762,Cleveland Cavaliers,Utah Jazz,CLE,UTA,2017-12-16,109.0,100.0
22017,1610612761,1610612758,Toronto Raptors,Sacramento Kings,TOR,SAC,2017-12-17,108.0,93.0
22017,1610612765,1610612753,Detroit Pistons,Orlando Magic,DET,ORL,2017-12-17,114.0,110.0
22017,1610612751,1610612754,Brooklyn Nets,Indiana Pacers,BKN,IND,2017-12-17,97.0,109.0
22017,1610612764,1610612739,Washington Wizards,Cleveland Cavaliers,WAS,CLE,2017-12-17,99.0,106.0
22017,1610612760,1610612743,Oklahoma City Thunder,Denver Nuggets,OKC,DEN,2017-12-18,95.0,94.0
22017,1610612754,1610612738,Indiana Pacers,Boston Celtics,IND,BOS,2017-12-18,111.0,112.0
22017,1610612747,1610612744,Los Angeles Lakers,Golden State Warriors,LAL,GSW,2017-12-18,114.0,116.0
22017,1610612742,1610612756,Dallas Mavericks,Phoenix Suns,DAL,PHX,2017-12-18,91.0,97.0
22017,1610612745,1610612762,Houston Rockets,Utah Jazz,HOU,UTA,2017-12-18,120.0,99.0
22017,1610612737,1610612748,Atlanta Hawks,Miami Heat,ATL,MIA,2017-12-18,110.0,104.0
22017,1610612750,1610612757,Minnesota Timberwolves,Portland Trail Blazers,MIN,POR,2017-12-18,108.0,107.0
22017,1610612741,1610612755,Chicago Bulls,Philadelphia 76ers,CHI,PHI,2017-12-18,117.0,115.0
22017,1610612759,1610612746,San Antonio Spurs,LA Clippers,SAS,LAC,2017-12-18,109.0,91.0
22017,1610612766,1610612752,Charlotte Hornets,New York Knicks,CHA,NYK,2017-12-18,109.0,91.0
22017,1610612764,1610612740,Washington Wizards,New Orleans Pelicans,WAS,NOP,2017-12-19,116.0,106.0
22017,1610612755,1610612758,Philadelphia 76ers,Sacramento Kings,PHI,SAC,2017-12-19,95.0,101.0
22017,1610612749,1610612739,Milwaukee Bucks,Cleveland Cavaliers,MIL,CLE,2017-12-19,119.0,116.0
22017,1610612741,1610612753,Chicago Bulls,Orlando Magic,CHI,ORL,2017-12-20,112.0,94.0
22017,1610612742,1610612765,Dallas Mavericks,Detroit Pistons,DAL,DET,2017-12-20,110.0,93.0
22017,1610612746,1610612756,LA Clippers,Phoenix Suns,LAC,PHX,2017-12-20,108.0,95.0
22017,1610612766,1610612761,Charlotte Hornets,Toronto Raptors,CHA,TOR,2017-12-20,111.0,129.0
22017,1610612757,1610612759,Portland Trail Blazers,San Antonio Spurs,POR,SAS,2017-12-20,91.0,93.0
22017,1610612751,1610612758,Brooklyn Nets,Sacramento Kings,BKN,SAC,2017-12-20,99.0,104.0
22017,1610612737,1610612754,Atlanta Hawks,Indiana Pacers,ATL,IND,2017-12-20,95.0,105.0
22017,1610612738,1610612748,Boston Celtics,Miami Heat,BOS,MIA,2017-12-20,89.0,90.0
22017,1610612743,1610612750,Denver Nuggets,Minnesota Timberwolves,DEN,MIN,2017-12-20,104.0,112.0
22017,1610612760,1610612762,Oklahoma City Thunder,Utah Jazz,OKC,UTA,2017-12-20,107.0,79.0
22017,1610612745,1610612747,Houston Rockets,Los Angeles Lakers,HOU,LAL,2017-12-20,116.0,122.0
22017,1610612744,1610612763,Golden State Warriors,Memphis Grizzlies,GSW,MEM,2017-12-20,97.0,84.0
22017,1610612762,1610612759,Utah Jazz,San Antonio Spurs,UTA,SAS,2017-12-21,100.0,89.0
22017,1610612755,1610612761,Philadelphia 76ers,Toronto Raptors,PHI,TOR,2017-12-21,109.0,114.0
22017,1610612739,1610612741,Cleveland Cavaliers,Chicago Bulls,CLE,CHI,2017-12-21,115.0,112.0
22017,1610612752,1610612738,New York Knicks,Boston Celtics,NYK,BOS,2017-12-21,102.0,93.0
22017,1610612756,1610612763,Phoenix Suns,Memphis Grizzlies,PHX,MEM,2017-12-21,97.0,95.0
22017,1610612757,1610612743,Portland Trail Blazers,Denver Nuggets,POR,DEN,2017-12-22,85.0,102.0
22017,1610612749,1610612766,Milwaukee Bucks,Charlotte Hornets,MIL,CHA,2017-12-22,109.0,104.0
22017,1610612744,1610612747,Golden State Warriors,Los Angeles Lakers,GSW,LAL,2017-12-22,113.0,106.0
22017,1610612748,1610612742,Miami Heat,Dallas Mavericks,MIA,DAL,2017-12-22,113.0,101.0
22017,1610612745,1610612746,Houston Rockets,LA Clippers,HOU,LAC,2017-12-22,118.0,128.0
22017,1610612765,1610612752,Detroit Pistons,New York Knicks,DET,NYK,2017-12-22,104.0,101.0
22017,1610612751,1610612764,Brooklyn Nets,Washington Wizards,BKN,WAS,2017-12-22,119.0,84.0
22017,1610612760,1610612737,Oklahoma City Thunder,Atlanta Hawks,OKC,ATL,2017-12-22,120.0,117.0
22017,1610612753,1610612740,Orlando Magic,New Orleans Pelicans,ORL,NOP,2017-12-22,97.0,111.0
22017,1610612737,1610612742,Atlanta Hawks,Dallas Mavericks,ATL,DAL,2017-12-23,112.0,107.0
22017,1610612756,1610612750,Phoenix Suns,Minnesota Timberwolves,PHX,MIN,2017-12-23,106.0,115.0
22017,1610612758,1610612759,Sacramento Kings,San Antonio Spurs,SAC,SAS,2017-12-23,99.0,108.0
22017,1610612762,1610612760,Utah Jazz,Oklahoma City Thunder,UTA,OKC,2017-12-23,89.0,103.0
22017,1610612766,1610612749,Charlotte Hornets,Milwaukee Bucks,CHA,MIL,2017-12-23,111.0,106.0
22017,1610612763,1610612746,Memphis Grizzlies,LA Clippers,MEM,LAC,2017-12-23,115.0,112.0
22017,1610612747,1610612757,Los Angeles Lakers,Portland Trail Blazers,LAL,POR,2017-12-23,92.0,95.0
22017,1610612748,1610612740,Miami Heat,New Orleans Pelicans,MIA,NOP,2017-12-23,94.0,109.0
22017,1610612761,1610612755,Toronto Raptors,Philadelphia 76ers,TOR,PHI,2017-12-23,102.0,86.0
22017,1610612738,1610612741,Boston Celtics,Chicago Bulls,BOS,CHI,2017-12-23,117.0,92.0
22017,1610612744,1610612743,Golden State Warriors,Denver Nuggets,GSW,DEN,2017-12-23,81.0,96.0
22017,1610612764,1610612753,Washington Wizards,Orlando Magic,WAS,ORL,2017-12-23,130.0,103.0
22017,1610612754,1610612751,Indiana Pacers,Brooklyn Nets,IND,BKN,2017-12-23,123.0,119.0
22017,1610612752,1610612755,New York Knicks,Philadelphia 76ers,NYK,PHI,2017-12-25,98.0,105.0
22017,1610612738,1610612764,Boston Celtics,Washington Wizards,BOS,WAS,2017-12-25,103.0,111.0
22017,1610612744,1610612739,Golden State Warriors,Cleveland Cavaliers,GSW,CLE,2017-12-25,99.0,92.0
22017,1610612760,1610612745,Oklahoma City Thunder,Houston Rockets,OKC,HOU,2017-12-25,112.0,107.0
22017,1610612747,1610612750,Los Angeles Lakers,Minnesota Timberwolves,LAL,MIN,2017-12-25,104.0,121.0
22017,1610612759,1610612751,San Antonio Spurs,Brooklyn Nets,SAS,BKN,2017-12-26,109.0,97.0
22017,1610612742,1610612761,Dallas Mavericks,Toronto Raptors,DAL,TOR,2017-12-26,98.0,93.0
22017,1610612756,1610612763,Phoenix Suns,Memphis Grizzlies,PHX,MEM,2017-12-26,99.0,97.0
22017,1610612749,1610612741,Milwaukee Bucks,Chicago Bulls,MIL,CHI,2017-12-26,106.0,115.0
22017,1610612743,1610612762,Denver Nuggets,Utah Jazz,DEN,UTA,2017-12-26,107.0,83.0
22017,1610612748,1610612753,Miami Heat,Orlando Magic,MIA,ORL,2017-12-26,107.0,89.0
22017,1610612746,1610612758,LA Clippers,Sacramento Kings,LAC,SAC,2017-12-26,122.0,95.0
22017,1610612765,1610612754,Detroit Pistons,Indiana Pacers,DET,IND,2017-12-26,107.0,83.0
22017,1610612750,1610612743,Minnesota Timberwolves,Denver Nuggets,MIN,DEN,2017-12-27,128.0,125.0
22017,1610612766,1610612738,Charlotte Hornets,Boston Celtics,CHA,BOS,2017-12-27,91.0,102.0
22017,1610612747,1610612763,Los Angeles Lakers,Memphis Grizzlies,LAL,MEM,2017-12-27,99.0,109.0
22017,1610612740,1610612751,New Orleans Pelicans,Brooklyn Nets,NOP,BKN,2017-12-27,128.0,113.0
22017,1610612758,1610612739,Sacramento Kings,Cleveland Cavaliers,SAC,CLE,2017-12-27,109.0,95.0
22017,1610612737,1610612764,Atlanta Hawks,Washington Wizards,ATL,WAS,2017-12-27,113.0,99.0
22017,1610612744,1610612762,Golden State Warriors,Utah Jazz,GSW,UTA,2017-12-27,126.0,101.0
22017,1610612760,1610612761,Oklahoma City Thunder,Toronto Raptors,OKC,TOR,2017-12-27,124.0,107.0
22017,1610612754,1610612742,Indiana Pacers,Dallas Mavericks,IND,DAL,2017-12-27,94.0,98.0
22017,1610612741,1610612752,Chicago Bulls,New York Knicks,CHI,NYK,2017-12-27,92.0,87.0
22017,1610612749,1610612750,Milwaukee Bucks,Minnesota Timberwolves,MIL,MIN,2017-12-28,102.0,96.0
22017,1610612738,1610612745,Boston Celtics,Houston Rockets,BOS,HOU,2017-12-28,99.0,98.0
22017,1610612753,1610612765,Orlando Magic,Detroit Pistons,ORL,DET,2017-12-28,102.0,89.0
22017,1610612759,1610612752,San Antonio Spurs,New York Knicks,SAS,NYK,2017-12-28,119.0,107.0
22017,1610612757,1610612755,Portland Trail Blazers,Philadelphia 76ers,POR,PHI,2017-12-28,114.0,110.0
22017,1610612741,1610612754,Chicago Bulls,Indiana Pacers,CHI,IND,2017-12-29,119.0,107.0
22017,1610612761,1610612737,Toronto Raptors,Atlanta Hawks,TOR,ATL,2017-12-29,111.0,98.0
22017,1610612744,1610612766,Golden State Warriors,Charlotte Hornets,GSW,CHA,2017-12-29,100.0,111.0
22017,1610612748,1610612751,Miami Heat,Brooklyn Nets,MIA,BKN,2017-12-29,87.0,111.0
22017,1610612760,1610612749,Oklahoma City Thunder,Milwaukee Bucks,OKC,MIL,2017-12-29,95.0,97.0
22017,1610612740,1610612742,New Orleans Pelicans,Dallas Mavericks,NOP,DAL,2017-12-29,120.0,128.0
22017,1610612764,1610612745,Washington Wizards,Houston Rockets,WAS,HOU,2017-12-29,121.0,103.0
22017,1610612747,1610612746,Los Angeles Lakers,LA Clippers,LAL,LAC,2017-12-29,106.0,121.0
22017,1610612758,1610612756,Sacramento Kings,Phoenix Suns,SAC,PHX,2017-12-29,101.0,111.0
22017,1610612765,1610612759,Detroit Pistons,San Antonio Spurs,DET,SAS,2017-12-30,93.0,79.0
22017,1610612744,1610612763,Golden State Warriors,Memphis Grizzlies,GSW,MEM,2017-12-30,141.0,128.0
22017,1610612737,1610612757,Atlanta Hawks,Portland Trail Blazers,ATL,POR,2017-12-30,104.0,89.0
22017,1610612753,1610612748,Orlando Magic,Miami Heat,ORL,MIA,2017-12-30,111.0,117.0
22017,1610612740,1610612752,New Orleans Pelicans,New York Knicks,NOP,NYK,2017-12-30,103.0,105.0
22017,1610612743,1610612755,Denver Nuggets,Philadelphia 76ers,DEN,PHI,2017-12-30,102.0,107.0
22017,1610612762,1610612739,Utah Jazz,Cleveland Cavaliers,UTA,CLE,2017-12-30,104.0,101.0
22017,1610612756,1610612755,Phoenix Suns,Philadelphia 76ers,PHX,PHI,2017-12-31,110.0,123.0
22017,1610612760,1610612742,Oklahoma City Thunder,Dallas Mavericks,OKC,DAL,2017-12-31,113.0,116.0
22017,1610612758,1610612763,Sacramento Kings,Memphis Grizzlies,SAC,MEM,2017-12-31,96.0,114.0
22017,1610612746,1610612766,LA Clippers,Charlotte Hornets,LAC,CHA,2017-12-31,106.0,98.0
22017,1610612754,1610612750,Indiana Pacers,Minnesota Timberwolves,IND,MIN,2017-12-31,90.0,107.0
22017,1610612764,1610612741,Washington Wizards,Chicago Bulls,WAS,CHI,2017-12-31,114.0,110.0
22017,1610612738,1610612751,Boston Celtics,Brooklyn Nets,BOS,BKN,2017-12-31,108.0,105.0
22017,1610612745,1610612747,Houston Rockets,Los Angeles Lakers,HOU,LAL,2017-12-31,148.0,142.0
22017,1610612751,1610612753,Brooklyn Nets,Orlando Magic,BKN,ORL,2018-01-01,98.0,95.0
22017,1610612761,1610612749,Toronto Raptors,Milwaukee Bucks,TOR,MIL,2018-01-01,131.0,127.0
22017,1610612750,1610612747,Minnesota Timberwolves,Los Angeles Lakers,MIN,LAL,2018-01-01,114.0,96.0
22017,1610612741,1610612757,Chicago Bulls,Portland Trail Blazers,CHI,POR,2018-01-01,120.0,124.0
22017,1610612752,1610612759,New York Knicks,San Antonio Spurs,NYK,SAS,2018-01-02,91.0,100.0
22017,1610612758,1610612766,Sacramento Kings,Charlotte Hornets,SAC,CHA,2018-01-02,111.0,131.0
22017,1610612746,1610612763,LA Clippers,Memphis Grizzlies,LAC,MEM,2018-01-02,113.0,105.0
22017,1610612756,1610612737,Phoenix Suns,Atlanta Hawks,PHX,ATL,2018-01-02,104.0,103.0
22017,1610612739,1610612757,Cleveland Cavaliers,Portland Trail Blazers,CLE,POR,2018-01-02,127.0,110.0
22017,1610612743,1610612756,Denver Nuggets,Phoenix Suns,DEN,PHX,2018-01-03,134.0,111.0
22017,1610612748,1610612765,Miami Heat,Detroit Pistons,MIA,DET,2018-01-03,111.0,104.0
22017,1610612749,1610612754,Milwaukee Bucks,Indiana Pacers,MIL,IND,2018-01-03,122.0,101.0
22017,1610612747,1610612760,Los Angeles Lakers,Oklahoma City Thunder,LAL,OKC,2018-01-03,96.0,133.0
22017,1610612753,1610612745,Orlando Magic,Houston Rockets,ORL,HOU,2018-01-03,98.0,116.0
22017,1610612755,1610612759,Philadelphia 76ers,San Antonio Spurs,PHI,SAS,2018-01-03,112.0,106.0
22017,1610612762,1610612740,Utah Jazz,New Orleans Pelicans,UTA,NOP,2018-01-03,98.0,108.0
22017,1610612741,1610612761,Chicago Bulls,Toronto Raptors,CHI,TOR,2018-01-03,115.0,124.0
22017,1610612742,1610612744,Dallas Mavericks,Golden State Warriors,DAL,GSW,2018-01-03,122.0,125.0
22017,1610612751,1610612750,Brooklyn Nets,Minnesota Timberwolves,BKN,MIN,2018-01-03,98.0,97.0
22017,1610612738,1610612739,Boston Celtics,Cleveland Cavaliers,BOS,CLE,2018-01-03,102.0,88.0
22017,1610612764,1610612752,Washington Wizards,New York Knicks,WAS,NYK,2018-01-03,121.0,103.0
22017,1610612745,1610612744,Houston Rockets,Golden State Warriors,HOU,GSW,2018-01-04,114.0,124.0
22017,1610612746,1610612760,LA Clippers,Oklahoma City Thunder,LAC,OKC,2018-01-04,117.0,127.0
22017,1610612743,1610612762,Denver Nuggets,Utah Jazz,DEN,UTA,2018-01-05,99.0,91.0
22017,1610612763,1610612764,Memphis Grizzlies,Washington Wizards,MEM,WAS,2018-01-05,100.0,102.0
22017,1610612759,1610612756,San Antonio Spurs,Phoenix Suns,SAS,PHX,2018-01-05,103.0,89.0
22017,1610612738,1610612750,Boston Celtics,Minnesota Timberwolves,BOS,MIN,2018-01-05,91.0,84.0
22017,1610612748,1610612752,Miami Heat,New York Knicks,MIA,NYK,2018-01-05,107.0,103.0
22017,1610612755,1610612765,Philadelphia 76ers,Detroit Pistons,PHI,DET,2018-01-05,114.0,78.0
22017,1610612757,1610612737,Portland Trail Blazers,Atlanta Hawks,POR,ATL,2018-01-05,110.0,89.0
22017,1610612749,1610612761,Milwaukee Bucks,Toronto Raptors,MIL,TOR,2018-01-05,110.0,129.0
22017,1610612742,1610612741,Dallas Mavericks,Chicago Bulls,DAL,CHI,2018-01-05,124.0,127.0
22017,1610612747,1610612766,Los Angeles Lakers,Charlotte Hornets,LAL,CHA,2018-01-05,94.0,108.0
22017,1610612750,1610612740,Minnesota Timberwolves,New Orleans Pelicans,MIN,NOP,2018-01-06,116.0,98.0
22017,1610612758,1610612743,Sacramento Kings,Denver Nuggets,SAC,DEN,2018-01-06,106.0,98.0
22017,1610612754,1610612741,Indiana Pacers,Chicago Bulls,IND,CHI,2018-01-06,125.0,86.0
22017,1610612753,1610612739,Orlando Magic,Cleveland Cavaliers,ORL,CLE,2018-01-06,127.0,131.0
22017,1610612765,1610612745,Detroit Pistons,Houston Rockets,DET,HOU,2018-01-06,108.0,101.0
22017,1610612764,1610612749,Washington Wizards,Milwaukee Bucks,WAS,MIL,2018-01-06,103.0,110.0
22017,1610612751,1610612738,Brooklyn Nets,Boston Celtics,BKN,BOS,2018-01-06,85.0,87.0
22017,1610612746,1610612744,LA Clippers,Golden State Warriors,LAC,GSW,2018-01-06,105.0,121.0
22017,1610612742,1610612752,Dallas Mavericks,New York Knicks,DAL,NYK,2018-01-07,96.0,100.0
22017,1610612747,1610612737,Los Angeles Lakers,Atlanta Hawks,LAL,ATL,2018-01-07,132.0,113.0
22017,1610612757,1610612759,Portland Trail Blazers,San Antonio Spurs,POR,SAS,2018-01-07,111.0,110.0
22017,1610612748,1610612762,Miami Heat,Utah Jazz,MIA,UTA,2018-01-07,103.0,102.0
22017,1610612756,1610612760,Phoenix Suns,Oklahoma City Thunder,PHX,OKC,2018-01-07,114.0,100.0
22017,1610612750,1610612739,Minnesota Timberwolves,Cleveland Cavaliers,MIN,CLE,2018-01-08,127.0,99.0
22017,1610612746,1610612737,LA Clippers,Atlanta Hawks,LAC,ATL,2018-01-08,108.0,107.0
22017,1610612740,1610612765,New Orleans Pelicans,Detroit Pistons,NOP,DET,2018-01-08,112.0,109.0
22017,1610612744,1610612743,Golden State Warriors,Denver Nuggets,GSW,DEN,2018-01-08,124.0,114.0
22017,1610612758,1610612759,Sacramento Kings,San Antonio Spurs,SAC,SAS,2018-01-08,100.0,107.0
22017,1610612741,1610612745,Chicago Bulls,Houston Rockets,CHI,HOU,2018-01-08,107.0,116.0
22017,1610612751,1610612761,Brooklyn Nets,Toronto Raptors,BKN,TOR,2018-01-08,113.0,114.0
22017,1610612754,1610612749,Indiana Pacers,Milwaukee Bucks,IND,MIL,2018-01-08,109.0,96.0
22017,1610612742,1610612753,Dallas Mavericks,Orlando Magic,DAL,ORL,2018-01-09,114.0,99.0
22017,1610612761,1610612748,Toronto Raptors,Miami Heat,TOR,MIA,2018-01-09,89.0,90.0
22017,1610612747,1610612758,Los Angeles Lakers,Sacramento Kings,LAL,SAC,2018-01-09,99.0,86.0
22017,1610612760,1610612757,Oklahoma City Thunder,Portland Trail Blazers,OKC,POR,2018-01-09,106.0,117.0
22017,1610612766,1610612742,Charlotte Hornets,Dallas Mavericks,CHA,DAL,2018-01-10,111.0,115.0
22017,1610612745,1610612757,Houston Rockets,Portland Trail Blazers,HOU,POR,2018-01-10,121.0,112.0
22017,1610612750,1610612760,Minnesota Timberwolves,Oklahoma City Thunder,MIN,OKC,2018-01-10,104.0,88.0
22017,1610612754,1610612748,Indiana Pacers,Miami Heat,IND,MIA,2018-01-10,106.0,114.0
22017,1610612764,1610612762,Washington Wizards,Utah Jazz,WAS,UTA,2018-01-10,104.0,107.0
22017,1610612752,1610612741,New York Knicks,Chicago Bulls,NYK,CHI,2018-01-10,119.0,122.0
22017,1610612763,1610612740,Memphis Grizzlies,New Orleans Pelicans,MEM,NOP,2018-01-10,105.0,102.0
22017,1610612751,1610612765,Brooklyn Nets,Detroit Pistons,BKN,DET,2018-01-10,80.0,114.0
22017,1610612749,1610612753,Milwaukee Bucks,Orlando Magic,MIL,ORL,2018-01-10,110.0,103.0
22017,1610612743,1610612737,Denver Nuggets,Atlanta Hawks,DEN,ATL,2018-01-10,97.0,110.0
22017,1610612744,1610612746,Golden State Warriors,LA Clippers,GSW,LAC,2018-01-10,106.0,125.0
22017,1610612747,1610612759,Los Angeles Lakers,San Antonio Spurs,LAL,SAS,2018-01-11,93.0,81.0
22017,1610612755,1610612738,Philadelphia 76ers,Boston Celtics,PHI,BOS,2018-01-11,103.0,114.0
22017,1610612758,1610612746,Sacramento Kings,LA Clippers,SAC,LAC,2018-01-11,115.0,121.0
22017,1610612761,1610612739,Toronto Raptors,Cleveland Cavaliers,TOR,CLE,2018-01-11,133.0,99.0
22017,1610612766,1610612762,Charlotte Hornets,Utah Jazz,CHA,UTA,2018-01-12,99.0,88.0
22017,1610612756,1610612745,Phoenix Suns,Houston Rockets,PHX,HOU,2018-01-12,95.0,112.0
22017,1610612764,1610612753,Washington Wizards,Orlando Magic,WAS,ORL,2018-01-12,125.0,119.0
22017,1610612754,1610612739,Indiana Pacers,Cleveland Cavaliers,IND,CLE,2018-01-12,97.0,95.0
22017,1610612743,1610612763,Denver Nuggets,Memphis Grizzlies,DEN,MEM,2018-01-12,87.0,78.0
22017,1610612737,1610612751,Atlanta Hawks,Brooklyn Nets,ATL,BKN,2018-01-12,105.0,110.0
22017,1610612749,1610612744,Milwaukee Bucks,Golden State Warriors,MIL,GSW,2018-01-12,94.0,108.0
22017,1610612740,1610612757,New Orleans Pelicans,Portland Trail Blazers,NOP,POR,2018-01-12,119.0,113.0
22017,1610612750,1610612752,Minnesota Timberwolves,New York Knicks,MIN,NYK,2018-01-12,118.0,108.0
22017,1610612761,1610612744,Toronto Raptors,Golden State Warriors,TOR,GSW,2018-01-13,125.0,127.0
22017,1610612741,1610612765,Chicago Bulls,Detroit Pistons,CHI,DET,2018-01-13,107.0,105.0
22017,1610612766,1610612760,Charlotte Hornets,Oklahoma City Thunder,CHA,OKC,2018-01-13,91.0,101.0
22017,1610612746,1610612758,LA Clippers,Sacramento Kings,LAC,SAC,2018-01-13,126.0,105.0
22017,1610612764,1610612751,Washington Wizards,Brooklyn Nets,WAS,BKN,2018-01-13,119.0,113.0
22017,1610612742,1610612747,Dallas Mavericks,Los Angeles Lakers,DAL,LAL,2018-01-13,101.0,107.0
22017,1610612759,1610612743,San Antonio Spurs,Denver Nuggets,SAS,DEN,2018-01-13,112.0,80.0
22017,1610612752,1610612740,New York Knicks,New Orleans Pelicans,NYK,NOP,2018-01-14,118.0,123.0
22017,1610612756,1610612754,Phoenix Suns,Indiana Pacers,PHX,IND,2018-01-14,97.0,120.0
22017,1610612748,1610612749,Miami Heat,Milwaukee Bucks,MIA,MIL,2018-01-14,97.0,79.0
22017,1610612750,1610612757,Minnesota Timberwolves,Portland Trail Blazers,MIN,POR,2018-01-14,120.0,103.0
22017,1610612760,1610612758,Oklahoma City Thunder,Sacramento Kings,OKC,SAC,2018-01-15,95.0,88.0
22017,1610612746,1610612745,LA Clippers,Houston Rockets,LAC,HOU,2018-01-15,113.0,102.0
22017,1610612755,1610612761,Philadelphia 76ers,Toronto Raptors,PHI,TOR,2018-01-15,117.0,111.0
22017,1610612762,1610612754,Utah Jazz,Indiana Pacers,UTA,IND,2018-01-15,94.0,109.0
22017,1610612764,1610612749,Washington Wizards,Milwaukee Bucks,WAS,MIL,2018-01-15,95.0,104.0
22017,1610612765,1610612766,Detroit Pistons,Charlotte Hornets,DET,CHA,2018-01-15,107.0,118.0
22017,1610612739,1610612744,Cleveland Cavaliers,Golden State Warriors,CLE,GSW,2018-01-15,108.0,118.0
22017,1610612751,1610612752,Brooklyn Nets,New York Knicks,BKN,NYK,2018-01-15,104.0,119.0
22017,1610612763,1610612747,Memphis Grizzlies,Los Angeles Lakers,MEM,LAL,2018-01-15,123.0,114.0
22017,1610612741,1610612748,Chicago Bulls,Miami Heat,CHI,MIA,2018-01-15,119.0,111.0
22017,1610612737,1610612759,Atlanta Hawks,San Antonio Spurs,ATL,SAS,2018-01-15,102.0,99.0
22017,1610612753,1610612750,Orlando Magic,Minnesota Timberwolves,ORL,MIN,2018-01-16,108.0,102.0
22017,1610612743,1610612742,Denver Nuggets,Dallas Mavericks,DEN,DAL,2018-01-16,105.0,102.0
22017,1610612757,1610612756,Portland Trail Blazers,Phoenix Suns,POR,PHX,2018-01-16,118.0,111.0
22017,1610612738,1610612740,Boston Celtics,New Orleans Pelicans,BOS,NOP,2018-01-16,113.0,116.0
22017,1610612746,1610612743,LA Clippers,Denver Nuggets,LAC,DEN,2018-01-17,109.0,104.0
22017,1610612763,1610612752,Memphis Grizzlies,New York Knicks,MEM,NYK,2018-01-17,105.0,99.0
22017,1610612751,1610612759,Brooklyn Nets,San Antonio Spurs,BKN,SAS,2018-01-17,95.0,100.0
22017,1610612741,1610612744,Chicago Bulls,Golden State Warriors,CHI,GSW,2018-01-17,112.0,119.0
22017,1610612761,1610612765,Toronto Raptors,Detroit Pistons,TOR,DET,2018-01-17,96.0,91.0
22017,1610612758,1610612762,Sacramento Kings,Utah Jazz,SAC,UTA,2018-01-17,105.0,120.0
22017,1610612766,1610612764,Charlotte Hornets,Washington Wizards,CHA,WAS,2018-01-17,133.0,109.0
22017,1610612737,1610612740,Atlanta Hawks,New Orleans Pelicans,ATL,NOP,2018-01-17,94.0,93.0
22017,1610612760,1610612747,Oklahoma City Thunder,Los Angeles Lakers,OKC,LAL,2018-01-17,114.0,90.0
22017,1610612749,1610612748,Milwaukee Bucks,Miami Heat,MIL,MIA,2018-01-17,101.0,106.0
22017,1610612739,1610612753,Cleveland Cavaliers,Orlando Magic,CLE,ORL,2018-01-18,104.0,103.0
22017,1610612745,1610612750,Houston Rockets,Minnesota Timberwolves,HOU,MIN,2018-01-18,116.0,98.0
22017,1610612757,1610612754,Portland Trail Blazers,Indiana Pacers,POR,IND,2018-01-18,100.0,86.0
22017,1610612738,1610612755,Boston Celtics,Philadelphia 76ers,BOS,PHI,2018-01-18,80.0,89.0
22017,1610612761,1610612759,Toronto Raptors,San Antonio Spurs,TOR,SAS,2018-01-19,86.0,83.0
22017,1610612751,1610612748,Brooklyn Nets,Miami Heat,BKN,MIA,2018-01-19,101.0,95.0
22017,1610612763,1610612758,Memphis Grizzlies,Sacramento Kings,MEM,SAC,2018-01-19,106.0,88.0
22017,1610612765,1610612764,Detroit Pistons,Washington Wizards,DET,WAS,2018-01-19,112.0,122.0
22017,1610612762,1610612752,Utah Jazz,New York Knicks,UTA,NYK,2018-01-19,115.0,117.0
22017,1610612743,1610612756,Denver Nuggets,Phoenix Suns,DEN,PHX,2018-01-19,100.0,108.0
22017,1610612747,1610612754,Los Angeles Lakers,Indiana Pacers,LAL,IND,2018-01-19,99.0,86.0
22017,1610612737,1610612741,Atlanta Hawks,Chicago Bulls,ATL,CHI,2018-01-20,97.0,113.0
22017,1610612757,1610612742,Portland Trail Blazers,Dallas Mavericks,POR,DAL,2018-01-20,117.0,108.0
22017,1610612762,1610612746,Utah Jazz,LA Clippers,UTA,LAC,2018-01-20,125.0,113.0
22017,1610612745,1610612744,Houston Rockets,Golden State Warriors,HOU,GSW,2018-01-20,116.0,108.0
22017,1610612739,1610612760,Cleveland Cavaliers,Oklahoma City Thunder,CLE,OKC,2018-01-20,124.0,148.0
22017,1610612750,1610612761,Minnesota Timberwolves,Toronto Raptors,MIN,TOR,2018-01-20,115.0,109.0
22017,1610612766,1610612748,Charlotte Hornets,Miami Heat,CHA,MIA,2018-01-20,105.0,106.0
22017,1610612740,1610612763,New Orleans Pelicans,Memphis Grizzlies,NOP,MEM,2018-01-20,111.0,104.0
22017,1610612755,1610612749,Philadelphia 76ers,Milwaukee Bucks,PHI,MIL,2018-01-20,116.0,94.0
22017,1610612747,1610612752,Los Angeles Lakers,New York Knicks,LAL,NYK,2018-01-21,127.0,107.0
22017,1610612765,1610612751,Detroit Pistons,Brooklyn Nets,DET,BKN,2018-01-21,100.0,101.0
22017,1610612759,1610612754,San Antonio Spurs,Indiana Pacers,SAS,IND,2018-01-21,86.0,94.0
22017,1610612738,1610612753,Boston Celtics,Orlando Magic,BOS,ORL,2018-01-21,95.0,103.0
22017,1610612746,1610612750,LA Clippers,Minnesota Timberwolves,LAC,MIN,2018-01-22,118.0,126.0
22017,1610612766,1610612758,Charlotte Hornets,Sacramento Kings,CHA,SAC,2018-01-22,112.0,107.0
22017,1610612737,1610612762,Atlanta Hawks,Utah Jazz,ATL,UTA,2018-01-22,104.0,90.0
22017,1610612745,1610612748,Houston Rockets,Miami Heat,HOU,MIA,2018-01-22,99.0,90.0
22017,1610612763,1610612755,Memphis Grizzlies,Philadelphia 76ers,MEM,PHI,2018-01-22,105.0,101.0
22017,1610612743,1610612757,Denver Nuggets,Portland Trail Blazers,DEN,POR,2018-01-22,104.0,101.0
22017,1610612742,1610612764,Dallas Mavericks,Washington Wizards,DAL,WAS,2018-01-22,98.0,75.0
22017,1610612749,1610612756,Milwaukee Bucks,Phoenix Suns,MIL,PHX,2018-01-22,109.0,105.0
22017,1610612740,1610612741,New Orleans Pelicans,Chicago Bulls,NOP,CHI,2018-01-22,132.0,128.0
22017,1610612760,1610612751,Oklahoma City Thunder,Brooklyn Nets,OKC,BKN,2018-01-23,109.0,108.0
22017,1610612744,1610612752,Golden State Warriors,New York Knicks,GSW,NYK,2018-01-23,123.0,112.0
22017,1610612747,1610612738,Los Angeles Lakers,Boston Celtics,LAL,BOS,2018-01-23,108.0,107.0
22017,1610612759,1610612739,San Antonio Spurs,Cleveland Cavaliers,SAS,CLE,2018-01-23,114.0,102.0
22017,1610612753,1610612758,Orlando Magic,Sacramento Kings,ORL,SAC,2018-01-23,99.0,105.0
22017,1610612737,1610612761,Atlanta Hawks,Toronto Raptors,ATL,TOR,2018-01-24,93.0,108.0
22017,1610612765,1610612762,Detroit Pistons,Utah Jazz,DET,UTA,2018-01-24,95.0,98.0
22017,1610612766,1610612740,Charlotte Hornets,New Orleans Pelicans,CHA,NOP,2018-01-24,96.0,101.0
22017,1610612746,1610612738,LA Clippers,Boston Celtics,LAC,BOS,2018-01-24,102.0,113.0
22017,1610612754,1610612756,Indiana Pacers,Phoenix Suns,IND,PHX,2018-01-24,116.0,101.0
22017,1610612742,1610612745,Dallas Mavericks,Houston Rockets,DAL,HOU,2018-01-24,97.0,104.0
22017,1610612757,1610612750,Portland Trail Blazers,Minnesota Timberwolves,POR,MIN,2018-01-24,123.0,114.0
22017,1610612763,1610612759,Memphis Grizzlies,San Antonio Spurs,MEM,SAS,2018-01-24,85.0,108.0
22017,1610612755,1610612741,Philadelphia 76ers,Chicago Bulls,PHI,CHI,2018-01-24,115.0,101.0
22017,1610612748,1610612758,Miami Heat,Sacramento Kings,MIA,SAC,2018-01-25,88.0,89.0
22017,1610612744,1610612750,Golden State Warriors,Minnesota Timberwolves,GSW,MIN,2018-01-25,126.0,113.0
22017,1610612760,1610612764,Oklahoma City Thunder,Washington Wizards,OKC,WAS,2018-01-25,121.0,112.0
22017,1610612743,1610612752,Denver Nuggets,New York Knicks,DEN,NYK,2018-01-25,130.0,118.0
22017,1610612766,1610612737,Charlotte Hornets,Atlanta Hawks,CHA,ATL,2018-01-26,121.0,110.0
22017,1610612742,1610612757,Dallas Mavericks,Portland Trail Blazers,DAL,POR,2018-01-26,93.0,107.0
22017,1610612761,1610612762,Toronto Raptors,Utah Jazz,TOR,UTA,2018-01-26,93.0,97.0
22017,1610612749,1610612751,Milwaukee Bucks,Brooklyn Nets,MIL,BKN,2018-01-26,116.0,91.0
22017,1610612741,1610612747,Chicago Bulls,Los Angeles Lakers,CHI,LAL,2018-01-26,103.0,108.0
22017,1610612759,1610612755,San Antonio Spurs,Philadelphia 76ers,SAS,PHI,2018-01-26,78.0,97.0
22017,1610612739,1610612754,Cleveland Cavaliers,Indiana Pacers,CLE,IND,2018-01-26,115.0,108.0
22017,1610612756,1610612752,Phoenix Suns,New York Knicks,PHX,NYK,2018-01-26,85.0,107.0
22017,1610612763,1610612746,Memphis Grizzlies,LA Clippers,MEM,LAC,2018-01-26,100.0,109.0
22017,1610612740,1610612745,New Orleans Pelicans,Houston Rockets,NOP,HOU,2018-01-26,115.0,113.0
22017,1610612748,1610612766,Miami Heat,Charlotte Hornets,MIA,CHA,2018-01-27,95.0,91.0
22017,1610612750,1610612751,Minnesota Timberwolves,Brooklyn Nets,MIN,BKN,2018-01-27,111.0,97.0
22017,1610612737,1610612764,Atlanta Hawks,Washington Wizards,ATL,WAS,2018-01-27,104.0,129.0
22017,1610612744,1610612738,Golden State Warriors,Boston Celtics,GSW,BOS,2018-01-27,109.0,105.0
22017,1610612743,1610612742,Denver Nuggets,Dallas Mavericks,DEN,DAL,2018-01-27,91.0,89.0
22017,1610612754,1610612753,Indiana Pacers,Orlando Magic,IND,ORL,2018-01-27,114.0,112.0
22017,1610612765,1610612760,Detroit Pistons,Oklahoma City Thunder,DET,OKC,2018-01-27,108.0,121.0
22017,1610612760,1610612755,Oklahoma City Thunder,Philadelphia 76ers,OKC,PHI,2018-01-28,122.0,112.0
22017,1610612761,1610612747,Toronto Raptors,Los Angeles Lakers,TOR,LAL,2018-01-28,123.0,111.0
22017,1610612745,1610612756,Houston Rockets,Phoenix Suns,HOU,PHX,2018-01-28,113.0,102.0
22017,1610612759,1610612758,San Antonio Spurs,Sacramento Kings,SAS,SAC,2018-01-28,113.0,98.0
22017,1610612741,1610612749,Chicago Bulls,Milwaukee Bucks,CHI,MIL,2018-01-28,96.0,110.0
22017,1610612739,1610612765,Cleveland Cavaliers,Detroit Pistons,CLE,DET,2018-01-28,121.0,104.0
22017,1610612740,1610612746,New Orleans Pelicans,LA Clippers,NOP,LAC,2018-01-28,103.0,112.0
22017,1610612754,1610612766,Indiana Pacers,Charlotte Hornets,IND,CHA,2018-01-29,105.0,96.0
22017,1610612743,1610612738,Denver Nuggets,Boston Celtics,DEN,BOS,2018-01-29,110.0,111.0
22017,1610612749,1610612755,Milwaukee Bucks,Philadelphia 76ers,MIL,PHI,2018-01-29,107.0,95.0
22017,1610612763,1610612756,Memphis Grizzlies,Phoenix Suns,MEM,PHX,2018-01-29,120.0,109.0
22017,1610612742,1610612748,Dallas Mavericks,Miami Heat,DAL,MIA,2018-01-29,88.0,95.0
22017,1610612737,1610612750,Atlanta Hawks,Minnesota Timberwolves,ATL,MIN,2018-01-29,105.0,100.0
22017,1610612745,1610612753,Houston Rockets,Orlando Magic,HOU,ORL,2018-01-30,114.0,107.0
22017,1610612762,1610612744,Utah Jazz,Golden State Warriors,UTA,GSW,2018-01-30,129.0,99.0
22017,1610612765,1610612739,Detroit Pistons,Cleveland Cavaliers,DET,CLE,2018-01-30,125.0,114.0
22017,1610612752,1610612751,New York Knicks,Brooklyn Nets,NYK,BKN,2018-01-30,111.0,95.0
22017,1610612746,1610612757,LA Clippers,Portland Trail Blazers,LAC,POR,2018-01-30,96.0,104.0
22017,1610612759,1610612743,San Antonio Spurs,Denver Nuggets,SAS,DEN,2018-01-30,106.0,104.0
22017,1610612740,1610612758,New Orleans Pelicans,Sacramento Kings,NOP,SAC,2018-01-30,103.0,114.0
22017,1610612761,1610612750,Toronto Raptors,Minnesota Timberwolves,TOR,MIN,2018-01-30,109.0,104.0
22017,1610612764,1610612760,Washington Wizards,Oklahoma City Thunder,WAS,OKC,2018-01-30,102.0,96.0
22017,1610612739,1610612748,Cleveland Cavaliers,Miami Heat,CLE,MIA,2018-01-31,91.0,89.0
22017,1610612751,1610612755,Brooklyn Nets,Philadelphia 76ers,BKN,PHI,2018-01-31,116.0,108.0
22017,1610612757,1610612741,Portland Trail Blazers,Chicago Bulls,POR,CHI,2018-01-31,124.0,108.0
22017,1610612753,1610612747,Orlando Magic,Los Angeles Lakers,ORL,LAL,2018-01-31,127.0,105.0
22017,1610612756,1610612742,Phoenix Suns,Dallas Mavericks,PHX,DAL,2018-01-31,102.0,88.0
22017,1610612737,1610612766,Atlanta Hawks,Charlotte Hornets,ATL,CHA,2018-01-31,110.0,123.0
22017,1610612738,1610612752,Boston Celtics,New York Knicks,BOS,NYK,2018-01-31,103.0,73.0
22017,1610612754,1610612763,Indiana Pacers,Memphis Grizzlies,IND,MEM,2018-01-31,105.0,101.0
22017,1610612743,1610612760,Denver Nuggets,Oklahoma City Thunder,DEN,OKC,2018-02-01,127.0,124.0
22017,1610612759,1610612745,San Antonio Spurs,Houston Rockets,SAS,HOU,2018-02-01,91.0,102.0
22017,1610612764,1610612761,Washington Wizards,Toronto Raptors,WAS,TOR,2018-02-01,122.0,119.0
22017,1610612765,1610612763,Detroit Pistons,Memphis Grizzlies,DET,MEM,2018-02-01,104.0,102.0
22017,1610612750,1610612749,Minnesota Timberwolves,Milwaukee Bucks,MIN,MIL,2018-02-01,108.0,89.0
22017,1610612761,1610612757,Toronto Raptors,Portland Trail Blazers,TOR,POR,2018-02-02,130.0,105.0
22017,1610612760,1610612740,Oklahoma City Thunder,New Orleans Pelicans,OKC,NOP,2018-02-02,100.0,114.0
22017,1610612758,1610612744,Sacramento Kings,Golden State Warriors,SAC,GSW,2018-02-02,104.0,119.0
22017,1610612766,1610612754,Charlotte Hornets,Indiana Pacers,CHA,IND,2018-02-02,133.0,126.0
22017,1610612756,1610612762,Phoenix Suns,Utah Jazz,PHX,UTA,2018-02-02,97.0,129.0
22017,1610612755,1610612748,Philadelphia 76ers,Miami Heat,PHI,MIA,2018-02-02,103.0,97.0
22017,1610612751,1610612747,Brooklyn Nets,Los Angeles Lakers,BKN,LAL,2018-02-02,99.0,102.0
22017,1610612738,1610612737,Boston Celtics,Atlanta Hawks,BOS,ATL,2018-02-02,119.0,110.0
22017,1610612749,1610612752,Milwaukee Bucks,New York Knicks,MIL,NYK,2018-02-02,92.0,90.0
22017,1610612753,1610612764,Orlando Magic,Washington Wizards,ORL,WAS,2018-02-03,98.0,115.0
22017,1610612746,1610612741,LA Clippers,Chicago Bulls,LAC,CHI,2018-02-03,113.0,103.0
22017,1610612759,1610612762,San Antonio Spurs,Utah Jazz,SAS,UTA,2018-02-03,111.0,120.0
22017,1610612758,1610612742,Sacramento Kings,Dallas Mavericks,SAC,DAL,2018-02-03,99.0,106.0
22017,1610612765,1610612748,Detroit Pistons,Miami Heat,DET,MIA,2018-02-03,111.0,107.0
22017,1610612743,1610612744,Denver Nuggets,Golden State Warriors,DEN,GSW,2018-02-03,115.0,108.0
22017,1610612754,1610612755,Indiana Pacers,Philadelphia 76ers,IND,PHI,2018-02-03,100.0,92.0
22017,1610612750,1610612740,Minnesota Timberwolves,New Orleans Pelicans,MIN,NOP,2018-02-03,118.0,107.0
22017,1610612739,1610612745,Cleveland Cavaliers,Houston Rockets,CLE,HOU,2018-02-03,88.0,120.0
22017,1610612751,1610612749,Brooklyn Nets,Milwaukee Bucks,BKN,MIL,2018-02-04,94.0,109.0
22017,1610612761,1610612763,Toronto Raptors,Memphis Grizzlies,TOR,MEM,2018-02-04,101.0,86.0
22017,1610612752,1610612737,New York Knicks,Atlanta Hawks,NYK,ATL,2018-02-04,96.0,99.0
22017,1610612760,1610612747,Oklahoma City Thunder,Los Angeles Lakers,OKC,LAL,2018-02-04,104.0,108.0
22017,1610612756,1610612766,Phoenix Suns,Charlotte Hornets,PHX,CHA,2018-02-04,110.0,115.0
22017,1610612738,1610612757,Boston Celtics,Portland Trail Blazers,BOS,POR,2018-02-04,97.0,96.0
22017,1610612758,1610612741,Sacramento Kings,Chicago Bulls,SAC,CHI,2018-02-05,104.0,98.0
22017,1610612740,1610612762,New Orleans Pelicans,Utah Jazz,NOP,UTA,2018-02-05,109.0,133.0
22017,1610612754,1610612764,Indiana Pacers,Washington Wizards,IND,WAS,2018-02-05,102.0,111.0
22017,1610612748,1610612753,Miami Heat,Orlando Magic,MIA,ORL,2018-02-05,109.0,111.0
22017,1610612746,1610612742,LA Clippers,Dallas Mavericks,LAC,DAL,2018-02-05,104.0,101.0
22017,1610612765,1610612757,Detroit Pistons,Portland Trail Blazers,DET,POR,2018-02-05,111.0,91.0
22017,1610612743,1610612766,Denver Nuggets,Charlotte Hornets,DEN,CHA,2018-02-05,121.0,104.0
22017,1610612752,1610612749,New York Knicks,Milwaukee Bucks,NYK,MIL,2018-02-06,89.0,103.0
22017,1610612737,1610612763,Atlanta Hawks,Memphis Grizzlies,ATL,MEM,2018-02-06,108.0,82.0
22017,1610612747,1610612756,Los Angeles Lakers,Phoenix Suns,LAL,PHX,2018-02-06,112.0,93.0
22017,1610612744,1610612760,Golden State Warriors,Oklahoma City Thunder,GSW,OKC,2018-02-06,105.0,125.0
22017,1610612751,1610612745,Brooklyn Nets,Houston Rockets,BKN,HOU,2018-02-06,113.0,123.0
22017,1610612761,1610612738,Toronto Raptors,Boston Celtics,TOR,BOS,2018-02-06,111.0,91.0
22017,1610612753,1610612739,Orlando Magic,Cleveland Cavaliers,ORL,CLE,2018-02-06,116.0,98.0
22017,1610612755,1610612764,Philadelphia 76ers,Washington Wizards,PHI,WAS,2018-02-06,115.0,102.0
22017,1610612756,1610612759,Phoenix Suns,San Antonio Spurs,PHX,SAS,2018-02-07,81.0,129.0
22017,1610612748,1610612745,Miami Heat,Houston Rockets,MIA,HOU,2018-02-07,101.0,109.0
22017,1610612763,1610612762,Memphis Grizzlies,Utah Jazz,MEM,UTA,2018-02-07,88.0,92.0
22017,1610612765,1610612751,Detroit Pistons,Brooklyn Nets,DET,BKN,2018-02-07,115.0,106.0
22017,1610612739,1610612750,Cleveland Cavaliers,Minnesota Timberwolves,CLE,MIN,2018-02-07,140.0,138.0
22017,1610612744,1610612742,Golden State Warriors,Dallas Mavericks,GSW,DAL,2018-02-08,121.0,103.0
22017,1610612761,1610612752,Toronto Raptors,New York Knicks,TOR,NYK,2018-02-08,113.0,88.0
22017,1610612753,1610612737,Orlando Magic,Atlanta Hawks,ORL,ATL,2018-02-08,100.0,98.0
22017,1610612757,1610612766,Portland Trail Blazers,Charlotte Hornets,POR,CHA,2018-02-08,109.0,103.0
22017,1610612764,1610612738,Washington Wizards,Boston Celtics,WAS,BOS,2018-02-08,104.0,110.0
22017,1610612747,1610612760,Los Angeles Lakers,Oklahoma City Thunder,LAL,OKC,2018-02-08,106.0,81.0
22017,1610612758,1610612757,Sacramento Kings,Portland Trail Blazers,SAC,POR,2018-02-09,100.0,118.0
22017,1610612748,1610612749,Miami Heat,Milwaukee Bucks,MIA,MIL,2018-02-09,91.0,85.0
22017,1610612741,1610612750,Chicago Bulls,Minnesota Timberwolves,CHI,MIN,2018-02-09,114.0,113.0
22017,1610612762,1610612766,Utah Jazz,Charlotte Hornets,UTA,CHA,2018-02-09,106.0,94.0
22017,1610612765,1610612746,Detroit Pistons,LA Clippers,DET,LAC,2018-02-09,95.0,108.0
22017,1610612738,1610612754,Boston Celtics,Indiana Pacers,BOS,IND,2018-02-09,91.0,97.0
22017,1610612755,1610612740,Philadelphia 76ers,New Orleans Pelicans,PHI,NOP,2018-02-09,100.0,82.0
22017,1610612745,1610612743,Houston Rockets,Denver Nuggets,HOU,DEN,2018-02-09,130.0,104.0
22017,1610612737,1610612739,Atlanta Hawks,Cleveland Cavaliers,ATL,CLE,2018-02-09,107.0,123.0
22017,1610612741,1610612764,Chicago Bulls,Washington Wizards,CHI,WAS,2018-02-10,90.0,101.0
22017,1610612755,1610612746,Philadelphia 76ers,LA Clippers,PHI,LAC,2018-02-10,112.0,98.0
22017,1610612753,1610612749,Orlando Magic,Milwaukee Bucks,ORL,MIL,2018-02-10,104.0,111.0
22017,1610612742,1610612747,Dallas Mavericks,Los Angeles Lakers,DAL,LAL,2018-02-10,130.0,123.0
22017,1610612744,1610612759,Golden State Warriors,San Antonio Spurs,GSW,SAS,2018-02-10,122.0,105.0
22017,1610612751,1610612740,Brooklyn Nets,New Orleans Pelicans,BKN,NOP,2018-02-10,128.0,138.0
22017,1610612756,1610612743,Phoenix Suns,Denver Nuggets,PHX,DEN,2018-02-10,113.0,123.0
22017,1610612745,1610612742,Houston Rockets,Dallas Mavericks,HOU,DAL,2018-02-11,104.0,97.0
22017,1610612750,1610612758,Minnesota Timberwolves,Sacramento Kings,MIN,SAC,2018-02-11,111.0,106.0
22017,1610612754,1610612752,Indiana Pacers,New York Knicks,IND,NYK,2018-02-11,121.0,113.0
22017,1610612760,1610612763,Oklahoma City Thunder,Memphis Grizzlies,OKC,MEM,2018-02-11,110.0,92.0
22017,1610612738,1610612739,Boston Celtics,Cleveland Cavaliers,BOS,CLE,2018-02-11,99.0,121.0
22017,1610612766,1610612761,Charlotte Hornets,Toronto Raptors,CHA,TOR,2018-02-11,103.0,123.0
22017,1610612737,1610612765,Atlanta Hawks,Detroit Pistons,ATL,DET,2018-02-11,118.0,115.0
22017,1610612757,1610612762,Portland Trail Blazers,Utah Jazz,POR,UTA,2018-02-11,96.0,115.0
22017,1610612762,1610612759,Utah Jazz,San Antonio Spurs,UTA,SAS,2018-02-12,101.0,99.0
22017,1610612765,1610612740,Detroit Pistons,New Orleans Pelicans,DET,NOP,2018-02-12,103.0,118.0
22017,1610612744,1610612756,Golden State Warriors,Phoenix Suns,GSW,PHX,2018-02-12,129.0,83.0
22017,1610612755,1610612752,Philadelphia 76ers,New York Knicks,PHI,NYK,2018-02-12,108.0,92.0
22017,1610612751,1610612746,Brooklyn Nets,LA Clippers,BKN,LAC,2018-02-12,101.0,114.0
22017,1610612741,1610612753,Chicago Bulls,Orlando Magic,CHI,ORL,2018-02-12,105.0,101.0
22017,1610612749,1610612737,Milwaukee Bucks,Atlanta Hawks,MIL,ATL,2018-02-13,97.0,92.0
22017,1610612761,1610612748,Toronto Raptors,Miami Heat,TOR,MIA,2018-02-13,115.0,112.0
22017,1610612742,1610612758,Dallas Mavericks,Sacramento Kings,DAL,SAC,2018-02-13,109.0,114.0
22017,1610612743,1610612759,Denver Nuggets,San Antonio Spurs,DEN,SAS,2018-02-13,117.0,109.0
22017,1610612750,1610612745,Minnesota Timberwolves,Houston Rockets,MIN,HOU,2018-02-13,108.0,126.0
22017,1610612760,1610612739,Oklahoma City Thunder,Cleveland Cavaliers,OKC,CLE,2018-02-13,112.0,120.0
22017,1610612740,1610612747,New Orleans Pelicans,Los Angeles Lakers,NOP,LAL,2018-02-14,139.0,117.0
22017,1610612751,1610612754,Brooklyn Nets,Indiana Pacers,BKN,IND,2018-02-14,103.0,108.0
22017,1610612753,1610612766,Orlando Magic,Charlotte Hornets,ORL,CHA,2018-02-14,102.0,104.0
22017,1610612755,1610612748,Philadelphia 76ers,Miami Heat,PHI,MIA,2018-02-14,104.0,102.0
22017,1610612752,1610612764,New York Knicks,Washington Wizards,NYK,WAS,2018-02-14,113.0,118.0
22017,1610612741,1610612761,Chicago Bulls,Toronto Raptors,CHI,TOR,2018-02-14,98.0,122.0
22017,1610612757,1610612744,Portland Trail Blazers,Golden State Warriors,POR,GSW,2018-02-14,123.0,117.0
22017,1610612745,1610612758,Houston Rockets,Sacramento Kings,HOU,SAC,2018-02-14,100.0,91.0
22017,1610612765,1610612737,Detroit Pistons,Atlanta Hawks,DET,ATL,2018-02-14,104.0,98.0
22017,1610612762,1610612756,Utah Jazz,Phoenix Suns,UTA,PHX,2018-02-14,107.0,97.0
22017,1610612738,1610612746,Boston Celtics,LA Clippers,BOS,LAC,2018-02-14,119.0,129.0
22017,1610612763,1610612760,Memphis Grizzlies,Oklahoma City Thunder,MEM,OKC,2018-02-14,114.0,121.0
22017,1610612750,1610612747,Minnesota Timberwolves,Los Angeles Lakers,MIN,LAL,2018-02-15,119.0,111.0
22017,1610612749,1610612743,Milwaukee Bucks,Denver Nuggets,MIL,DEN,2018-02-15,123.0,134.0
22017,1610612741,1610612755,Chicago Bulls,Philadelphia 76ers,CHI,PHI,2018-02-22,115.0,116.0
22017,1610612766,1610612751,Charlotte Hornets,Brooklyn Nets,CHA,BKN,2018-02-22,111.0,96.0
22017,1610612758,1610612760,Sacramento Kings,Oklahoma City Thunder,SAC,OKC,2018-02-22,107.0,110.0
22017,1610612744,1610612746,Golden State Warriors,LA Clippers,GSW,LAC,2018-02-22,134.0,127.0
22017,1610612753,1610612752,Orlando Magic,New York Knicks,ORL,NYK,2018-02-22,113.0,120.0
22017,1610612739,1610612764,Cleveland Cavaliers,Washington Wizards,CLE,WAS,2018-02-22,103.0,110.0
22017,1610612747,1610612742,Los Angeles Lakers,Dallas Mavericks,LAL,DAL,2018-02-23,124.0,102.0
22017,1610612763,1610612739,Memphis Grizzlies,Cleveland Cavaliers,MEM,CLE,2018-02-23,89.0,112.0
22017,1610612761,1610612749,Toronto Raptors,Milwaukee Bucks,TOR,MIL,2018-02-23,119.0,122.0
22017,1610612754,1610612737,Indiana Pacers,Atlanta Hawks,IND,ATL,2018-02-23,116.0,93.0
22017,1610612743,1610612759,Denver Nuggets,San Antonio Spurs,DEN,SAS,2018-02-23,122.0,119.0
22017,1610612740,1610612748,New Orleans Pelicans,Miami Heat,NOP,MIA,2018-02-23,124.0,123.0
22017,1610612765,1610612738,Detroit Pistons,Boston Celtics,DET,BOS,2018-02-23,98.0,110.0
22017,1610612764,1610612766,Washington Wizards,Charlotte Hornets,WAS,CHA,2018-02-23,105.0,122.0
22017,1610612756,1610612746,Phoenix Suns,LA Clippers,PHX,LAC,2018-02-23,117.0,128.0
22017,1610612745,1610612750,Houston Rockets,Minnesota Timberwolves,HOU,MIN,2018-02-23,120.0,102.0
22017,1610612762,1610612757,Utah Jazz,Portland Trail Blazers,UTA,POR,2018-02-23,81.0,100.0
22017,1610612762,1610612742,Utah Jazz,Dallas Mavericks,UTA,DAL,2018-02-24,97.0,90.0
22017,1610612748,1610612763,Miami Heat,Memphis Grizzlies,MIA,MEM,2018-02-24,115.0,89.0
22017,1610612758,1610612747,Sacramento Kings,Los Angeles Lakers,SAC,LAL,2018-02-24,108.0,113.0
22017,1610612750,1610612741,Minnesota Timberwolves,Chicago Bulls,MIN,CHI,2018-02-24,122.0,104.0
22017,1610612744,1610612760,Golden State Warriors,Oklahoma City Thunder,GSW,OKC,2018-02-24,112.0,80.0
22017,1610612752,1610612738,New York Knicks,Boston Celtics,NYK,BOS,2018-02-24,112.0,121.0
22017,1610612756,1610612757,Phoenix Suns,Portland Trail Blazers,PHX,POR,2018-02-24,104.0,106.0
22017,1610612755,1610612753,Philadelphia 76ers,Orlando Magic,PHI,ORL,2018-02-24,116.0,105.0
22017,1610612766,1610612765,Charlotte Hornets,Detroit Pistons,CHA,DET,2018-02-25,114.0,98.0
22017,1610612764,1610612755,Washington Wizards,Philadelphia 76ers,WAS,PHI,2018-02-25,109.0,94.0
22017,1610612739,1610612759,Cleveland Cavaliers,San Antonio Spurs,CLE,SAS,2018-02-25,94.0,110.0
22017,1610612749,1610612740,Milwaukee Bucks,New Orleans Pelicans,MIL,NOP,2018-02-25,121.0,123.0
22017,1610612743,1610612745,Denver Nuggets,Houston Rockets,DEN,HOU,2018-02-25,114.0,119.0
22017,1610612752,1610612744,New York Knicks,Golden State Warriors,NYK,GSW,2018-02-26,111.0,125.0
22017,1610612762,1610612745,Utah Jazz,Houston Rockets,UTA,HOU,2018-02-26,85.0,96.0
22017,1610612740,1610612756,New Orleans Pelicans,Phoenix Suns,NOP,PHX,2018-02-26,125.0,116.0
22017,1610612760,1610612753,Oklahoma City Thunder,Orlando Magic,OKC,ORL,2018-02-26,112.0,105.0
22017,1610612758,1610612750,Sacramento Kings,Minnesota Timberwolves,SAC,MIN,2018-02-26,100.0,118.0
22017,1610612737,1610612747,Atlanta Hawks,Los Angeles Lakers,ATL,LAL,2018-02-26,104.0,123.0
22017,1610612738,1610612763,Boston Celtics,Memphis Grizzlies,BOS,MEM,2018-02-26,109.0,98.0
22017,1610612751,1610612741,Brooklyn Nets,Chicago Bulls,BKN,CHI,2018-02-26,104.0,87.0
22017,1610612761,1610612765,Toronto Raptors,Detroit Pistons,TOR,DET,2018-02-26,123.0,94.0
22017,1610612742,1610612754,Dallas Mavericks,Indiana Pacers,DAL,IND,2018-02-26,109.0,103.0
22017,1610612766,1610612741,Charlotte Hornets,Chicago Bulls,CHA,CHI,2018-02-27,118.0,103.0
22017,1610612739,1610612751,Cleveland Cavaliers,Brooklyn Nets,CLE,BKN,2018-02-27,129.0,123.0
22017,1610612749,1610612764,Milwaukee Bucks,Washington Wizards,MIL,WAS,2018-02-27,104.0,107.0
22017,1610612757,1610612758,Portland Trail Blazers,Sacramento Kings,POR,SAC,2018-02-27,116.0,99.0
22017,1610612748,1610612755,Miami Heat,Philadelphia 76ers,MIA,PHI,2018-02-27,102.0,101.0
22017,1610612743,1610612746,Denver Nuggets,LA Clippers,DEN,LAC,2018-02-27,120.0,122.0
22017,1610612742,1610612760,Dallas Mavericks,Oklahoma City Thunder,DAL,OKC,2018-02-28,110.0,111.0
22017,1610612764,1610612744,Washington Wizards,Golden State Warriors,WAS,GSW,2018-02-28,101.0,109.0
22017,1610612763,1610612756,Memphis Grizzlies,Phoenix Suns,MEM,PHX,2018-02-28,102.0,110.0
22017,1610612765,1610612749,Detroit Pistons,Milwaukee Bucks,DET,MIL,2018-02-28,110.0,87.0
22017,1610612738,1610612766,Boston Celtics,Charlotte Hornets,BOS,CHA,2018-02-28,134.0,106.0
22017,1610612753,1610612761,Orlando Magic,Toronto Raptors,ORL,TOR,2018-02-28,104.0,117.0
22017,1610612759,1610612740,San Antonio Spurs,New Orleans Pelicans,SAS,NOP,2018-02-28,116.0,121.0
22017,1610612737,1610612754,Atlanta Hawks,Indiana Pacers,ATL,IND,2018-02-28,107.0,102.0
22017,1610612746,1610612745,LA Clippers,Houston Rockets,LAC,HOU,2018-02-28,92.0,105.0
22017,1610612739,1610612755,Cleveland Cavaliers,Philadelphia 76ers,CLE,PHI,2018-03-01,97.0,108.0
22017,1610612757,1610612750,Portland Trail Blazers,Minnesota Timberwolves,POR,MIN,2018-03-01,108.0,99.0
22017,1610612748,1610612747,Miami Heat,Los Angeles Lakers,MIA,LAL,2018-03-01,113.0,131.0
22017,1610612758,1610612751,Sacramento Kings,Brooklyn Nets,SAC,BKN,2018-03-01,116.0,111.0
22017,1610612756,1610612760,Phoenix Suns,Oklahoma City Thunder,PHX,OKC,2018-03-02,116.0,124.0
22017,1610612749,1610612754,Milwaukee Bucks,Indiana Pacers,MIL,IND,2018-03-02,96.0,103.0
22017,1610612741,1610612742,Chicago Bulls,Dallas Mavericks,CHI,DAL,2018-03-02,108.0,100.0
22017,1610612753,1610612765,Orlando Magic,Detroit Pistons,ORL,DET,2018-03-02,115.0,106.0
22017,1610612764,1610612761,Washington Wizards,Toronto Raptors,WAS,TOR,2018-03-02,95.0,102.0
22017,1610612737,1610612744,Atlanta Hawks,Golden State Warriors,ATL,GSW,2018-03-02,109.0,114.0
22017,1610612762,1610612750,Utah Jazz,Minnesota Timberwolves,UTA,MIN,2018-03-02,116.0,108.0
22017,1610612763,1610612743,Memphis Grizzlies,Denver Nuggets,MEM,DEN,2018-03-02,102.0,108.0
22017,1610612755,1610612766,Philadelphia 76ers,Charlotte Hornets,PHI,CHA,2018-03-02,110.0,99.0
22017,1610612746,1610612752,LA Clippers,New York Knicks,LAC,NYK,2018-03-02,128.0,105.0
22017,1610612757,1610612760,Portland Trail Blazers,Oklahoma City Thunder,POR,OKC,2018-03-03,108.0,100.0
22017,1610612759,1610612747,San Antonio Spurs,Los Angeles Lakers,SAS,LAL,2018-03-03,112.0,116.0
22017,1610612745,1610612738,Houston Rockets,Boston Celtics,HOU,BOS,2018-03-03,123.0,120.0
22017,1610612758,1610612762,Sacramento Kings,Utah Jazz,SAC,UTA,2018-03-03,91.0,98.0
22017,1610612739,1610612743,Cleveland Cavaliers,Denver Nuggets,CLE,DEN,2018-03-03,117.0,126.0
22017,1610612748,1610612765,Miami Heat,Detroit Pistons,MIA,DET,2018-03-03,105.0,96.0
22017,1610612753,1610612763,Orlando Magic,Memphis Grizzlies,ORL,MEM,2018-03-03,107.0,100.0
22017,1610612764,1610612754,Washington Wizards,Indiana Pacers,WAS,IND,2018-03-04,95.0,98.0
22017,1610612758,1610612752,Sacramento Kings,New York Knicks,SAC,NYK,2018-03-04,102.0,99.0
22017,1610612749,1610612755,Milwaukee Bucks,Philadelphia 76ers,MIL,PHI,2018-03-04,118.0,110.0
22017,1610612746,1610612751,LA Clippers,Brooklyn Nets,LAC,BKN,2018-03-04,123.0,120.0
22017,1610612742,1610612740,Dallas Mavericks,New Orleans Pelicans,DAL,NOP,2018-03-04,109.0,126.0
22017,1610612737,1610612756,Atlanta Hawks,Phoenix Suns,ATL,PHX,2018-03-04,113.0,112.0
22017,1610612761,1610612766,Toronto Raptors,Charlotte Hornets,TOR,CHA,2018-03-04,103.0,98.0
22017,1610612739,1610612765,Cleveland Cavaliers,Detroit Pistons,CLE,DET,2018-03-05,112.0,90.0
22017,1610612747,1610612757,Los Angeles Lakers,Portland Trail Blazers,LAL,POR,2018-03-05,103.0,108.0
22017,1610612748,1610612756,Miami Heat,Phoenix Suns,MIA,PHX,2018-03-05,125.0,103.0
22017,1610612759,1610612763,San Antonio Spurs,Memphis Grizzlies,SAS,MEM,2018-03-05,100.0,98.0
22017,1610612754,1610612749,Indiana Pacers,Milwaukee Bucks,IND,MIL,2018-03-05,92.0,89.0
22017,1610612741,1610612738,Chicago Bulls,Boston Celtics,CHI,BOS,2018-03-05,89.0,105.0
22017,1610612762,1610612753,Utah Jazz,Orlando Magic,UTA,ORL,2018-03-05,94.0,80.0
22017,1610612764,1610612748,Washington Wizards,Miami Heat,WAS,MIA,2018-03-06,117.0,113.0
22017,1610612760,1610612745,Oklahoma City Thunder,Houston Rockets,OKC,HOU,2018-03-06,112.0,122.0
22017,1610612744,1610612751,Golden State Warriors,Brooklyn Nets,GSW,BKN,2018-03-06,114.0,101.0
22017,1610612761,1610612737,Toronto Raptors,Atlanta Hawks,TOR,ATL,2018-03-06,106.0,90.0
22017,1610612742,1610612743,Dallas Mavericks,Denver Nuggets,DAL,DEN,2018-03-06,118.0,107.0
22017,1610612757,1610612752,Portland Trail Blazers,New York Knicks,POR,NYK,2018-03-06,111.0,87.0
22017,1610612766,1610612755,Charlotte Hornets,Philadelphia 76ers,CHA,PHI,2018-03-06,114.0,128.0
22017,1610612746,1610612740,LA Clippers,New Orleans Pelicans,LAC,NOP,2018-03-06,116.0,121.0
22017,1610612758,1610612740,Sacramento Kings,New Orleans Pelicans,SAC,NOP,2018-03-07,101.0,114.0
22017,1610612747,1610612753,Los Angeles Lakers,Orlando Magic,LAL,ORL,2018-03-07,108.0,107.0
22017,1610612749,1610612745,Milwaukee Bucks,Houston Rockets,MIL,HOU,2018-03-07,99.0,110.0
22017,1610612743,1610612739,Denver Nuggets,Cleveland Cavaliers,DEN,CLE,2018-03-07,108.0,113.0
22017,1610612741,1610612763,Chicago Bulls,Memphis Grizzlies,CHI,MEM,2018-03-07,119.0,110.0
22017,1610612754,1610612762,Indiana Pacers,Utah Jazz,IND,UTA,2018-03-07,84.0,104.0
22017,1610612765,1610612761,Detroit Pistons,Toronto Raptors,DET,TOR,2018-03-07,119.0,121.0
22017,1610612766,1610612751,Charlotte Hornets,Brooklyn Nets,CHA,BKN,2018-03-08,111.0,125.0
22017,1610612744,1610612759,Golden State Warriors,San Antonio Spurs,GSW,SAS,2018-03-08,110.0,107.0
22017,1610612748,1610612755,Miami Heat,Philadelphia 76ers,MIA,PHI,2018-03-08,108.0,99.0
22017,1610612760,1610612756,Oklahoma City Thunder,Phoenix Suns,OKC,PHX,2018-03-08,115.0,87.0
22017,1610612750,1610612738,Minnesota Timberwolves,Boston Celtics,MIN,BOS,2018-03-08,109.0,117.0
22017,1610612749,1610612752,Milwaukee Bucks,New York Knicks,MIL,NYK,2018-03-09,120.0,112.0
22017,1610612758,1610612753,Sacramento Kings,Orlando Magic,SAC,ORL,2018-03-09,94.0,88.0
22017,1610612743,1610612747,Denver Nuggets,Los Angeles Lakers,DEN,LAL,2018-03-09,125.0,116.0
22017,1610612746,1610612739,LA Clippers,Cleveland Cavaliers,LAC,CLE,2018-03-09,116.0,102.0
22017,1610612761,1610612745,Toronto Raptors,Houston Rockets,TOR,HOU,2018-03-09,108.0,105.0
22017,1610612765,1610612741,Detroit Pistons,Chicago Bulls,DET,CHI,2018-03-09,99.0,83.0
22017,1610612754,1610612737,Indiana Pacers,Atlanta Hawks,IND,ATL,2018-03-09,112.0,87.0
22017,1610612763,1610612762,Memphis Grizzlies,Utah Jazz,MEM,UTA,2018-03-09,78.0,95.0
22017,1610612740,1610612764,New Orleans Pelicans,Washington Wizards,NOP,WAS,2018-03-09,97.0,116.0
22017,1610612757,1610612744,Portland Trail Blazers,Golden State Warriors,POR,GSW,2018-03-09,125.0,108.0
22017,1610612746,1610612753,LA Clippers,Orlando Magic,LAC,ORL,2018-03-10,113.0,105.0
22017,1610612742,1610612763,Dallas Mavericks,Memphis Grizzlies,DAL,MEM,2018-03-10,114.0,80.0
22017,1610612766,1610612756,Charlotte Hornets,Phoenix Suns,CHA,PHX,2018-03-10,122.0,115.0
22017,1610612748,1610612764,Miami Heat,Washington Wizards,MIA,WAS,2018-03-10,129.0,102.0
22017,1610612760,1610612759,Oklahoma City Thunder,San Antonio Spurs,OKC,SAS,2018-03-10,104.0,94.0
22017,1610612737,1610612741,Atlanta Hawks,Chicago Bulls,ATL,CHI,2018-03-11,122.0,129.0
22017,1610612750,1610612744,Minnesota Timberwolves,Golden State Warriors,MIN,GSW,2018-03-11,109.0,103.0
22017,1610612751,1610612755,Brooklyn Nets,Philadelphia 76ers,BKN,PHI,2018-03-11,97.0,120.0
22017,1610612740,1610612762,New Orleans Pelicans,Utah Jazz,NOP,UTA,2018-03-11,99.0,116.0
22017,1610612747,1610612739,Los Angeles Lakers,Cleveland Cavaliers,LAL,CLE,2018-03-11,127.0,113.0
22017,1610612742,1610612745,Dallas Mavericks,Houston Rockets,DAL,HOU,2018-03-11,82.0,105.0
22017,1610612738,1610612754,Boston Celtics,Indiana Pacers,BOS,IND,2018-03-11,97.0,99.0
22017,1610612752,1610612761,New York Knicks,Toronto Raptors,NYK,TOR,2018-03-11,106.0,132.0
22017,1610612743,1610612758,Denver Nuggets,Sacramento Kings,DEN,SAC,2018-03-11,130.0,104.0
22017,1610612745,1610612759,Houston Rockets,San Antonio Spurs,HOU,SAS,2018-03-12,109.0,93.0
22017,1610612760,1610612758,Oklahoma City Thunder,Sacramento Kings,OKC,SAC,2018-03-12,106.0,101.0
22017,1610612757,1610612748,Portland Trail Blazers,Miami Heat,POR,MIA,2018-03-12,115.0,99.0
22017,1610612763,1610612749,Memphis Grizzlies,Milwaukee Bucks,MEM,MIL,2018-03-12,103.0,121.0
22017,1610612762,1610612765,Utah Jazz,Detroit Pistons,UTA,DET,2018-03-13,110.0,79.0
22017,1610612751,1610612761,Brooklyn Nets,Toronto Raptors,BKN,TOR,2018-03-13,102.0,116.0
22017,1610612747,1610612743,Los Angeles Lakers,Denver Nuggets,LAL,DEN,2018-03-13,112.0,103.0
22017,1610612755,1610612754,Philadelphia 76ers,Indiana Pacers,PHI,IND,2018-03-13,98.0,101.0
22017,1610612756,1610612739,Phoenix Suns,Cleveland Cavaliers,PHX,CLE,2018-03-13,107.0,129.0
22017,1610612740,1610612766,New Orleans Pelicans,Charlotte Hornets,NOP,CHA,2018-03-13,119.0,115.0
22017,1610612764,1610612750,Washington Wizards,Minnesota Timberwolves,WAS,MIN,2018-03-13,111.0,116.0
22017,1610612752,1610612742,New York Knicks,Dallas Mavericks,NYK,DAL,2018-03-13,97.0,110.0
22017,1610612737,1610612760,Atlanta Hawks,Oklahoma City Thunder,ATL,OKC,2018-03-13,107.0,119.0
22017,1610612759,1610612753,San Antonio Spurs,Orlando Magic,SAS,ORL,2018-03-13,108.0,72.0
22017,1610612741,1610612746,Chicago Bulls,LA Clippers,CHI,LAC,2018-03-13,106.0,112.0
22017,1610612738,1610612764,Boston Celtics,Washington Wizards,BOS,WAS,2018-03-14,124.0,125.0
22017,1610612758,1610612748,Sacramento Kings,Miami Heat,SAC,MIA,2018-03-14,123.0,119.0
22017,1610612744,1610612747,Golden State Warriors,Los Angeles Lakers,GSW,LAL,2018-03-14,117.0,106.0
22017,1610612753,1610612749,Orlando Magic,Milwaukee Bucks,ORL,MIL,2018-03-14,126.0,117.0
22017,1610612763,1610612741,Memphis Grizzlies,Chicago Bulls,MEM,CHI,2018-03-15,110.0,111.0
22017,1610612752,1610612755,New York Knicks,Philadelphia 76ers,NYK,PHI,2018-03-15,110.0,118.0
22017,1610612745,1610612746,Houston Rockets,LA Clippers,HOU,LAC,2018-03-15,101.0,96.0
22017,1610612757,1610612739,Portland Trail Blazers,Cleveland Cavaliers,POR,CLE,2018-03-15,113.0,105.0
22017,1610612737,1610612766,Atlanta Hawks,Charlotte Hornets,ATL,CHA,2018-03-15,117.0,129.0
22017,1610612743,1610612765,Denver Nuggets,Detroit Pistons,DEN,DET,2018-03-15,120.0,113.0
22017,1610612762,1610612756,Utah Jazz,Phoenix Suns,UTA,PHX,2018-03-15,116.0,88.0
22017,1610612759,1610612740,San Antonio Spurs,New Orleans Pelicans,SAS,NOP,2018-03-15,98.0,93.0
22017,1610612754,1610612761,Indiana Pacers,Toronto Raptors,IND,TOR,2018-03-15,99.0,106.0
22017,1610612760,1610612746,Oklahoma City Thunder,LA Clippers,OKC,LAC,2018-03-16,121.0,113.0
22017,1610612755,1610612751,Philadelphia 76ers,Brooklyn Nets,PHI,BKN,2018-03-16,120.0,116.0
22017,1610612744,1610612758,Golden State Warriors,Sacramento Kings,GSW,SAC,2018-03-16,93.0,98.0
22017,1610612753,1610612738,Orlando Magic,Boston Celtics,ORL,BOS,2018-03-16,83.0,92.0
22017,1610612761,1610612742,Toronto Raptors,Dallas Mavericks,TOR,DAL,2018-03-16,122.0,115.0
22017,1610612747,1610612748,Los Angeles Lakers,Miami Heat,LAL,MIA,2018-03-16,91.0,92.0
22017,1610612764,1610612754,Washington Wizards,Indiana Pacers,WAS,IND,2018-03-17,109.0,102.0
22017,1610612741,1610612739,Chicago Bulls,Cleveland Cavaliers,CHI,CLE,2018-03-17,109.0,114.0
22017,1610612763,1610612743,Memphis Grizzlies,Denver Nuggets,MEM,DEN,2018-03-17,101.0,94.0
22017,1610612762,1610612758,Utah Jazz,Sacramento Kings,UTA,SAC,2018-03-17,103.0,97.0
22017,1610612752,1610612766,New York Knicks,Charlotte Hornets,NYK,CHA,2018-03-17,124.0,101.0
22017,1610612757,1610612765,Portland Trail Blazers,Detroit Pistons,POR,DET,2018-03-17,100.0,87.0
22017,1610612749,1610612737,Milwaukee Bucks,Atlanta Hawks,MIL,ATL,2018-03-17,122.0,117.0
22017,1610612756,1610612744,Phoenix Suns,Golden State Warriors,PHX,GSW,2018-03-17,109.0,124.0
22017,1610612751,1610612742,Brooklyn Nets,Dallas Mavericks,BKN,DAL,2018-03-17,114.0,106.0
22017,1610612740,1610612745,New Orleans Pelicans,Houston Rockets,NOP,HOU,2018-03-17,101.0,107.0
22017,1610612759,1610612750,San Antonio Spurs,Minnesota Timberwolves,SAS,MIN,2018-03-17,117.0,101.0
22017,1610612740,1610612738,New Orleans Pelicans,Boston Celtics,NOP,BOS,2018-03-18,108.0,89.0
22017,1610612761,1610612760,Toronto Raptors,Oklahoma City Thunder,TOR,OKC,2018-03-18,125.0,132.0
22017,1610612750,1610612745,Minnesota Timberwolves,Houston Rockets,MIN,HOU,2018-03-18,120.0,129.0
22017,1610612746,1610612757,LA Clippers,Portland Trail Blazers,LAC,POR,2018-03-18,109.0,122.0
22017,1610612752,1610612741,New York Knicks,Chicago Bulls,NYK,CHI,2018-03-19,110.0,92.0
22017,1610612739,1610612749,Cleveland Cavaliers,Milwaukee Bucks,CLE,MIL,2018-03-19,124.0,117.0
22017,1610612758,1610612765,Sacramento Kings,Detroit Pistons,SAC,DET,2018-03-19,90.0,106.0
22017,1610612754,1610612747,Indiana Pacers,Los Angeles Lakers,IND,LAL,2018-03-19,110.0,100.0
22017,1610612759,1610612744,San Antonio Spurs,Golden State Warriors,SAS,GSW,2018-03-19,89.0,75.0
22017,1610612748,1610612743,Miami Heat,Denver Nuggets,MIA,DEN,2018-03-19,149.0,141.0
22017,1610612751,1610612763,Brooklyn Nets,Memphis Grizzlies,BKN,MEM,2018-03-19,118.0,115.0
22017,1610612755,1610612766,Philadelphia 76ers,Charlotte Hornets,PHI,CHA,2018-03-19,108.0,94.0
22017,1610612750,1610612746,Minnesota Timberwolves,LA Clippers,MIN,LAC,2018-03-20,123.0,109.0
22017,1610612756,1610612765,Phoenix Suns,Detroit Pistons,PHX,DET,2018-03-20,88.0,115.0
22017,1610612753,1610612761,Orlando Magic,Toronto Raptors,ORL,TOR,2018-03-20,86.0,93.0
22017,1610612740,1610612742,New Orleans Pelicans,Dallas Mavericks,NOP,DAL,2018-03-20,115.0,105.0
22017,1610612762,1610612737,Utah Jazz,Atlanta Hawks,UTA,ATL,2018-03-20,94.0,99.0
22017,1610612757,1610612745,Portland Trail Blazers,Houston Rockets,POR,HOU,2018-03-20,111.0,115.0
22017,1610612738,1610612760,Boston Celtics,Oklahoma City Thunder,BOS,OKC,2018-03-20,100.0,99.0
22017,1610612759,1610612764,San Antonio Spurs,Washington Wizards,SAS,WAS,2018-03-21,98.0,90.0
22017,1610612751,1610612766,Brooklyn Nets,Charlotte Hornets,BKN,CHA,2018-03-21,105.0,111.0
22017,1610612748,1610612752,Miami Heat,New York Knicks,MIA,NYK,2018-03-21,119.0,98.0
22017,1610612749,1610612746,Milwaukee Bucks,LA Clippers,MIL,LAC,2018-03-21,120.0,127.0
22017,1610612741,1610612743,Chicago Bulls,Denver Nuggets,CHI,DEN,2018-03-21,102.0,135.0
22017,1610612740,1610612754,New Orleans Pelicans,Indiana Pacers,NOP,IND,2018-03-21,96.0,92.0
22017,1610612755,1610612763,Philadelphia 76ers,Memphis Grizzlies,PHI,MEM,2018-03-21,119.0,105.0
22017,1610612739,1610612761,Cleveland Cavaliers,Toronto Raptors,CLE,TOR,2018-03-21,132.0,129.0
22017,1610612766,1610612763,Charlotte Hornets,Memphis Grizzlies,CHA,MEM,2018-03-22,140.0,79.0
22017,1610612745,1610612765,Houston Rockets,Detroit Pistons,HOU,DET,2018-03-22,100.0,96.0
22017,1610612758,1610612737,Sacramento Kings,Atlanta Hawks,SAC,ATL,2018-03-22,105.0,90.0
22017,1610612742,1610612762,Dallas Mavericks,Utah Jazz,DAL,UTA,2018-03-22,112.0,119.0
22017,1610612740,1610612747,New Orleans Pelicans,Los Angeles Lakers,NOP,LAL,2018-03-22,128.0,125.0
22017,1610612753,1610612755,Orlando Magic,Philadelphia 76ers,ORL,PHI,2018-03-22,98.0,118.0
22017,1610612741,1610612749,Chicago Bulls,Milwaukee Bucks,CHI,MIL,2018-03-23,105.0,118.0
22017,1610612739,1610612756,Cleveland Cavaliers,Phoenix Suns,CLE,PHX,2018-03-23,120.0,95.0
22017,1610612759,1610612762,San Antonio Spurs,Utah Jazz,SAS,UTA,2018-03-23,124.0,120.0
22017,1610612761,1610612751,Toronto Raptors,Brooklyn Nets,TOR,BKN,2018-03-23,116.0,112.0
22017,1610612744,1610612737,Golden State Warriors,Atlanta Hawks,GSW,ATL,2018-03-23,106.0,94.0
22017,1610612752,1610612750,New York Knicks,Minnesota Timberwolves,NYK,MIN,2018-03-23,104.0,108.0
22017,1610612764,1610612743,Washington Wizards,Denver Nuggets,WAS,DEN,2018-03-23,100.0,108.0
22017,1610612754,1610612746,Indiana Pacers,LA Clippers,IND,LAC,2018-03-23,109.0,104.0
22017,1610612757,1610612738,Portland Trail Blazers,Boston Celtics,POR,BOS,2018-03-23,100.0,105.0
22017,1610612760,1610612748,Oklahoma City Thunder,Miami Heat,OKC,MIA,2018-03-23,105.0,99.0
22017,1610612753,1610612756,Orlando Magic,Phoenix Suns,ORL,PHX,2018-03-24,105.0,99.0
22017,1610612755,1610612750,Philadelphia 76ers,Minnesota Timberwolves,PHI,MIN,2018-03-24,120.0,108.0
22017,1610612745,1610612740,Houston Rockets,New Orleans Pelicans,HOU,NOP,2018-03-24,114.0,91.0
22017,1610612765,1610612741,Detroit Pistons,Chicago Bulls,DET,CHI,2018-03-24,117.0,95.0
22017,1610612763,1610612747,Memphis Grizzlies,Los Angeles Lakers,MEM,LAL,2018-03-24,93.0,100.0
22017,1610612742,1610612766,Dallas Mavericks,Charlotte Hornets,DAL,CHA,2018-03-24,98.0,102.0
22017,1610612761,1610612746,Toronto Raptors,LA Clippers,TOR,LAC,2018-03-25,106.0,117.0
22017,1610612764,1610612752,Washington Wizards,New York Knicks,WAS,NYK,2018-03-25,97.0,101.0
22017,1610612744,1610612762,Golden State Warriors,Utah Jazz,GSW,UTA,2018-03-25,91.0,110.0
22017,1610612760,1610612757,Oklahoma City Thunder,Portland Trail Blazers,OKC,POR,2018-03-25,105.0,108.0
22017,1610612758,1610612738,Sacramento Kings,Boston Celtics,SAC,BOS,2018-03-25,93.0,104.0
22017,1610612745,1610612737,Houston Rockets,Atlanta Hawks,HOU,ATL,2018-03-25,118.0,99.0
22017,1610612754,1610612748,Indiana Pacers,Miami Heat,IND,MIA,2018-03-25,113.0,107.0
22017,1610612751,1610612739,Brooklyn Nets,Cleveland Cavaliers,BKN,CLE,2018-03-25,114.0,121.0
22017,1610612749,1610612759,Milwaukee Bucks,San Antonio Spurs,MIL,SAS,2018-03-25,106.0,103.0
22017,1610612755,1610612743,Philadelphia 76ers,Denver Nuggets,PHI,DEN,2018-03-26,123.0,104.0
22017,1610612750,1610612763,Minnesota Timberwolves,Memphis Grizzlies,MIN,MEM,2018-03-26,93.0,101.0
22017,1610612766,1610612752,Charlotte Hornets,New York Knicks,CHA,NYK,2018-03-26,137.0,128.0
22017,1610612765,1610612747,Detroit Pistons,Los Angeles Lakers,DET,LAL,2018-03-26,112.0,106.0
22017,1610612756,1610612738,Phoenix Suns,Boston Celtics,PHX,BOS,2018-03-26,94.0,102.0
22017,1610612758,1610612742,Sacramento Kings,Dallas Mavericks,SAC,DAL,2018-03-27,97.0,103.0
22017,1610612740,1610612757,New Orleans Pelicans,Portland Trail Blazers,NOP,POR,2018-03-27,103.0,107.0
22017,1610612748,1610612739,Miami Heat,Cleveland Cavaliers,MIA,CLE,2018-03-27,98.0,79.0
22017,1610612761,1610612743,Toronto Raptors,Denver Nuggets,TOR,DEN,2018-03-27,114.0,110.0
22017,1610612764,1610612759,Washington Wizards,San Antonio Spurs,WAS,SAS,2018-03-27,116.0,106.0
22017,1610612746,1610612749,LA Clippers,Milwaukee Bucks,LAC,MIL,2018-03-27,105.0,98.0
22017,1610612744,1610612754,Golden State Warriors,Indiana Pacers,GSW,IND,2018-03-27,81.0,92.0
22017,1610612745,1610612741,Houston Rockets,Chicago Bulls,HOU,CHI,2018-03-27,118.0,86.0
22017,1610612750,1610612737,Minnesota Timberwolves,Atlanta Hawks,MIN,ATL,2018-03-28,126.0,114.0
22017,1610612762,1610612738,Utah Jazz,Boston Celtics,UTA,BOS,2018-03-28,94.0,97.0
22017,1610612763,1610612757,Memphis Grizzlies,Portland Trail Blazers,MEM,POR,2018-03-28,108.0,103.0
22017,1610612766,1610612739,Charlotte Hornets,Cleveland Cavaliers,CHA,CLE,2018-03-28,105.0,118.0
22017,1610612747,1610612742,Los Angeles Lakers,Dallas Mavericks,LAL,DAL,2018-03-28,103.0,93.0
22017,1610612755,1610612752,Philadelphia 76ers,New York Knicks,PHI,NYK,2018-03-28,118.0,101.0
22017,1610612756,1610612746,Phoenix Suns,LA Clippers,PHX,LAC,2018-03-28,99.0,111.0
22017,1610612753,1610612751,Orlando Magic,Brooklyn Nets,ORL,BKN,2018-03-28,104.0,111.0
22017,1610612759,1610612760,San Antonio Spurs,Oklahoma City Thunder,SAS,OKC,2018-03-29,103.0,99.0
22017,1610612744,1610612749,Golden State Warriors,Milwaukee Bucks,GSW,MIL,2018-03-29,107.0,116.0
22017,1610612758,1610612754,Sacramento Kings,Indiana Pacers,SAC,IND,2018-03-29,103.0,106.0
22017,1610612765,1610612764,Detroit Pistons,Washington Wizards,DET,WAS,2018-03-29,103.0,92.0
22017,1610612748,1610612741,Miami Heat,Chicago Bulls,MIA,CHI,2018-03-29,103.0,92.0
22017,1610612760,1610612743,Oklahoma City Thunder,Denver Nuggets,OKC,DEN,2018-03-30,125.0,126.0
22017,1610612757,1610612746,Portland Trail Blazers,LA Clippers,POR,LAC,2018-03-30,105.0,96.0
22017,1610612742,1610612750,Dallas Mavericks,Minnesota Timberwolves,DAL,MIN,2018-03-30,92.0,93.0
22017,1610612737,1610612755,Atlanta Hawks,Philadelphia 76ers,ATL,PHI,2018-03-30,91.0,101.0
22017,1610612745,1610612756,Houston Rockets,Phoenix Suns,HOU,PHX,2018-03-30,104.0,103.0
22017,1610612762,1610612763,Utah Jazz,Memphis Grizzlies,UTA,MEM,2018-03-30,107.0,97.0
22017,1610612739,1610612740,Cleveland Cavaliers,New Orleans Pelicans,CLE,NOP,2018-03-30,107.0,102.0
22017,1610612753,1610612741,Orlando Magic,Chicago Bulls,ORL,CHI,2018-03-30,82.0,90.0
22017,1610612747,1610612749,Los Angeles Lakers,Milwaukee Bucks,LAL,MIL,2018-03-30,122.0,124.0
22017,1610612764,1610612766,Washington Wizards,Charlotte Hornets,WAS,CHA,2018-03-31,107.0,93.0
22017,1610612758,1610612744,Sacramento Kings,Golden State Warriors,SAC,GSW,2018-03-31,96.0,112.0
22017,1610612748,1610612751,Miami Heat,Brooklyn Nets,MIA,BKN,2018-03-31,109.0,110.0
22017,1610612752,1610612765,New York Knicks,Detroit Pistons,NYK,DET,2018-03-31,109.0,115.0
22017,1610612738,1610612761,Boston Celtics,Toronto Raptors,BOS,TOR,2018-03-31,110.0,99.0
22017,1610612759,1610612745,San Antonio Spurs,Houston Rockets,SAS,HOU,2018-04-01,100.0,83.0
22017,1610612744,1610612756,Golden State Warriors,Phoenix Suns,GSW,PHX,2018-04-01,117.0,107.0
22017,1610612747,1610612758,Los Angeles Lakers,Sacramento Kings,LAL,SAC,2018-04-01,83.0,84.0
22017,1610612750,1610612762,Minnesota Timberwolves,Utah Jazz,MIN,UTA,2018-04-01,97.0,121.0
22017,1610612740,1610612760,New Orleans Pelicans,Oklahoma City Thunder,NOP,OKC,2018-04-01,104.0,109.0
22017,1610612741,1610612764,Chicago Bulls,Washington Wizards,CHI,WAS,2018-04-01,113.0,94.0
22017,1610612739,1610612742,Cleveland Cavaliers,Dallas Mavericks,CLE,DAL,2018-04-01,98.0,87.0
22017,1610612751,1610612765,Brooklyn Nets,Detroit Pistons,BKN,DET,2018-04-01,96.0,108.0
22017,1610612757,1610612763,Portland Trail Blazers,Memphis Grizzlies,POR,MEM,2018-04-01,113.0,98.0
22017,1610612766,1610612755,Charlotte Hornets,Philadelphia 76ers,CHA,PHI,2018-04-01,102.0,119.0
22017,1610612743,1610612749,Denver Nuggets,Milwaukee Bucks,DEN,MIL,2018-04-01,128.0,125.0
22017,1610612737,1610612753,Atlanta Hawks,Orlando Magic,ATL,ORL,2018-04-01,94.0,88.0
22017,1610612746,1610612754,LA Clippers,Indiana Pacers,LAC,IND,2018-04-01,104.0,111.0
22017,1610612743,1610612754,Denver Nuggets,Indiana Pacers,DEN,IND,2018-04-03,107.0,104.0
22017,1610612742,1610612757,Dallas Mavericks,Portland Trail Blazers,DAL,POR,2018-04-03,115.0,109.0
22017,1610612760,1610612744,Oklahoma City Thunder,Golden State Warriors,OKC,GSW,2018-04-03,107.0,111.0
22017,1610612746,1610612759,LA Clippers,San Antonio Spurs,LAC,SAS,2018-04-03,113.0,110.0
22017,1610612741,1610612766,Chicago Bulls,Charlotte Hornets,CHI,CHA,2018-04-03,120.0,114.0
22017,1610612739,1610612761,Cleveland Cavaliers,Toronto Raptors,CLE,TOR,2018-04-03,112.0,106.0
22017,1610612762,1610612747,Utah Jazz,Los Angeles Lakers,UTA,LAL,2018-04-03,117.0,110.0
22017,1610612748,1610612737,Miami Heat,Atlanta Hawks,MIA,ATL,2018-04-03,101.0,98.0
22017,1610612745,1610612764,Houston Rockets,Washington Wizards,HOU,WAS,2018-04-03,120.0,104.0
22017,1610612749,1610612738,Milwaukee Bucks,Boston Celtics,MIL,BOS,2018-04-03,106.0,102.0
22017,1610612752,1610612753,New York Knicks,Orlando Magic,NYK,ORL,2018-04-03,73.0,97.0
22017,1610612755,1610612751,Philadelphia 76ers,Brooklyn Nets,PHI,BKN,2018-04-03,121.0,95.0
22017,1610612756,1610612758,Phoenix Suns,Sacramento Kings,PHX,SAC,2018-04-03,97.0,94.0
22017,1610612761,1610612738,Toronto Raptors,Boston Celtics,TOR,BOS,2018-04-04,96.0,78.0
22017,1610612740,1610612763,New Orleans Pelicans,Memphis Grizzlies,NOP,MEM,2018-04-04,123.0,95.0
22017,1610612737,1610612748,Atlanta Hawks,Miami Heat,ATL,MIA,2018-04-04,86.0,115.0
22017,1610612753,1610612742,Orlando Magic,Dallas Mavericks,ORL,DAL,2018-04-04,105.0,100.0
22017,1610612765,1610612755,Detroit Pistons,Philadelphia 76ers,DET,PHI,2018-04-04,108.0,115.0
22017,1610612747,1610612759,Los Angeles Lakers,San Antonio Spurs,LAL,SAS,2018-04-04,122.0,112.0
22017,1610612745,1610612757,Houston Rockets,Portland Trail Blazers,HOU,POR,2018-04-05,96.0,94.0
22017,1610612749,1610612751,Milwaukee Bucks,Brooklyn Nets,MIL,BKN,2018-04-05,111.0,119.0
22017,1610612754,1610612744,Indiana Pacers,Golden State Warriors,IND,GSW,2018-04-05,126.0,106.0
22017,1610612762,1610612746,Utah Jazz,LA Clippers,UTA,LAC,2018-04-05,117.0,95.0
22017,1610612743,1610612750,Denver Nuggets,Minnesota Timberwolves,DEN,MIN,2018-04-05,100.0,96.0
22017,1610612739,1610612764,Cleveland Cavaliers,Washington Wizards,CLE,WAS,2018-04-05,119.0,115.0
22017,1610612763,1610612758,Memphis Grizzlies,Sacramento Kings,MEM,SAC,2018-04-06,93.0,94.0
22017,1610612765,1610612742,Detroit Pistons,Dallas Mavericks,DET,DAL,2018-04-06,113.0,106.0
22017,1610612752,1610612748,New York Knicks,Miami Heat,NYK,MIA,2018-04-06,122.0,98.0
22017,1610612756,1610612740,Phoenix Suns,New Orleans Pelicans,PHX,NOP,2018-04-06,103.0,122.0
22017,1610612755,1610612739,Philadelphia 76ers,Cleveland Cavaliers,PHI,CLE,2018-04-06,132.0,130.0
22017,1610612738,1610612741,Boston Celtics,Chicago Bulls,BOS,CHI,2018-04-06,111.0,104.0
22017,1610612753,1610612766,Orlando Magic,Charlotte Hornets,ORL,CHA,2018-04-06,100.0,137.0
22017,1610612764,1610612737,Washington Wizards,Atlanta Hawks,WAS,ATL,2018-04-06,97.0,103.0
22017,1610612747,1610612750,Los Angeles Lakers,Minnesota Timberwolves,LAL,MIN,2018-04-06,96.0,113.0
22017,1610612761,1610612754,Toronto Raptors,Indiana Pacers,TOR,IND,2018-04-06,92.0,73.0
22017,1610612752,1610612749,New York Knicks,Milwaukee Bucks,NYK,MIL,2018-04-07,102.0,115.0
22017,1610612759,1610612757,San Antonio Spurs,Portland Trail Blazers,SAS,POR,2018-04-07,116.0,105.0
22017,1610612745,1610612760,Houston Rockets,Oklahoma City Thunder,HOU,OKC,2018-04-07,102.0,108.0
22017,1610612746,1610612743,LA Clippers,Denver Nuggets,LAC,DEN,2018-04-07,115.0,134.0
22017,1610612741,1610612751,Chicago Bulls,Brooklyn Nets,CHI,BKN,2018-04-07,96.0,124.0
22017,1610612744,1610612740,Golden State Warriors,New Orleans Pelicans,GSW,NOP,2018-04-07,120.0,126.0
22017,1610612747,1610612762,Los Angeles Lakers,Utah Jazz,LAL,UTA,2018-04-08,97.0,112.0
22017,1610612763,1610612765,Memphis Grizzlies,Detroit Pistons,MEM,DET,2018-04-08,130.0,117.0
22017,1610612755,1610612742,Philadelphia 76ers,Dallas Mavericks,PHI,DAL,2018-04-08,109.0,97.0
22017,1610612766,1610612754,Charlotte Hornets,Indiana Pacers,CHA,IND,2018-04-08,117.0,123.0
22017,1610612738,1610612737,Boston Celtics,Atlanta Hawks,BOS,ATL,2018-04-08,106.0,112.0
22017,1610612761,1610612753,Toronto Raptors,Orlando Magic,TOR,ORL,2018-04-08,112.0,101.0
22017,1610612756,1610612744,Phoenix Suns,Golden State Warriors,PHX,GSW,2018-04-08,100.0,117.0
22017,1610612743,1610612757,Denver Nuggets,Portland Trail Blazers,DEN,POR,2018-04-09,88.0,82.0
22017,1610612746,1610612740,LA Clippers,New Orleans Pelicans,LAC,NOP,2018-04-09,100.0,113.0
22017,1610612765,1610612761,Detroit Pistons,Toronto Raptors,DET,TOR,2018-04-09,98.0,108.0
22017,1610612752,1610612739,New York Knicks,Cleveland Cavaliers,NYK,CLE,2018-04-09,109.0,123.0
22017,1610612750,1610612763,Minnesota Timberwolves,Memphis Grizzlies,MIN,MEM,2018-04-09,113.0,94.0
22017,1610612748,1610612760,Miami Heat,Oklahoma City Thunder,MIA,OKC,2018-04-09,93.0,115.0
22017,1610612749,1610612753,Milwaukee Bucks,Orlando Magic,MIL,ORL,2018-04-09,102.0,86.0
22017,1610612751,1610612741,Brooklyn Nets,Chicago Bulls,BKN,CHI,2018-04-09,114.0,105.0
22017,1610612759,1610612758,San Antonio Spurs,Sacramento Kings,SAS,SAC,2018-04-09,98.0,85.0
22017,1610612764,1610612738,Washington Wizards,Boston Celtics,WAS,BOS,2018-04-10,113.0,101.0
22017,1610612762,1610612744,Utah Jazz,Golden State Warriors,UTA,GSW,2018-04-10,119.0,79.0
22017,1610612737,1610612755,Atlanta Hawks,Philadelphia 76ers,ATL,PHI,2018-04-10,113.0,121.0
22017,1610612754,1610612766,Indiana Pacers,Charlotte Hornets,IND,CHA,2018-04-10,93.0,119.0
22017,1610612742,1610612756,Dallas Mavericks,Phoenix Suns,DAL,PHX,2018-04-10,97.0,124.0
22017,1610612747,1610612745,Los Angeles Lakers,Houston Rockets,LAL,HOU,2018-04-10,99.0,105.0
22017,1610612753,1610612764,Orlando Magic,Washington Wizards,ORL,WAS,2018-04-11,101.0,92.0
22017,1610612738,1610612751,Boston Celtics,Brooklyn Nets,BOS,BKN,2018-04-11,110.0,97.0
22017,1610612760,1610612763,Oklahoma City Thunder,Memphis Grizzlies,OKC,MEM,2018-04-11,137.0,123.0
22017,1610612741,1610612765,Chicago Bulls,Detroit Pistons,CHI,DET,2018-04-11,87.0,119.0
22017,1610612746,1610612747,LA Clippers,Los Angeles Lakers,LAC,LAL,2018-04-11,100.0,115.0
22017,1610612757,1610612762,Portland Trail Blazers,Utah Jazz,POR,UTA,2018-04-11,102.0,93.0
22017,1610612750,1610612743,Minnesota Timberwolves,Denver Nuggets,MIN,DEN,2018-04-11,112.0,106.0
22017,1610612755,1610612749,Philadelphia 76ers,Milwaukee Bucks,PHI,MIL,2018-04-11,130.0,95.0
22017,1610612739,1610612752,Cleveland Cavaliers,New York Knicks,CLE,NYK,2018-04-11,98.0,110.0
22017,1610612740,1610612759,New Orleans Pelicans,San Antonio Spurs,NOP,SAS,2018-04-11,122.0,98.0
22017,1610612748,1610612761,Miami Heat,Toronto Raptors,MIA,TOR,2018-04-11,116.0,109.0
22017,1610612758,1610612745,Sacramento Kings,Houston Rockets,SAC,HOU,2018-04-11,96.0,83.0
42017,1610612757,1610612740,Portland Trail Blazers,New Orleans Pelicans,POR,NOP,2018-04-14,95.0,97.0
42017,1610612755,1610612748,Philadelphia 76ers,Miami Heat,PHI,MIA,2018-04-14,130.0,103.0
42017,1610612744,1610612759,Golden State Warriors,San Antonio Spurs,GSW,SAS,2018-04-14,113.0,92.0
42017,1610612761,1610612764,Toronto Raptors,Washington Wizards,TOR,WAS,2018-04-14,114.0,106.0
42017,1610612745,1610612750,Houston Rockets,Minnesota Timberwolves,HOU,MIN,2018-04-15,104.0,101.0
42017,1610612738,1610612749,Boston Celtics,Milwaukee Bucks,BOS,MIL,2018-04-15,113.0,107.0
42017,1610612760,1610612762,Oklahoma City Thunder,Utah Jazz,OKC,UTA,2018-04-15,116.0,108.0
42017,1610612739,1610612754,Cleveland Cavaliers,Indiana Pacers,CLE,IND,2018-04-15,80.0,98.0
42017,1610612744,1610612759,Golden State Warriors,San Antonio Spurs,GSW,SAS,2018-04-16,116.0,101.0
42017,1610612755,1610612748,Philadelphia 76ers,Miami Heat,PHI,MIA,2018-04-16,103.0,113.0
42017,1610612738,1610612749,Boston Celtics,Milwaukee Bucks,BOS,MIL,2018-04-17,120.0,106.0
42017,1610612757,1610612740,Portland Trail Blazers,New Orleans Pelicans,POR,NOP,2018-04-17,102.0,111.0
42017,1610612761,1610612764,Toronto Raptors,Washington Wizards,TOR,WAS,2018-04-17,130.0,119.0
42017,1610612745,1610612750,Houston Rockets,Minnesota Timberwolves,HOU,MIN,2018-04-18,102.0,82.0
42017,1610612760,1610612762,Oklahoma City Thunder,Utah Jazz,OKC,UTA,2018-04-18,95.0,102.0
42017,1610612739,1610612754,Cleveland Cavaliers,Indiana Pacers,CLE,IND,2018-04-18,100.0,97.0
42017,1610612748,1610612755,Miami Heat,Philadelphia 76ers,MIA,PHI,2018-04-19,108.0,128.0
42017,1610612759,1610612744,San Antonio Spurs,Golden State Warriors,SAS,GSW,2018-04-19,97.0,110.0
42017,1610612740,1610612757,New Orleans Pelicans,Portland Trail Blazers,NOP,POR,2018-04-19,119.0,102.0
42017,1610612764,1610612761,Washington Wizards,Toronto Raptors,WAS,TOR,2018-04-20,122.0,103.0
42017,1610612749,1610612738,Milwaukee Bucks,Boston Celtics,MIL,BOS,2018-04-20,116.0,92.0
42017,1610612754,1610612739,Indiana Pacers,Cleveland Cavaliers,IND,CLE,2018-04-20,92.0,90.0
42017,1610612740,1610612757,New Orleans Pelicans,Portland Trail Blazers,NOP,POR,2018-04-21,131.0,123.0
42017,1610612750,1610612745,Minnesota Timberwolves,Houston Rockets,MIN,HOU,2018-04-21,121.0,105.0
42017,1610612762,1610612760,Utah Jazz,Oklahoma City Thunder,UTA,OKC,2018-04-21,115.0,102.0
42017,1610612748,1610612755,Miami Heat,Philadelphia 76ers,MIA,PHI,2018-04-21,102.0,106.0
42017,1610612764,1610612761,Washington Wizards,Toronto Raptors,WAS,TOR,2018-04-22,106.0,98.0
42017,1610612749,1610612738,Milwaukee Bucks,Boston Celtics,MIL,BOS,2018-04-22,104.0,102.0
42017,1610612759,1610612744,San Antonio Spurs,Golden State Warriors,SAS,GSW,2018-04-22,103.0,90.0
42017,1610612754,1610612739,Indiana Pacers,Cleveland Cavaliers,IND,CLE,2018-04-22,100.0,104.0
42017,1610612750,1610612745,Minnesota Timberwolves,Houston Rockets,MIN,HOU,2018-04-23,100.0,119.0
42017,1610612762,1610612760,Utah Jazz,Oklahoma City Thunder,UTA,OKC,2018-04-23,113.0,96.0
42017,1610612738,1610612749,Boston Celtics,Milwaukee Bucks,BOS,MIL,2018-04-24,92.0,87.0
42017,1610612755,1610612748,Philadelphia 76ers,Miami Heat,PHI,MIA,2018-04-24,104.0,91.0
42017,1610612744,1610612759,Golden State Warriors,San Antonio Spurs,GSW,SAS,2018-04-24,99.0,91.0
42017,1610612760,1610612762,Oklahoma City Thunder,Utah Jazz,OKC,UTA,2018-04-25,107.0,99.0
42017,1610612745,1610612750,Houston Rockets,Minnesota Timberwolves,HOU,MIN,2018-04-25,122.0,104.0
42017,1610612739,1610612754,Cleveland Cavaliers,Indiana Pacers,CLE,IND,2018-04-25,98.0,95.0
42017,1610612761,1610612764,Toronto Raptors,Washington Wizards,TOR,WAS,2018-04-25,108.0,98.0
42017,1610612749,1610612738,Milwaukee Bucks,Boston Celtics,MIL,BOS,2018-04-26,97.0,86.0
42017,1610612754,1610612739,Indiana Pacers,Cleveland Cavaliers,IND,CLE,2018-04-27,121.0,87.0
42017,1610612764,1610612761,Washington Wizards,Toronto Raptors,WAS,TOR,2018-04-27,92.0,102.0
42017,1610612762,1610612760,Utah Jazz,Oklahoma City Thunder,UTA,OKC,2018-04-27,96.0,91.0
42017,1610612738,1610612749,Boston Celtics,Milwaukee Bucks,BOS,MIL,2018-04-28,112.0,96.0
42017,1610612744,1610612740,Golden State Warriors,New Orleans Pelicans,GSW,NOP,2018-04-28,123.0,101.0
42017,1610612745,1610612762,Houston Rockets,Utah Jazz,HOU,UTA,2018-04-29,110.0,96.0
42017,1610612739,1610612754,Cleveland Cavaliers,Indiana Pacers,CLE,IND,2018-04-29,105.0,101.0
42017,1610612738,1610612755,Boston Celtics,Philadelphia 76ers,BOS,PHI,2018-04-30,117.0,101.0
42017,1610612744,1610612740,Golden State Warriors,New Orleans Pelicans,GSW,NOP,2018-05-01,121.0,116.0
42017,1610612761,1610612739,Toronto Raptors,Cleveland Cavaliers,TOR,CLE,2018-05-01,112.0,113.0
42017,1610612745,1610612762,Houston Rockets,Utah Jazz,HOU,UTA,2018-05-02,108.0,116.0
42017,1610612761,1610612739,Toronto Raptors,Cleveland Cavaliers,TOR,CLE,2018-05-03,110.0,128.0
42017,1610612738,1610612755,Boston Celtics,Philadelphia 76ers,BOS,PHI,2018-05-03,108.0,103.0
42017,1610612740,1610612744,New Orleans Pelicans,Golden State Warriors,NOP,GSW,2018-05-04,119.0,100.0
42017,1610612762,1610612745,Utah Jazz,Houston Rockets,UTA,HOU,2018-05-04,92.0,113.0
42017,1610612755,1610612738,Philadelphia 76ers,Boston Celtics,PHI,BOS,2018-05-05,98.0,101.0
42017,1610612739,1610612761,Cleveland Cavaliers,Toronto Raptors,CLE,TOR,2018-05-05,105.0,103.0
42017,1610612740,1610612744,New Orleans Pelicans,Golden State Warriors,NOP,GSW,2018-05-06,92.0,118.0
42017,1610612762,1610612745,Utah Jazz,Houston Rockets,UTA,HOU,2018-05-06,87.0,100.0
42017,1610612755,1610612738,Philadelphia 76ers,Boston Celtics,PHI,BOS,2018-05-07,103.0,92.0
42017,1610612739,1610612761,Cleveland Cavaliers,Toronto Raptors,CLE,TOR,2018-05-07,128.0,93.0
42017,1610612745,1610612762,Houston Rockets,Utah Jazz,HOU,UTA,2018-05-08,112.0,102.0
42017,1610612744,1610612740,Golden State Warriors,New Orleans Pelicans,GSW,NOP,2018-05-08,113.0,104.0
42017,1610612738,1610612755,Boston Celtics,Philadelphia 76ers,BOS,PHI,2018-05-09,114.0,112.0
42017,1610612738,1610612739,Boston Celtics,Cleveland Cavaliers,BOS,CLE,2018-05-13,108.0,83.0
42017,1610612745,1610612744,Houston Rockets,Golden State Warriors,HOU,GSW,2018-05-14,106.0,119.0
42017,1610612738,1610612739,Boston Celtics,Cleveland Cavaliers,BOS,CLE,2018-05-15,107.0,94.0
42017,1610612745,1610612744,Houston Rockets,Golden State Warriors,HOU,GSW,2018-05-16,127.0,105.0
42017,1610612739,1610612738,Cleveland Cavaliers,Boston Celtics,CLE,BOS,2018-05-19,116.0,86.0
42017,1610612744,1610612745,Golden State Warriors,Houston Rockets,GSW,HOU,2018-05-20,126.0,85.0
42017,1610612739,1610612738,Cleveland Cavaliers,Boston Celtics,CLE,BOS,2018-05-21,111.0,102.0
42017,1610612744,1610612745,Golden State Warriors,Houston Rockets,GSW,HOU,2018-05-22,92.0,95.0
42017,1610612738,1610612739,Boston Celtics,Cleveland Cavaliers,BOS,CLE,2018-05-23,96.0,83.0
42017,1610612745,1610612744,Houston Rockets,Golden State Warriors,HOU,GSW,2018-05-24,98.0,94.0
42017,1610612739,1610612738,Cleveland Cavaliers,Boston Celtics,CLE,BOS,2018-05-25,109.0,99.0
42017,1610612744,1610612745,Golden State Warriors,Houston Rockets,GSW,HOU,2018-05-26,115.0,86.0
42017,1610612738,1610612739,Boston Celtics,Cleveland Cavaliers,BOS,CLE,2018-05-27,79.0,87.0
42017,1610612745,1610612744,Houston Rockets,Golden State Warriors,HOU,GSW,2018-05-28,92.0,101.0
42017,1610612744,1610612739,Golden State Warriors,Cleveland Cavaliers,GSW,CLE,2018-05-31,124.0,114.0
42017,1610612744,1610612739,Golden State Warriors,Cleveland Cavaliers,GSW,CLE,2018-06-03,122.0,103.0
42017,1610612739,1610612744,Cleveland Cavaliers,Golden State Warriors,CLE,GSW,2018-06-06,102.0,110.0
42017,1610612739,1610612744,Cleveland Cavaliers,Golden State Warriors,CLE,GSW,2018-06-08,85.0,108.0
22018,1610612738,1610612755,Boston Celtics,Philadelphia 76ers,BOS,PHI,2018-10-16,105.0,87.0
22018,1610612744,1610612760,Golden State Warriors,Oklahoma City Thunder,GSW,OKC,2018-10-16,108.0,100.0
22018,1610612761,1610612739,Toronto Raptors,Cleveland Cavaliers,TOR,CLE,2018-10-17,116.0,104.0
22018,1610612766,1610612749,Charlotte Hornets,Milwaukee Bucks,CHA,MIL,2018-10-17,112.0,113.0
22018,1610612765,1610612751,Detroit Pistons,Brooklyn Nets,DET,BKN,2018-10-17,103.0,100.0
22018,1610612754,1610612763,Indiana Pacers,Memphis Grizzlies,IND,MEM,2018-10-17,111.0,83.0
22018,1610612753,1610612748,Orlando Magic,Miami Heat,ORL,MIA,2018-10-17,104.0,101.0
22018,1610612756,1610612742,Phoenix Suns,Dallas Mavericks,PHX,DAL,2018-10-17,121.0,100.0
22018,1610612758,1610612762,Sacramento Kings,Utah Jazz,SAC,UTA,2018-10-17,117.0,123.0
22018,1610612752,1610612737,New York Knicks,Atlanta Hawks,NYK,ATL,2018-10-17,126.0,107.0
22018,1610612746,1610612743,LA Clippers,Denver Nuggets,LAC,DEN,2018-10-17,98.0,107.0
22018,1610612759,1610612750,San Antonio Spurs,Minnesota Timberwolves,SAS,MIN,2018-10-17,112.0,108.0
22018,1610612745,1610612740,Houston Rockets,New Orleans Pelicans,HOU,NOP,2018-10-17,112.0,131.0
22018,1610612757,1610612747,Portland Trail Blazers,Los Angeles Lakers,POR,LAL,2018-10-18,128.0,119.0
22018,1610612764,1610612748,Washington Wizards,Miami Heat,WAS,MIA,2018-10-18,112.0,113.0
22018,1610612755,1610612741,Philadelphia 76ers,Chicago Bulls,PHI,CHI,2018-10-18,127.0,108.0
22018,1610612740,1610612758,New Orleans Pelicans,Sacramento Kings,NOP,SAC,2018-10-19,149.0,129.0
22018,1610612763,1610612737,Memphis Grizzlies,Atlanta Hawks,MEM,ATL,2018-10-19,131.0,117.0
22018,1610612762,1610612744,Utah Jazz,Golden State Warriors,UTA,GSW,2018-10-19,123.0,124.0
22018,1610612761,1610612738,Toronto Raptors,Boston Celtics,TOR,BOS,2018-10-19,113.0,101.0
22018,1610612750,1610612739,Minnesota Timberwolves,Cleveland Cavaliers,MIN,CLE,2018-10-19,131.0,123.0
22018,1610612753,1610612766,Orlando Magic,Charlotte Hornets,ORL,CHA,2018-10-19,88.0,120.0
22018,1610612751,1610612752,Brooklyn Nets,New York Knicks,BKN,NYK,2018-10-19,107.0,105.0
22018,1610612746,1610612760,LA Clippers,Oklahoma City Thunder,LAC,OKC,2018-10-19,108.0,92.0
22018,1610612749,1610612754,Milwaukee Bucks,Indiana Pacers,MIL,IND,2018-10-19,118.0,101.0
22018,1610612764,1610612761,Washington Wizards,Toronto Raptors,WAS,TOR,2018-10-20,113.0,117.0
22018,1610612755,1610612753,Philadelphia 76ers,Orlando Magic,PHI,ORL,2018-10-20,116.0,115.0
22018,1610612743,1610612756,Denver Nuggets,Phoenix Suns,DEN,PHX,2018-10-20,119.0,91.0
22018,1610612752,1610612738,New York Knicks,Boston Celtics,NYK,BOS,2018-10-20,101.0,103.0
22018,1610612741,1610612765,Chicago Bulls,Detroit Pistons,CHI,DET,2018-10-20,116.0,118.0
22018,1610612757,1610612759,Portland Trail Blazers,San Antonio Spurs,POR,SAS,2018-10-20,121.0,108.0
22018,1610612742,1610612750,Dallas Mavericks,Minnesota Timberwolves,DAL,MIN,2018-10-20,140.0,136.0
22018,1610612754,1610612751,Indiana Pacers,Brooklyn Nets,IND,BKN,2018-10-20,132.0,112.0
22018,1610612747,1610612745,Los Angeles Lakers,Houston Rockets,LAL,HOU,2018-10-20,115.0,124.0
22018,1610612748,1610612766,Miami Heat,Charlotte Hornets,MIA,CHA,2018-10-20,112.0,113.0
22018,1610612743,1610612744,Denver Nuggets,Golden State Warriors,DEN,GSW,2018-10-21,100.0,98.0
22018,1610612746,1610612745,LA Clippers,Houston Rockets,LAC,HOU,2018-10-21,115.0,112.0
22018,1610612739,1610612737,Cleveland Cavaliers,Atlanta Hawks,CLE,ATL,2018-10-21,111.0,133.0
22018,1610612760,1610612758,Oklahoma City Thunder,Sacramento Kings,OKC,SAC,2018-10-21,120.0,131.0
22018,1610612750,1610612754,Minnesota Timberwolves,Indiana Pacers,MIN,IND,2018-10-22,101.0,91.0
22018,1610612762,1610612763,Utah Jazz,Memphis Grizzlies,UTA,MEM,2018-10-22,84.0,92.0
22018,1610612738,1610612753,Boston Celtics,Orlando Magic,BOS,ORL,2018-10-22,90.0,93.0
22018,1610612744,1610612756,Golden State Warriors,Phoenix Suns,GSW,PHX,2018-10-22,123.0,103.0
22018,1610612742,1610612741,Dallas Mavericks,Chicago Bulls,DAL,CHI,2018-10-22,115.0,109.0
22018,1610612761,1610612766,Toronto Raptors,Charlotte Hornets,TOR,CHA,2018-10-22,127.0,106.0
22018,1610612747,1610612759,Los Angeles Lakers,San Antonio Spurs,LAL,SAS,2018-10-22,142.0,143.0
22018,1610612757,1610612764,Portland Trail Blazers,Washington Wizards,POR,WAS,2018-10-22,124.0,125.0
22018,1610612749,1610612752,Milwaukee Bucks,New York Knicks,MIL,NYK,2018-10-22,124.0,113.0
22018,1610612743,1610612758,Denver Nuggets,Sacramento Kings,DEN,SAC,2018-10-23,126.0,112.0
22018,1610612740,1610612746,New Orleans Pelicans,LA Clippers,NOP,LAC,2018-10-23,116.0,109.0
22018,1610612765,1610612755,Detroit Pistons,Philadelphia 76ers,DET,PHI,2018-10-23,133.0,132.0
22018,1610612739,1610612751,Cleveland Cavaliers,Brooklyn Nets,CLE,BKN,2018-10-24,86.0,102.0
22018,1610612748,1610612752,Miami Heat,New York Knicks,MIA,NYK,2018-10-24,110.0,87.0
22018,1610612744,1610612764,Golden State Warriors,Washington Wizards,GSW,WAS,2018-10-24,144.0,122.0
22018,1610612737,1610612742,Atlanta Hawks,Dallas Mavericks,ATL,DAL,2018-10-24,111.0,104.0
22018,1610612745,1610612762,Houston Rockets,Utah Jazz,HOU,UTA,2018-10-24,89.0,100.0
22018,1610612761,1610612750,Toronto Raptors,Minnesota Timberwolves,TOR,MIN,2018-10-24,112.0,105.0
22018,1610612749,1610612755,Milwaukee Bucks,Philadelphia 76ers,MIL,PHI,2018-10-24,123.0,108.0
22018,1610612741,1610612766,Chicago Bulls,Charlotte Hornets,CHI,CHA,2018-10-24,112.0,110.0
22018,1610612758,1610612763,Sacramento Kings,Memphis Grizzlies,SAC,MEM,2018-10-24,97.0,92.0
22018,1610612756,1610612747,Phoenix Suns,Los Angeles Lakers,PHX,LAL,2018-10-24,113.0,131.0
22018,1610612759,1610612754,San Antonio Spurs,Indiana Pacers,SAS,IND,2018-10-24,96.0,116.0
22018,1610612747,1610612743,Los Angeles Lakers,Denver Nuggets,LAL,DEN,2018-10-25,121.0,114.0
22018,1610612760,1610612738,Oklahoma City Thunder,Boston Celtics,OKC,BOS,2018-10-25,95.0,101.0
22018,1610612753,1610612757,Orlando Magic,Portland Trail Blazers,ORL,POR,2018-10-25,114.0,128.0
22018,1610612765,1610612739,Detroit Pistons,Cleveland Cavaliers,DET,CLE,2018-10-25,110.0,103.0
22018,1610612745,1610612746,Houston Rockets,LA Clippers,HOU,LAC,2018-10-26,113.0,133.0
22018,1610612766,1610612741,Charlotte Hornets,Chicago Bulls,CHA,CHI,2018-10-26,135.0,106.0
22018,1610612758,1610612764,Sacramento Kings,Washington Wizards,SAC,WAS,2018-10-26,116.0,112.0
22018,1610612750,1610612749,Minnesota Timberwolves,Milwaukee Bucks,MIN,MIL,2018-10-26,95.0,125.0
22018,1610612761,1610612742,Toronto Raptors,Dallas Mavericks,TOR,DAL,2018-10-26,116.0,107.0
22018,1610612740,1610612751,New Orleans Pelicans,Brooklyn Nets,NOP,BKN,2018-10-26,117.0,115.0
22018,1610612752,1610612744,New York Knicks,Golden State Warriors,NYK,GSW,2018-10-26,100.0,128.0
22018,1610612740,1610612762,New Orleans Pelicans,Utah Jazz,NOP,UTA,2018-10-27,111.0,132.0
22018,1610612765,1610612738,Detroit Pistons,Boston Celtics,DET,BOS,2018-10-27,89.0,109.0
22018,1610612749,1610612753,Milwaukee Bucks,Orlando Magic,MIL,ORL,2018-10-27,113.0,91.0
22018,1610612739,1610612754,Cleveland Cavaliers,Indiana Pacers,CLE,IND,2018-10-27,107.0,119.0
22018,1610612737,1610612741,Atlanta Hawks,Chicago Bulls,ATL,CHI,2018-10-27,85.0,97.0
22018,1610612748,1610612757,Miami Heat,Portland Trail Blazers,MIA,POR,2018-10-27,120.0,111.0
22018,1610612759,1610612747,San Antonio Spurs,Los Angeles Lakers,SAS,LAL,2018-10-27,110.0,106.0
22018,1610612763,1610612756,Memphis Grizzlies,Phoenix Suns,MEM,PHX,2018-10-27,117.0,96.0
22018,1610612755,1610612766,Philadelphia 76ers,Charlotte Hornets,PHI,CHA,2018-10-27,105.0,103.0
22018,1610612760,1610612756,Oklahoma City Thunder,Phoenix Suns,OKC,PHX,2018-10-28,117.0,110.0
22018,1610612746,1610612764,LA Clippers,Washington Wizards,LAC,WAS,2018-10-28,136.0,104.0
22018,1610612751,1610612744,Brooklyn Nets,Golden State Warriors,BKN,GSW,2018-10-28,114.0,120.0
22018,1610612742,1610612762,Dallas Mavericks,Utah Jazz,DAL,UTA,2018-10-28,104.0,113.0
22018,1610612755,1610612737,Philadelphia 76ers,Atlanta Hawks,PHI,ATL,2018-10-29,113.0,92.0
22018,1610612743,1610612740,Denver Nuggets,New Orleans Pelicans,DEN,NOP,2018-10-29,116.0,111.0
22018,1610612759,1610612742,San Antonio Spurs,Dallas Mavericks,SAS,DAL,2018-10-29,113.0,108.0
22018,1610612750,1610612747,Minnesota Timberwolves,Los Angeles Lakers,MIN,LAL,2018-10-29,124.0,120.0
22018,1610612748,1610612758,Miami Heat,Sacramento Kings,MIA,SAC,2018-10-29,113.0,123.0
22018,1610612741,1610612744,Chicago Bulls,Golden State Warriors,CHI,GSW,2018-10-29,124.0,149.0
22018,1610612749,1610612761,Milwaukee Bucks,Toronto Raptors,MIL,TOR,2018-10-29,124.0,109.0
22018,1610612752,1610612751,New York Knicks,Brooklyn Nets,NYK,BKN,2018-10-29,115.0,96.0
22018,1610612754,1610612757,Indiana Pacers,Portland Trail Blazers,IND,POR,2018-10-29,93.0,103.0
22018,1610612763,1610612764,Memphis Grizzlies,Washington Wizards,MEM,WAS,2018-10-30,107.0,95.0
22018,1610612753,1610612758,Orlando Magic,Sacramento Kings,ORL,SAC,2018-10-30,99.0,107.0
22018,1610612760,1610612746,Oklahoma City Thunder,LA Clippers,OKC,LAC,2018-10-30,128.0,110.0
22018,1610612761,1610612755,Toronto Raptors,Philadelphia 76ers,TOR,PHI,2018-10-30,129.0,112.0
22018,1610612745,1610612757,Houston Rockets,Portland Trail Blazers,HOU,POR,2018-10-30,85.0,104.0
22018,1610612739,1610612737,Cleveland Cavaliers,Atlanta Hawks,CLE,ATL,2018-10-30,136.0,114.0
22018,1610612766,1610612748,Charlotte Hornets,Miami Heat,CHA,MIA,2018-10-30,125.0,113.0
22018,1610612738,1610612765,Boston Celtics,Detroit Pistons,BOS,DET,2018-10-30,108.0,105.0
22018,1610612756,1610612759,Phoenix Suns,San Antonio Spurs,PHX,SAS,2018-10-31,90.0,120.0
22018,1610612744,1610612740,Golden State Warriors,New Orleans Pelicans,GSW,NOP,2018-10-31,131.0,121.0
22018,1610612750,1610612762,Minnesota Timberwolves,Utah Jazz,MIN,UTA,2018-10-31,128.0,125.0
22018,1610612752,1610612754,New York Knicks,Indiana Pacers,NYK,IND,2018-10-31,101.0,107.0
22018,1610612751,1610612765,Brooklyn Nets,Detroit Pistons,BKN,DET,2018-10-31,120.0,119.0
22018,1610612741,1610612743,Chicago Bulls,Denver Nuggets,CHI,DEN,2018-10-31,107.0,108.0
22018,1610612747,1610612742,Los Angeles Lakers,Dallas Mavericks,LAL,DAL,2018-10-31,114.0,113.0
22018,1610612755,1610612746,Philadelphia 76ers,LA Clippers,PHI,LAC,2018-11-01,122.0,113.0
22018,1610612737,1610612758,Atlanta Hawks,Sacramento Kings,ATL,SAC,2018-11-01,115.0,146.0
22018,1610612766,1610612760,Charlotte Hornets,Oklahoma City Thunder,CHA,OKC,2018-11-01,107.0,111.0
22018,1610612738,1610612749,Boston Celtics,Milwaukee Bucks,BOS,MIL,2018-11-01,117.0,113.0
22018,1610612757,1610612740,Portland Trail Blazers,New Orleans Pelicans,POR,NOP,2018-11-01,132.0,119.0
22018,1610612739,1610612743,Cleveland Cavaliers,Denver Nuggets,CLE,DEN,2018-11-01,91.0,110.0
22018,1610612764,1610612760,Washington Wizards,Oklahoma City Thunder,WAS,OKC,2018-11-02,111.0,134.0
22018,1610612753,1610612746,Orlando Magic,LA Clippers,ORL,LAC,2018-11-02,95.0,120.0
22018,1610612756,1610612761,Phoenix Suns,Toronto Raptors,PHX,TOR,2018-11-02,98.0,107.0
22018,1610612742,1610612752,Dallas Mavericks,New York Knicks,DAL,NYK,2018-11-02,106.0,118.0
22018,1610612751,1610612745,Brooklyn Nets,Houston Rockets,BKN,HOU,2018-11-02,111.0,119.0
22018,1610612741,1610612754,Chicago Bulls,Indiana Pacers,CHI,IND,2018-11-02,105.0,107.0
22018,1610612744,1610612750,Golden State Warriors,Minnesota Timberwolves,GSW,MIN,2018-11-02,116.0,99.0
22018,1610612762,1610612763,Utah Jazz,Memphis Grizzlies,UTA,MEM,2018-11-02,100.0,110.0
22018,1610612757,1610612747,Portland Trail Blazers,Los Angeles Lakers,POR,LAL,2018-11-03,110.0,114.0
22018,1610612759,1610612740,San Antonio Spurs,New Orleans Pelicans,SAS,NOP,2018-11-03,109.0,95.0
22018,1610612741,1610612745,Chicago Bulls,Houston Rockets,CHI,HOU,2018-11-03,88.0,96.0
22018,1610612743,1610612762,Denver Nuggets,Utah Jazz,DEN,UTA,2018-11-03,103.0,88.0
22018,1610612766,1610612739,Charlotte Hornets,Cleveland Cavaliers,CHA,CLE,2018-11-03,126.0,94.0
22018,1610612755,1610612765,Philadelphia 76ers,Detroit Pistons,PHI,DET,2018-11-03,109.0,99.0
22018,1610612737,1610612748,Atlanta Hawks,Miami Heat,ATL,MIA,2018-11-03,123.0,118.0
22018,1610612754,1610612738,Indiana Pacers,Boston Celtics,IND,BOS,2018-11-03,102.0,101.0
22018,1610612759,1610612753,San Antonio Spurs,Orlando Magic,SAS,ORL,2018-11-04,110.0,117.0
22018,1610612751,1610612755,Brooklyn Nets,Philadelphia 76ers,BKN,PHI,2018-11-04,122.0,97.0
22018,1610612757,1610612750,Portland Trail Blazers,Minnesota Timberwolves,POR,MIN,2018-11-04,111.0,81.0
22018,1610612756,1610612763,Phoenix Suns,Memphis Grizzlies,PHX,MEM,2018-11-04,102.0,100.0
22018,1610612764,1610612752,Washington Wizards,New York Knicks,WAS,NYK,2018-11-04,108.0,95.0
22018,1610612749,1610612758,Milwaukee Bucks,Sacramento Kings,MIL,SAC,2018-11-04,144.0,109.0
22018,1610612747,1610612761,Los Angeles Lakers,Toronto Raptors,LAL,TOR,2018-11-04,107.0,121.0
22018,1610612762,1610612761,Utah Jazz,Toronto Raptors,UTA,TOR,2018-11-05,111.0,124.0
22018,1610612765,1610612748,Detroit Pistons,Miami Heat,DET,MIA,2018-11-05,115.0,120.0
22018,1610612753,1610612739,Orlando Magic,Cleveland Cavaliers,ORL,CLE,2018-11-05,102.0,100.0
22018,1610612752,1610612741,New York Knicks,Chicago Bulls,NYK,CHI,2018-11-05,115.0,116.0
22018,1610612744,1610612763,Golden State Warriors,Memphis Grizzlies,GSW,MEM,2018-11-05,117.0,101.0
22018,1610612760,1610612740,Oklahoma City Thunder,New Orleans Pelicans,OKC,NOP,2018-11-05,122.0,116.0
22018,1610612743,1610612738,Denver Nuggets,Boston Celtics,DEN,BOS,2018-11-05,115.0,107.0
22018,1610612746,1610612750,LA Clippers,Minnesota Timberwolves,LAC,MIN,2018-11-05,120.0,109.0
22018,1610612754,1610612745,Indiana Pacers,Houston Rockets,IND,HOU,2018-11-05,94.0,98.0
22018,1610612742,1610612764,Dallas Mavericks,Washington Wizards,DAL,WAS,2018-11-06,119.0,100.0
22018,1610612756,1610612751,Phoenix Suns,Brooklyn Nets,PHX,BKN,2018-11-06,82.0,104.0
22018,1610612757,1610612749,Portland Trail Blazers,Milwaukee Bucks,POR,MIL,2018-11-06,118.0,103.0
22018,1610612766,1610612737,Charlotte Hornets,Atlanta Hawks,CHA,ATL,2018-11-06,113.0,102.0
22018,1610612748,1610612759,Miami Heat,San Antonio Spurs,MIA,SAS,2018-11-07,95.0,88.0
22018,1610612758,1610612761,Sacramento Kings,Toronto Raptors,SAC,TOR,2018-11-07,105.0,114.0
22018,1610612753,1610612765,Orlando Magic,Detroit Pistons,ORL,DET,2018-11-07,96.0,103.0
22018,1610612737,1610612752,Atlanta Hawks,New York Knicks,ATL,NYK,2018-11-07,107.0,112.0
22018,1610612740,1610612741,New Orleans Pelicans,Chicago Bulls,NOP,CHI,2018-11-07,107.0,98.0
22018,1610612762,1610612742,Utah Jazz,Dallas Mavericks,UTA,DAL,2018-11-07,117.0,102.0
22018,1610612739,1610612760,Cleveland Cavaliers,Oklahoma City Thunder,CLE,OKC,2018-11-07,86.0,95.0
22018,1610612747,1610612750,Los Angeles Lakers,Minnesota Timberwolves,LAL,MIN,2018-11-07,114.0,110.0
22018,1610612763,1610612743,Memphis Grizzlies,Denver Nuggets,MEM,DEN,2018-11-07,89.0,87.0
22018,1610612754,1610612755,Indiana Pacers,Philadelphia 76ers,IND,PHI,2018-11-07,94.0,100.0
22018,1610612757,1610612746,Portland Trail Blazers,LA Clippers,POR,LAC,2018-11-08,116.0,105.0
22018,1610612756,1610612738,Phoenix Suns,Boston Celtics,PHX,BOS,2018-11-08,109.0,116.0
22018,1610612744,1610612749,Golden State Warriors,Milwaukee Bucks,GSW,MIL,2018-11-08,111.0,134.0
22018,1610612760,1610612745,Oklahoma City Thunder,Houston Rockets,OKC,HOU,2018-11-08,98.0,80.0
22018,1610612748,1610612754,Miami Heat,Indiana Pacers,MIA,IND,2018-11-09,102.0,110.0
22018,1610612743,1610612751,Denver Nuggets,Brooklyn Nets,DEN,BKN,2018-11-09,110.0,112.0
22018,1610612755,1610612766,Philadelphia 76ers,Charlotte Hornets,PHI,CHA,2018-11-09,133.0,132.0
22018,1610612758,1610612750,Sacramento Kings,Minnesota Timberwolves,SAC,MIN,2018-11-09,121.0,110.0
22018,1610612762,1610612738,Utah Jazz,Boston Celtics,UTA,BOS,2018-11-09,123.0,115.0
22018,1610612737,1610612765,Atlanta Hawks,Detroit Pistons,ATL,DET,2018-11-09,109.0,124.0
22018,1610612753,1610612764,Orlando Magic,Washington Wizards,ORL,WAS,2018-11-09,117.0,108.0
22018,1610612748,1610612764,Miami Heat,Washington Wizards,MIA,WAS,2018-11-10,110.0,116.0
22018,1610612763,1610612755,Memphis Grizzlies,Philadelphia 76ers,MEM,PHI,2018-11-10,112.0,106.0
22018,1610612746,1610612749,LA Clippers,Milwaukee Bucks,LAC,MIL,2018-11-10,128.0,126.0
22018,1610612744,1610612751,Golden State Warriors,Brooklyn Nets,GSW,BKN,2018-11-10,116.0,100.0
22018,1610612759,1610612745,San Antonio Spurs,Houston Rockets,SAS,HOU,2018-11-10,96.0,89.0
22018,1610612761,1610612752,Toronto Raptors,New York Knicks,TOR,NYK,2018-11-10,128.0,112.0
22018,1610612740,1610612756,New Orleans Pelicans,Phoenix Suns,NOP,PHX,2018-11-10,119.0,99.0
22018,1610612758,1610612747,Sacramento Kings,Los Angeles Lakers,SAC,LAL,2018-11-10,86.0,101.0
22018,1610612741,1610612739,Chicago Bulls,Cleveland Cavaliers,CHI,CLE,2018-11-10,99.0,98.0
22018,1610612742,1610612760,Dallas Mavericks,Oklahoma City Thunder,DAL,OKC,2018-11-10,111.0,96.0
22018,1610612752,1610612753,New York Knicks,Orlando Magic,NYK,ORL,2018-11-11,89.0,115.0
22018,1610612745,1610612754,Houston Rockets,Indiana Pacers,HOU,IND,2018-11-11,115.0,103.0
22018,1610612757,1610612738,Portland Trail Blazers,Boston Celtics,POR,BOS,2018-11-11,100.0,94.0
22018,1610612765,1610612766,Detroit Pistons,Charlotte Hornets,DET,CHA,2018-11-11,103.0,113.0
22018,1610612747,1610612737,Los Angeles Lakers,Atlanta Hawks,LAL,ATL,2018-11-11,107.0,106.0
22018,1610612743,1610612749,Denver Nuggets,Milwaukee Bucks,DEN,MIL,2018-11-11,114.0,121.0
22018,1610612750,1610612751,Minnesota Timberwolves,Brooklyn Nets,MIN,BKN,2018-11-12,120.0,113.0
22018,1610612741,1610612742,Chicago Bulls,Dallas Mavericks,CHI,DAL,2018-11-12,98.0,103.0
22018,1610612760,1610612756,Oklahoma City Thunder,Phoenix Suns,OKC,PHX,2018-11-12,118.0,101.0
22018,1610612763,1610612762,Memphis Grizzlies,Utah Jazz,MEM,UTA,2018-11-12,88.0,96.0
22018,1610612746,1610612744,LA Clippers,Golden State Warriors,LAC,GSW,2018-11-12,121.0,116.0
22018,1610612758,1610612759,Sacramento Kings,San Antonio Spurs,SAC,SAS,2018-11-12,104.0,99.0
22018,1610612764,1610612753,Washington Wizards,Orlando Magic,WAS,ORL,2018-11-12,117.0,109.0
22018,1610612761,1610612740,Toronto Raptors,New Orleans Pelicans,TOR,NOP,2018-11-12,110.0,126.0
22018,1610612748,1610612755,Miami Heat,Philadelphia 76ers,MIA,PHI,2018-11-12,114.0,124.0
22018,1610612743,1610612745,Denver Nuggets,Houston Rockets,DEN,HOU,2018-11-13,99.0,109.0
22018,1610612739,1610612766,Cleveland Cavaliers,Charlotte Hornets,CLE,CHA,2018-11-13,113.0,89.0
22018,1610612744,1610612737,Golden State Warriors,Atlanta Hawks,GSW,ATL,2018-11-13,110.0,103.0
22018,1610612760,1610612752,Oklahoma City Thunder,New York Knicks,OKC,NYK,2018-11-14,128.0,103.0
22018,1610612753,1610612755,Orlando Magic,Philadelphia 76ers,ORL,PHI,2018-11-14,111.0,106.0
22018,1610612738,1610612741,Boston Celtics,Chicago Bulls,BOS,CHI,2018-11-14,111.0,82.0
22018,1610612742,1610612762,Dallas Mavericks,Utah Jazz,DAL,UTA,2018-11-14,118.0,68.0
22018,1610612756,1610612759,Phoenix Suns,San Antonio Spurs,PHX,SAS,2018-11-14,116.0,96.0
22018,1610612761,1610612765,Toronto Raptors,Detroit Pistons,TOR,DET,2018-11-14,104.0,106.0
22018,1610612749,1610612763,Milwaukee Bucks,Memphis Grizzlies,MIL,MEM,2018-11-14,113.0,116.0
22018,1610612751,1610612748,Brooklyn Nets,Miami Heat,BKN,MIA,2018-11-14,107.0,120.0
22018,1610612764,1610612739,Washington Wizards,Cleveland Cavaliers,WAS,CLE,2018-11-14,119.0,95.0
22018,1610612747,1610612757,Los Angeles Lakers,Portland Trail Blazers,LAL,POR,2018-11-14,126.0,117.0
22018,1610612750,1610612740,Minnesota Timberwolves,New Orleans Pelicans,MIN,NOP,2018-11-14,107.0,100.0
22018,1610612743,1610612737,Denver Nuggets,Atlanta Hawks,DEN,ATL,2018-11-15,138.0,93.0
22018,1610612745,1610612744,Houston Rockets,Golden State Warriors,HOU,GSW,2018-11-15,107.0,86.0
22018,1610612746,1610612759,LA Clippers,San Antonio Spurs,LAC,SAS,2018-11-15,116.0,111.0
22018,1610612764,1610612751,Washington Wizards,Brooklyn Nets,WAS,BKN,2018-11-16,104.0,115.0
22018,1610612750,1610612757,Minnesota Timberwolves,Portland Trail Blazers,MIN,POR,2018-11-16,112.0,96.0
22018,1610612763,1610612758,Memphis Grizzlies,Sacramento Kings,MEM,SAC,2018-11-16,112.0,104.0
22018,1610612738,1610612761,Boston Celtics,Toronto Raptors,BOS,TOR,2018-11-16,123.0,116.0
22018,1610612749,1610612741,Milwaukee Bucks,Chicago Bulls,MIL,CHI,2018-11-16,123.0,104.0
22018,1610612755,1610612762,Philadelphia 76ers,Utah Jazz,PHI,UTA,2018-11-16,113.0,107.0
22018,1610612754,1610612748,Indiana Pacers,Miami Heat,IND,MIA,2018-11-16,99.0,91.0
22018,1610612740,1610612752,New Orleans Pelicans,New York Knicks,NOP,NYK,2018-11-16,129.0,124.0
22018,1610612751,1610612746,Brooklyn Nets,LA Clippers,BKN,LAC,2018-11-17,119.0,127.0
22018,1610612738,1610612762,Boston Celtics,Utah Jazz,BOS,UTA,2018-11-17,86.0,98.0
22018,1610612740,1610612743,New Orleans Pelicans,Denver Nuggets,NOP,DEN,2018-11-17,125.0,115.0
22018,1610612741,1610612761,Chicago Bulls,Toronto Raptors,CHI,TOR,2018-11-17,83.0,122.0
22018,1610612756,1610612760,Phoenix Suns,Oklahoma City Thunder,PHX,OKC,2018-11-17,100.0,110.0
22018,1610612753,1610612747,Orlando Magic,Los Angeles Lakers,ORL,LAL,2018-11-17,130.0,117.0
22018,1610612766,1610612755,Charlotte Hornets,Philadelphia 76ers,CHA,PHI,2018-11-17,119.0,122.0
22018,1610612745,1610612758,Houston Rockets,Sacramento Kings,HOU,SAC,2018-11-17,132.0,112.0
22018,1610612754,1610612737,Indiana Pacers,Atlanta Hawks,IND,ATL,2018-11-17,97.0,89.0
22018,1610612742,1610612744,Dallas Mavericks,Golden State Warriors,DAL,GSW,2018-11-17,112.0,109.0
22018,1610612759,1610612744,San Antonio Spurs,Golden State Warriors,SAS,GSW,2018-11-18,104.0,92.0
22018,1610612764,1610612757,Washington Wizards,Portland Trail Blazers,WAS,POR,2018-11-18,109.0,119.0
22018,1610612750,1610612763,Minnesota Timberwolves,Memphis Grizzlies,MIN,MEM,2018-11-18,87.0,100.0
22018,1610612753,1610612752,Orlando Magic,New York Knicks,ORL,NYK,2018-11-18,131.0,117.0
22018,1610612748,1610612747,Miami Heat,Los Angeles Lakers,MIA,LAL,2018-11-18,97.0,113.0
22018,1610612749,1610612743,Milwaukee Bucks,Denver Nuggets,MIL,DEN,2018-11-19,104.0,98.0
22018,1610612765,1610612739,Detroit Pistons,Cleveland Cavaliers,DET,CLE,2018-11-19,113.0,102.0
22018,1610612766,1610612738,Charlotte Hornets,Boston Celtics,CHA,BOS,2018-11-19,117.0,112.0
22018,1610612740,1610612759,New Orleans Pelicans,San Antonio Spurs,NOP,SAS,2018-11-19,140.0,126.0
22018,1610612758,1610612760,Sacramento Kings,Oklahoma City Thunder,SAC,OKC,2018-11-19,117.0,113.0
22018,1610612763,1610612742,Memphis Grizzlies,Dallas Mavericks,MEM,DAL,2018-11-19,98.0,88.0
22018,1610612737,1610612746,Atlanta Hawks,LA Clippers,ATL,LAC,2018-11-19,119.0,127.0
22018,1610612754,1610612762,Indiana Pacers,Utah Jazz,IND,UTA,2018-11-19,121.0,94.0
22018,1610612755,1610612756,Philadelphia 76ers,Phoenix Suns,PHI,PHX,2018-11-19,119.0,114.0
22018,1610612764,1610612746,Washington Wizards,LA Clippers,WAS,LAC,2018-11-20,125.0,118.0
22018,1610612753,1610612761,Orlando Magic,Toronto Raptors,ORL,TOR,2018-11-20,91.0,93.0
22018,1610612752,1610612757,New York Knicks,Portland Trail Blazers,NYK,POR,2018-11-20,114.0,118.0
22018,1610612748,1610612751,Miami Heat,Brooklyn Nets,MIA,BKN,2018-11-20,92.0,104.0
22018,1610612750,1610612743,Minnesota Timberwolves,Denver Nuggets,MIN,DEN,2018-11-21,101.0,103.0
22018,1610612749,1610612757,Milwaukee Bucks,Portland Trail Blazers,MIL,POR,2018-11-21,143.0,100.0
22018,1610612755,1610612740,Philadelphia 76ers,New Orleans Pelicans,PHI,NOP,2018-11-21,121.0,120.0
22018,1610612738,1610612752,Boston Celtics,New York Knicks,BOS,NYK,2018-11-21,109.0,117.0
22018,1610612766,1610612754,Charlotte Hornets,Indiana Pacers,CHA,IND,2018-11-21,127.0,109.0
22018,1610612739,1610612747,Cleveland Cavaliers,Los Angeles Lakers,CLE,LAL,2018-11-21,105.0,109.0
22018,1610612737,1610612761,Atlanta Hawks,Toronto Raptors,ATL,TOR,2018-11-21,108.0,124.0
22018,1610612741,1610612756,Chicago Bulls,Phoenix Suns,CHI,PHX,2018-11-21,124.0,116.0
22018,1610612745,1610612765,Houston Rockets,Detroit Pistons,HOU,DET,2018-11-21,126.0,124.0
22018,1610612744,1610612760,Golden State Warriors,Oklahoma City Thunder,GSW,OKC,2018-11-21,95.0,123.0
22018,1610612759,1610612763,San Antonio Spurs,Memphis Grizzlies,SAS,MEM,2018-11-21,103.0,104.0
22018,1610612762,1610612758,Utah Jazz,Sacramento Kings,UTA,SAC,2018-11-21,110.0,119.0
22018,1610612742,1610612751,Dallas Mavericks,Brooklyn Nets,DAL,BKN,2018-11-21,119.0,113.0
22018,1610612754,1610612759,Indiana Pacers,San Antonio Spurs,IND,SAS,2018-11-23,100.0,111.0
22018,1610612751,1610612750,Brooklyn Nets,Minnesota Timberwolves,BKN,MIN,2018-11-23,102.0,112.0
22018,1610612752,1610612740,New York Knicks,New Orleans Pelicans,NYK,NOP,2018-11-23,114.0,109.0
22018,1610612737,1610612738,Atlanta Hawks,Boston Celtics,ATL,BOS,2018-11-23,96.0,114.0
22018,1610612744,1610612757,Golden State Warriors,Portland Trail Blazers,GSW,POR,2018-11-23,125.0,97.0
22018,1610612755,1610612739,Philadelphia 76ers,Cleveland Cavaliers,PHI,CLE,2018-11-23,112.0,121.0
22018,1610612743,1610612753,Denver Nuggets,Orlando Magic,DEN,ORL,2018-11-23,112.0,87.0
22018,1610612749,1610612756,Milwaukee Bucks,Phoenix Suns,MIL,PHX,2018-11-23,114.0,116.0
22018,1610612761,1610612764,Toronto Raptors,Washington Wizards,TOR,WAS,2018-11-23,125.0,107.0
22018,1610612746,1610612763,LA Clippers,Memphis Grizzlies,LAC,MEM,2018-11-23,112.0,107.0
22018,1610612741,1610612748,Chicago Bulls,Miami Heat,CHI,MIA,2018-11-23,96.0,103.0
22018,1610612765,1610612745,Detroit Pistons,Houston Rockets,DET,HOU,2018-11-23,116.0,111.0
22018,1610612760,1610612766,Oklahoma City Thunder,Charlotte Hornets,OKC,CHA,2018-11-23,109.0,104.0
22018,1610612747,1610612762,Los Angeles Lakers,Utah Jazz,LAL,UTA,2018-11-23,90.0,83.0
22018,1610612742,1610612738,Dallas Mavericks,Boston Celtics,DAL,BOS,2018-11-24,113.0,104.0
22018,1610612744,1610612758,Golden State Warriors,Sacramento Kings,GSW,SAC,2018-11-24,117.0,116.0
22018,1610612760,1610612743,Oklahoma City Thunder,Denver Nuggets,OKC,DEN,2018-11-24,98.0,105.0
22018,1610612750,1610612741,Minnesota Timberwolves,Chicago Bulls,MIN,CHI,2018-11-24,111.0,96.0
22018,1610612749,1610612759,Milwaukee Bucks,San Antonio Spurs,MIL,SAS,2018-11-24,135.0,129.0
22018,1610612739,1610612745,Cleveland Cavaliers,Houston Rockets,CLE,HOU,2018-11-24,117.0,108.0
22018,1610612764,1610612740,Washington Wizards,New Orleans Pelicans,WAS,NOP,2018-11-24,124.0,114.0
22018,1610612747,1610612753,Los Angeles Lakers,Orlando Magic,LAL,ORL,2018-11-25,104.0,108.0
22018,1610612761,1610612748,Toronto Raptors,Miami Heat,TOR,MIA,2018-11-25,125.0,115.0
22018,1610612763,1610612752,Memphis Grizzlies,New York Knicks,MEM,NYK,2018-11-25,98.0,103.0
22018,1610612757,1610612746,Portland Trail Blazers,LA Clippers,POR,LAC,2018-11-25,100.0,104.0
22018,1610612737,1610612766,Atlanta Hawks,Charlotte Hornets,ATL,CHA,2018-11-25,124.0,123.0
22018,1610612758,1610612762,Sacramento Kings,Utah Jazz,SAC,UTA,2018-11-25,112.0,133.0
22018,1610612751,1610612755,Brooklyn Nets,Philadelphia 76ers,BKN,PHI,2018-11-25,125.0,127.0
22018,1610612765,1610612756,Detroit Pistons,Phoenix Suns,DET,PHX,2018-11-25,118.0,107.0
22018,1610612766,1610612749,Charlotte Hornets,Milwaukee Bucks,CHA,MIL,2018-11-26,110.0,107.0
22018,1610612739,1610612750,Cleveland Cavaliers,Minnesota Timberwolves,CLE,MIN,2018-11-26,95.0,102.0
22018,1610612740,1610612738,New Orleans Pelicans,Boston Celtics,NOP,BOS,2018-11-26,107.0,124.0
22018,1610612762,1610612754,Utah Jazz,Indiana Pacers,UTA,IND,2018-11-26,88.0,121.0
22018,1610612744,1610612753,Golden State Warriors,Orlando Magic,GSW,ORL,2018-11-26,116.0,110.0
22018,1610612741,1610612759,Chicago Bulls,San Antonio Spurs,CHI,SAS,2018-11-26,107.0,108.0
22018,1610612764,1610612745,Washington Wizards,Houston Rockets,WAS,HOU,2018-11-26,135.0,131.0
22018,1610612743,1610612747,Denver Nuggets,Los Angeles Lakers,DEN,LAL,2018-11-27,117.0,85.0
22018,1610612756,1610612754,Phoenix Suns,Indiana Pacers,PHX,IND,2018-11-27,104.0,109.0
22018,1610612748,1610612737,Miami Heat,Atlanta Hawks,MIA,ATL,2018-11-27,113.0,115.0
22018,1610612765,1610612752,Detroit Pistons,New York Knicks,DET,NYK,2018-11-27,115.0,108.0
22018,1610612763,1610612761,Memphis Grizzlies,Toronto Raptors,MEM,TOR,2018-11-27,114.0,122.0
22018,1610612750,1610612759,Minnesota Timberwolves,San Antonio Spurs,MIN,SAS,2018-11-28,128.0,89.0
22018,1610612760,1610612739,Oklahoma City Thunder,Cleveland Cavaliers,OKC,CLE,2018-11-28,100.0,83.0
22018,1610612766,1610612737,Charlotte Hornets,Atlanta Hawks,CHA,ATL,2018-11-28,108.0,94.0
22018,1610612751,1610612762,Brooklyn Nets,Utah Jazz,BKN,UTA,2018-11-28,91.0,101.0
22018,1610612757,1610612753,Portland Trail Blazers,Orlando Magic,POR,ORL,2018-11-28,115.0,112.0
22018,1610612749,1610612741,Milwaukee Bucks,Chicago Bulls,MIL,CHI,2018-11-28,116.0,113.0
22018,1610612755,1610612752,Philadelphia 76ers,New York Knicks,PHI,NYK,2018-11-28,117.0,91.0
22018,1610612745,1610612742,Houston Rockets,Dallas Mavericks,HOU,DAL,2018-11-28,108.0,128.0
22018,1610612746,1610612756,LA Clippers,Phoenix Suns,LAC,PHX,2018-11-28,115.0,99.0
22018,1610612740,1610612764,New Orleans Pelicans,Washington Wizards,NOP,WAS,2018-11-28,125.0,104.0
22018,1610612761,1610612744,Toronto Raptors,Golden State Warriors,TOR,GSW,2018-11-29,131.0,128.0
22018,1610612747,1610612754,Los Angeles Lakers,Indiana Pacers,LAL,IND,2018-11-29,104.0,96.0
22018,1610612758,1610612746,Sacramento Kings,LA Clippers,SAC,LAC,2018-11-29,121.0,133.0
22018,1610612748,1610612740,Miami Heat,New Orleans Pelicans,MIA,NOP,2018-11-30,106.0,101.0
22018,1610612757,1610612743,Portland Trail Blazers,Denver Nuggets,POR,DEN,2018-11-30,112.0,113.0
22018,1610612755,1610612764,Philadelphia 76ers,Washington Wizards,PHI,WAS,2018-11-30,123.0,98.0
22018,1610612751,1610612763,Brooklyn Nets,Memphis Grizzlies,BKN,MEM,2018-11-30,125.0,131.0
22018,1610612765,1610612741,Detroit Pistons,Chicago Bulls,DET,CHI,2018-11-30,107.0,88.0
22018,1610612738,1610612739,Boston Celtics,Cleveland Cavaliers,BOS,CLE,2018-11-30,128.0,95.0
22018,1610612766,1610612762,Charlotte Hornets,Utah Jazz,CHA,UTA,2018-11-30,111.0,119.0
22018,1610612756,1610612753,Phoenix Suns,Orlando Magic,PHX,ORL,2018-11-30,85.0,99.0
22018,1610612760,1610612737,Oklahoma City Thunder,Atlanta Hawks,OKC,ATL,2018-11-30,124.0,109.0
22018,1610612759,1610612745,San Antonio Spurs,Houston Rockets,SAS,HOU,2018-11-30,105.0,136.0
22018,1610612747,1610612742,Los Angeles Lakers,Dallas Mavericks,LAL,DAL,2018-11-30,114.0,103.0
22018,1610612758,1610612754,Sacramento Kings,Indiana Pacers,SAC,IND,2018-12-01,111.0,110.0
22018,1610612764,1610612751,Washington Wizards,Brooklyn Nets,WAS,BKN,2018-12-01,102.0,88.0
22018,1610612765,1610612744,Detroit Pistons,Golden State Warriors,DET,GSW,2018-12-01,111.0,102.0
22018,1610612739,1610612761,Cleveland Cavaliers,Toronto Raptors,CLE,TOR,2018-12-01,95.0,106.0
22018,1610612752,1610612749,New York Knicks,Milwaukee Bucks,NYK,MIL,2018-12-01,136.0,134.0
22018,1610612750,1610612738,Minnesota Timberwolves,Boston Celtics,MIN,BOS,2018-12-01,109.0,118.0
22018,1610612745,1610612741,Houston Rockets,Chicago Bulls,HOU,CHI,2018-12-01,121.0,105.0
22018,1610612755,1610612763,Philadelphia 76ers,Memphis Grizzlies,PHI,MEM,2018-12-02,103.0,95.0
22018,1610612748,1610612762,Miami Heat,Utah Jazz,MIA,UTA,2018-12-02,102.0,100.0
22018,1610612747,1610612756,Los Angeles Lakers,Phoenix Suns,LAL,PHX,2018-12-02,120.0,96.0
22018,1610612742,1610612746,Dallas Mavericks,LA Clippers,DAL,LAC,2018-12-02,114.0,110.0
22018,1610612766,1610612740,Charlotte Hornets,New Orleans Pelicans,CHA,NOP,2018-12-02,109.0,119.0
22018,1610612759,1610612757,San Antonio Spurs,Portland Trail Blazers,SAS,POR,2018-12-02,131.0,118.0
22018,1610612765,1610612760,Detroit Pistons,Oklahoma City Thunder,DET,OKC,2018-12-03,83.0,110.0
22018,1610612751,1610612739,Brooklyn Nets,Cleveland Cavaliers,BKN,CLE,2018-12-03,97.0,99.0
22018,1610612752,1610612764,New York Knicks,Washington Wizards,NYK,WAS,2018-12-03,107.0,110.0
22018,1610612761,1610612743,Toronto Raptors,Denver Nuggets,TOR,DEN,2018-12-03,103.0,106.0
22018,1610612740,1610612746,New Orleans Pelicans,LA Clippers,NOP,LAC,2018-12-03,126.0,129.0
22018,1610612750,1610612745,Minnesota Timberwolves,Houston Rockets,MIN,HOU,2018-12-03,103.0,91.0
22018,1610612737,1610612744,Atlanta Hawks,Golden State Warriors,ATL,GSW,2018-12-03,111.0,128.0
22018,1610612742,1610612757,Dallas Mavericks,Portland Trail Blazers,DAL,POR,2018-12-04,111.0,102.0
22018,1610612762,1610612759,Utah Jazz,San Antonio Spurs,UTA,SAS,2018-12-04,139.0,105.0
22018,1610612756,1610612758,Phoenix Suns,Sacramento Kings,PHX,SAC,2018-12-04,105.0,122.0
22018,1610612748,1610612753,Miami Heat,Orlando Magic,MIA,ORL,2018-12-04,90.0,105.0
22018,1610612754,1610612741,Indiana Pacers,Chicago Bulls,IND,CHI,2018-12-04,96.0,90.0
22018,1610612761,1610612755,Toronto Raptors,Philadelphia 76ers,TOR,PHI,2018-12-05,113.0,102.0
22018,1610612751,1610612760,Brooklyn Nets,Oklahoma City Thunder,BKN,OKC,2018-12-05,112.0,114.0
22018,1610612739,1610612744,Cleveland Cavaliers,Golden State Warriors,CLE,GSW,2018-12-05,105.0,129.0
22018,1610612753,1610612743,Orlando Magic,Denver Nuggets,ORL,DEN,2018-12-05,118.0,124.0
22018,1610612740,1610612742,New Orleans Pelicans,Dallas Mavericks,NOP,DAL,2018-12-05,132.0,106.0
22018,1610612737,1610612764,Atlanta Hawks,Washington Wizards,ATL,WAS,2018-12-05,117.0,131.0
22018,1610612750,1610612766,Minnesota Timberwolves,Charlotte Hornets,MIN,CHA,2018-12-05,121.0,104.0
22018,1610612749,1610612765,Milwaukee Bucks,Detroit Pistons,MIL,DET,2018-12-05,115.0,92.0
22018,1610612763,1610612746,Memphis Grizzlies,LA Clippers,MEM,LAC,2018-12-05,96.0,86.0
22018,1610612747,1610612759,Los Angeles Lakers,San Antonio Spurs,LAL,SAS,2018-12-05,121.0,113.0
22018,1610612762,1610612745,Utah Jazz,Houston Rockets,UTA,HOU,2018-12-06,118.0,91.0
22018,1610612738,1610612752,Boston Celtics,New York Knicks,BOS,NYK,2018-12-06,128.0,100.0
22018,1610612757,1610612756,Portland Trail Blazers,Phoenix Suns,POR,PHX,2018-12-06,108.0,86.0
22018,1610612739,1610612758,Cleveland Cavaliers,Sacramento Kings,CLE,SAC,2018-12-07,110.0,129.0
22018,1610612756,1610612748,Phoenix Suns,Miami Heat,PHX,MIA,2018-12-07,98.0,115.0
22018,1610612759,1610612747,San Antonio Spurs,Los Angeles Lakers,SAS,LAL,2018-12-07,133.0,120.0
22018,1610612740,1610612763,New Orleans Pelicans,Memphis Grizzlies,NOP,MEM,2018-12-07,103.0,107.0
22018,1610612765,1610612755,Detroit Pistons,Philadelphia 76ers,DET,PHI,2018-12-07,111.0,117.0
22018,1610612766,1610612743,Charlotte Hornets,Denver Nuggets,CHA,DEN,2018-12-07,113.0,107.0
22018,1610612749,1610612744,Milwaukee Bucks,Golden State Warriors,MIL,GSW,2018-12-07,95.0,105.0
22018,1610612753,1610612754,Orlando Magic,Indiana Pacers,ORL,IND,2018-12-07,90.0,112.0
22018,1610612751,1610612761,Brooklyn Nets,Toronto Raptors,BKN,TOR,2018-12-07,106.0,105.0
22018,1610612741,1610612760,Chicago Bulls,Oklahoma City Thunder,CHI,OKC,2018-12-07,114.0,112.0
22018,1610612757,1610612750,Portland Trail Blazers,Minnesota Timberwolves,POR,MIN,2018-12-08,113.0,105.0
22018,1610612752,1610612751,New York Knicks,Brooklyn Nets,NYK,BKN,2018-12-08,104.0,112.0
22018,1610612741,1610612738,Chicago Bulls,Boston Celtics,CHI,BOS,2018-12-08,77.0,133.0
22018,1610612737,1610612743,Atlanta Hawks,Denver Nuggets,ATL,DEN,2018-12-08,106.0,98.0
22018,1610612746,1610612748,LA Clippers,Miami Heat,LAC,MIA,2018-12-08,98.0,121.0
22018,1610612739,1610612764,Cleveland Cavaliers,Washington Wizards,CLE,WAS,2018-12-08,116.0,101.0
22018,1610612742,1610612745,Dallas Mavericks,Houston Rockets,DAL,HOU,2018-12-08,107.0,104.0
22018,1610612754,1610612758,Indiana Pacers,Sacramento Kings,IND,SAC,2018-12-08,107.0,97.0
22018,1610612763,1610612747,Memphis Grizzlies,Los Angeles Lakers,MEM,LAL,2018-12-08,88.0,111.0
22018,1610612752,1610612766,New York Knicks,Charlotte Hornets,NYK,CHA,2018-12-09,107.0,119.0
22018,1610612765,1610612740,Detroit Pistons,New Orleans Pelicans,DET,NOP,2018-12-09,108.0,116.0
22018,1610612761,1610612749,Toronto Raptors,Milwaukee Bucks,TOR,MIL,2018-12-09,99.0,104.0
22018,1610612759,1610612762,San Antonio Spurs,Utah Jazz,SAS,UTA,2018-12-09,110.0,97.0
22018,1610612742,1610612753,Dallas Mavericks,Orlando Magic,DAL,ORL,2018-12-10,101.0,76.0
22018,1610612760,1610612762,Oklahoma City Thunder,Utah Jazz,OKC,UTA,2018-12-10,122.0,113.0
22018,1610612741,1610612758,Chicago Bulls,Sacramento Kings,CHI,SAC,2018-12-10,89.0,108.0
22018,1610612755,1610612765,Philadelphia 76ers,Detroit Pistons,PHI,DET,2018-12-10,116.0,102.0
22018,1610612749,1610612739,Milwaukee Bucks,Cleveland Cavaliers,MIL,CLE,2018-12-10,108.0,92.0
22018,1610612747,1610612748,Los Angeles Lakers,Miami Heat,LAL,MIA,2018-12-10,108.0,105.0
22018,1610612744,1610612750,Golden State Warriors,Minnesota Timberwolves,GSW,MIN,2018-12-10,116.0,108.0
22018,1610612743,1610612763,Denver Nuggets,Memphis Grizzlies,DEN,MEM,2018-12-10,105.0,99.0
22018,1610612756,1610612746,Phoenix Suns,LA Clippers,PHX,LAC,2018-12-10,119.0,123.0
22018,1610612754,1610612764,Indiana Pacers,Washington Wizards,IND,WAS,2018-12-10,109.0,101.0
22018,1610612738,1610612740,Boston Celtics,New Orleans Pelicans,BOS,NOP,2018-12-10,113.0,100.0
22018,1610612746,1610612761,LA Clippers,Toronto Raptors,LAC,TOR,2018-12-11,99.0,123.0
22018,1610612745,1610612757,Houston Rockets,Portland Trail Blazers,HOU,POR,2018-12-11,111.0,104.0
22018,1610612759,1610612756,San Antonio Spurs,Phoenix Suns,SAS,PHX,2018-12-11,111.0,86.0
22018,1610612739,1610612752,Cleveland Cavaliers,New York Knicks,CLE,NYK,2018-12-12,113.0,106.0
22018,1610612758,1610612750,Sacramento Kings,Minnesota Timberwolves,SAC,MIN,2018-12-12,141.0,130.0
22018,1610612754,1610612749,Indiana Pacers,Milwaukee Bucks,IND,MIL,2018-12-12,113.0,97.0
22018,1610612763,1610612757,Memphis Grizzlies,Portland Trail Blazers,MEM,POR,2018-12-12,92.0,83.0
22018,1610612755,1610612751,Philadelphia 76ers,Brooklyn Nets,PHI,BKN,2018-12-12,124.0,127.0
22018,1610612740,1610612760,New Orleans Pelicans,Oklahoma City Thunder,NOP,OKC,2018-12-12,118.0,114.0
22018,1610612764,1610612738,Washington Wizards,Boston Celtics,WAS,BOS,2018-12-12,125.0,130.0
22018,1610612762,1610612748,Utah Jazz,Miami Heat,UTA,MIA,2018-12-12,111.0,84.0
22018,1610612744,1610612761,Golden State Warriors,Toronto Raptors,GSW,TOR,2018-12-12,93.0,113.0
22018,1610612766,1610612765,Charlotte Hornets,Detroit Pistons,CHA,DET,2018-12-12,108.0,107.0
22018,1610612742,1610612737,Dallas Mavericks,Atlanta Hawks,DAL,ATL,2018-12-12,114.0,107.0
22018,1610612753,1610612741,Orlando Magic,Chicago Bulls,ORL,CHI,2018-12-13,97.0,91.0
22018,1610612759,1610612746,San Antonio Spurs,LA Clippers,SAS,LAC,2018-12-13,125.0,87.0
22018,1610612745,1610612747,Houston Rockets,Los Angeles Lakers,HOU,LAL,2018-12-13,126.0,111.0
22018,1610612756,1610612742,Phoenix Suns,Dallas Mavericks,PHX,DAL,2018-12-13,99.0,89.0
22018,1610612743,1610612760,Denver Nuggets,Oklahoma City Thunder,DEN,OKC,2018-12-14,109.0,98.0
22018,1610612758,1610612744,Sacramento Kings,Golden State Warriors,SAC,GSW,2018-12-14,125.0,130.0
22018,1610612751,1610612764,Brooklyn Nets,Washington Wizards,BKN,WAS,2018-12-14,125.0,118.0
22018,1610612766,1610612752,Charlotte Hornets,New York Knicks,CHA,NYK,2018-12-14,124.0,126.0
22018,1610612763,1610612748,Memphis Grizzlies,Miami Heat,MEM,MIA,2018-12-14,97.0,100.0
22018,1610612739,1610612749,Cleveland Cavaliers,Milwaukee Bucks,CLE,MIL,2018-12-14,102.0,114.0
22018,1610612757,1610612761,Portland Trail Blazers,Toronto Raptors,POR,TOR,2018-12-14,128.0,122.0
22018,1610612755,1610612754,Philadelphia 76ers,Indiana Pacers,PHI,IND,2018-12-14,101.0,113.0
22018,1610612738,1610612737,Boston Celtics,Atlanta Hawks,BOS,ATL,2018-12-14,129.0,108.0
22018,1610612763,1610612745,Memphis Grizzlies,Houston Rockets,MEM,HOU,2018-12-15,97.0,105.0
22018,1610612759,1610612741,San Antonio Spurs,Chicago Bulls,SAS,CHI,2018-12-15,93.0,98.0
22018,1610612765,1610612738,Detroit Pistons,Boston Celtics,DET,BOS,2018-12-15,113.0,104.0
22018,1610612753,1610612762,Orlando Magic,Utah Jazz,ORL,UTA,2018-12-15,96.0,89.0
22018,1610612760,1610612746,Oklahoma City Thunder,LA Clippers,OKC,LAC,2018-12-15,110.0,104.0
22018,1610612766,1610612747,Charlotte Hornets,Los Angeles Lakers,CHA,LAL,2018-12-15,100.0,128.0
22018,1610612756,1610612750,Phoenix Suns,Minnesota Timberwolves,PHX,MIN,2018-12-15,107.0,99.0
22018,1610612754,1610612752,Indiana Pacers,New York Knicks,IND,NYK,2018-12-16,110.0,99.0
22018,1610612751,1610612737,Brooklyn Nets,Atlanta Hawks,BKN,ATL,2018-12-16,144.0,127.0
22018,1610612742,1610612758,Dallas Mavericks,Sacramento Kings,DAL,SAC,2018-12-16,113.0,120.0
22018,1610612764,1610612747,Washington Wizards,Los Angeles Lakers,WAS,LAL,2018-12-16,128.0,110.0
22018,1610612739,1610612755,Cleveland Cavaliers,Philadelphia 76ers,CLE,PHI,2018-12-16,105.0,128.0
22018,1610612740,1610612748,New Orleans Pelicans,Miami Heat,NOP,MIA,2018-12-16,96.0,102.0
22018,1610612743,1610612761,Denver Nuggets,Toronto Raptors,DEN,TOR,2018-12-16,95.0,86.0
22018,1610612744,1610612763,Golden State Warriors,Memphis Grizzlies,GSW,MEM,2018-12-17,110.0,93.0
22018,1610612746,1610612757,LA Clippers,Portland Trail Blazers,LAC,POR,2018-12-17,127.0,131.0
22018,1610612750,1610612758,Minnesota Timberwolves,Sacramento Kings,MIN,SAC,2018-12-17,132.0,105.0
22018,1610612752,1610612756,New York Knicks,Phoenix Suns,NYK,PHX,2018-12-17,110.0,128.0
22018,1610612765,1610612749,Detroit Pistons,Milwaukee Bucks,DET,MIL,2018-12-17,104.0,107.0
22018,1610612759,1610612755,San Antonio Spurs,Philadelphia 76ers,SAS,PHI,2018-12-17,123.0,96.0
22018,1610612745,1610612762,Houston Rockets,Utah Jazz,HOU,UTA,2018-12-17,102.0,97.0
22018,1610612760,1610612741,Oklahoma City Thunder,Chicago Bulls,OKC,CHI,2018-12-17,121.0,96.0
22018,1610612743,1610612742,Denver Nuggets,Dallas Mavericks,DEN,DAL,2018-12-18,126.0,118.0
22018,1610612737,1610612764,Atlanta Hawks,Washington Wizards,ATL,WAS,2018-12-18,118.0,110.0
22018,1610612754,1610612739,Indiana Pacers,Cleveland Cavaliers,IND,CLE,2018-12-18,91.0,92.0
22018,1610612751,1610612747,Brooklyn Nets,Los Angeles Lakers,BKN,LAL,2018-12-18,115.0,110.0
22018,1610612741,1610612751,Chicago Bulls,Brooklyn Nets,CHI,BKN,2018-12-19,93.0,96.0
22018,1610612762,1610612744,Utah Jazz,Golden State Warriors,UTA,GSW,2018-12-19,108.0,103.0
22018,1610612753,1610612759,Orlando Magic,San Antonio Spurs,ORL,SAS,2018-12-19,90.0,129.0
22018,1610612758,1610612760,Sacramento Kings,Oklahoma City Thunder,SAC,OKC,2018-12-19,113.0,132.0
22018,1610612749,1610612740,Milwaukee Bucks,New Orleans Pelicans,MIL,NOP,2018-12-19,123.0,115.0
22018,1610612766,1610612739,Charlotte Hornets,Cleveland Cavaliers,CHA,CLE,2018-12-19,110.0,99.0
22018,1610612761,1610612754,Toronto Raptors,Indiana Pacers,TOR,IND,2018-12-19,99.0,96.0
22018,1610612750,1610612765,Minnesota Timberwolves,Detroit Pistons,MIN,DET,2018-12-19,123.0,129.0
22018,1610612745,1610612764,Houston Rockets,Washington Wizards,HOU,WAS,2018-12-19,136.0,118.0
22018,1610612738,1610612756,Boston Celtics,Phoenix Suns,BOS,PHX,2018-12-19,103.0,111.0
22018,1610612757,1610612763,Portland Trail Blazers,Memphis Grizzlies,POR,MEM,2018-12-19,99.0,92.0
22018,1610612755,1610612752,Philadelphia 76ers,New York Knicks,PHI,NYK,2018-12-19,131.0,109.0
22018,1610612746,1610612742,LA Clippers,Dallas Mavericks,LAC,DAL,2018-12-20,125.0,121.0
22018,1610612748,1610612745,Miami Heat,Houston Rockets,MIA,HOU,2018-12-20,101.0,99.0
22018,1610612747,1610612740,Los Angeles Lakers,New Orleans Pelicans,LAL,NOP,2018-12-21,112.0,104.0
22018,1610612758,1610612763,Sacramento Kings,Memphis Grizzlies,SAC,MEM,2018-12-21,102.0,99.0
22018,1610612757,1610612762,Portland Trail Blazers,Utah Jazz,POR,UTA,2018-12-21,90.0,120.0
22018,1610612751,1610612754,Brooklyn Nets,Indiana Pacers,BKN,IND,2018-12-21,106.0,114.0
22018,1610612741,1610612753,Chicago Bulls,Orlando Magic,CHI,ORL,2018-12-21,90.0,80.0
22018,1610612752,1610612737,New York Knicks,Atlanta Hawks,NYK,ATL,2018-12-21,107.0,114.0
22018,1610612761,1610612739,Toronto Raptors,Cleveland Cavaliers,TOR,CLE,2018-12-21,126.0,110.0
22018,1610612766,1610612765,Charlotte Hornets,Detroit Pistons,CHA,DET,2018-12-21,98.0,86.0
22018,1610612759,1610612750,San Antonio Spurs,Minnesota Timberwolves,SAS,MIN,2018-12-21,124.0,98.0
22018,1610612738,1610612749,Boston Celtics,Milwaukee Bucks,BOS,MIL,2018-12-21,107.0,120.0
22018,1610612746,1610612743,LA Clippers,Denver Nuggets,LAC,DEN,2018-12-22,132.0,111.0
22018,1610612748,1610612749,Miami Heat,Milwaukee Bucks,MIA,MIL,2018-12-22,94.0,87.0
22018,1610612764,1610612756,Washington Wizards,Phoenix Suns,WAS,PHX,2018-12-22,149.0,146.0
22018,1610612755,1610612761,Philadelphia 76ers,Toronto Raptors,PHI,TOR,2018-12-22,126.0,101.0
22018,1610612744,1610612742,Golden State Warriors,Dallas Mavericks,GSW,DAL,2018-12-22,120.0,116.0
22018,1610612745,1610612759,Houston Rockets,San Antonio Spurs,HOU,SAS,2018-12-22,108.0,101.0
22018,1610612762,1610612760,Utah Jazz,Oklahoma City Thunder,UTA,OKC,2018-12-22,106.0,107.0
22018,1610612751,1610612756,Brooklyn Nets,Phoenix Suns,BKN,PHX,2018-12-23,111.0,103.0
22018,1610612739,1610612741,Cleveland Cavaliers,Chicago Bulls,CLE,CHI,2018-12-23,92.0,112.0
22018,1610612757,1610612742,Portland Trail Blazers,Dallas Mavericks,POR,DAL,2018-12-23,121.0,118.0
22018,1610612754,1610612764,Indiana Pacers,Washington Wizards,IND,WAS,2018-12-23,105.0,89.0
22018,1610612738,1610612766,Boston Celtics,Charlotte Hornets,BOS,CHA,2018-12-23,119.0,103.0
22018,1610612758,1610612740,Sacramento Kings,New Orleans Pelicans,SAC,NOP,2018-12-23,122.0,117.0
22018,1610612765,1610612737,Detroit Pistons,Atlanta Hawks,DET,ATL,2018-12-23,95.0,98.0
22018,1610612744,1610612746,Golden State Warriors,LA Clippers,GSW,LAC,2018-12-23,129.0,127.0
22018,1610612747,1610612763,Los Angeles Lakers,Memphis Grizzlies,LAL,MEM,2018-12-23,99.0,107.0
22018,1610612760,1610612750,Oklahoma City Thunder,Minnesota Timberwolves,OKC,MIN,2018-12-23,112.0,114.0
22018,1610612753,1610612748,Orlando Magic,Miami Heat,ORL,MIA,2018-12-23,91.0,115.0
22018,1610612745,1610612760,Houston Rockets,Oklahoma City Thunder,HOU,OKC,2018-12-25,113.0,109.0
22018,1610612752,1610612749,New York Knicks,Milwaukee Bucks,NYK,MIL,2018-12-25,95.0,109.0
22018,1610612744,1610612747,Golden State Warriors,Los Angeles Lakers,GSW,LAL,2018-12-25,101.0,127.0
22018,1610612738,1610612755,Boston Celtics,Philadelphia 76ers,BOS,PHI,2018-12-25,121.0,114.0
22018,1610612762,1610612757,Utah Jazz,Portland Trail Blazers,UTA,POR,2018-12-25,117.0,96.0
22018,1610612751,1610612766,Brooklyn Nets,Charlotte Hornets,BKN,CHA,2018-12-26,134.0,132.0
22018,1610612765,1610612764,Detroit Pistons,Washington Wizards,DET,WAS,2018-12-26,106.0,95.0
22018,1610612759,1610612743,San Antonio Spurs,Denver Nuggets,SAS,DEN,2018-12-26,111.0,103.0
22018,1610612748,1610612761,Miami Heat,Toronto Raptors,MIA,TOR,2018-12-26,104.0,106.0
22018,1610612746,1610612758,LA Clippers,Sacramento Kings,LAC,SAC,2018-12-26,127.0,118.0
22018,1610612753,1610612756,Orlando Magic,Phoenix Suns,ORL,PHX,2018-12-26,120.0,122.0
22018,1610612742,1610612740,Dallas Mavericks,New Orleans Pelicans,DAL,NOP,2018-12-26,122.0,119.0
22018,1610612737,1610612754,Atlanta Hawks,Indiana Pacers,ATL,IND,2018-12-26,121.0,129.0
22018,1610612741,1610612750,Chicago Bulls,Minnesota Timberwolves,CHI,MIN,2018-12-26,94.0,119.0
22018,1610612763,1610612739,Memphis Grizzlies,Cleveland Cavaliers,MEM,CLE,2018-12-26,95.0,87.0
22018,1610612744,1610612757,Golden State Warriors,Portland Trail Blazers,GSW,POR,2018-12-27,109.0,110.0
22018,1610612749,1610612752,Milwaukee Bucks,New York Knicks,MIL,NYK,2018-12-27,112.0,96.0
22018,1610612762,1610612755,Utah Jazz,Philadelphia 76ers,UTA,PHI,2018-12-27,97.0,114.0
22018,1610612758,1610612747,Sacramento Kings,Los Angeles Lakers,SAC,LAL,2018-12-27,117.0,116.0
22018,1610612745,1610612738,Houston Rockets,Boston Celtics,HOU,BOS,2018-12-27,127.0,113.0
22018,1610612754,1610612765,Indiana Pacers,Detroit Pistons,IND,DET,2018-12-28,125.0,88.0
22018,1610612750,1610612737,Minnesota Timberwolves,Atlanta Hawks,MIN,ATL,2018-12-28,120.0,123.0
22018,1610612743,1610612759,Denver Nuggets,San Antonio Spurs,DEN,SAS,2018-12-28,102.0,99.0
22018,1610612756,1610612760,Phoenix Suns,Oklahoma City Thunder,PHX,OKC,2018-12-28,102.0,118.0
22018,1610612747,1610612746,Los Angeles Lakers,LA Clippers,LAL,LAC,2018-12-28,107.0,118.0
22018,1610612766,1610612751,Charlotte Hornets,Brooklyn Nets,CHA,BKN,2018-12-28,100.0,87.0
22018,1610612748,1610612739,Miami Heat,Cleveland Cavaliers,MIA,CLE,2018-12-28,118.0,94.0
22018,1610612753,1610612761,Orlando Magic,Toronto Raptors,ORL,TOR,2018-12-28,116.0,87.0
22018,1610612740,1610612742,New Orleans Pelicans,Dallas Mavericks,NOP,DAL,2018-12-28,114.0,112.0
22018,1610612764,1610612741,Washington Wizards,Chicago Bulls,WAS,CHI,2018-12-28,92.0,101.0
22018,1610612763,1610612738,Memphis Grizzlies,Boston Celtics,MEM,BOS,2018-12-29,103.0,112.0
22018,1610612757,1610612744,Portland Trail Blazers,Golden State Warriors,POR,GSW,2018-12-29,105.0,115.0
22018,1610612737,1610612739,Atlanta Hawks,Cleveland Cavaliers,ATL,CLE,2018-12-29,111.0,108.0
22018,1610612762,1610612752,Utah Jazz,New York Knicks,UTA,NYK,2018-12-29,129.0,97.0
22018,1610612756,1610612743,Phoenix Suns,Denver Nuggets,PHX,DEN,2018-12-29,118.0,122.0
22018,1610612764,1610612766,Washington Wizards,Charlotte Hornets,WAS,CHA,2018-12-29,130.0,126.0
22018,1610612749,1610612751,Milwaukee Bucks,Brooklyn Nets,MIL,BKN,2018-12-29,129.0,115.0
22018,1610612740,1610612745,New Orleans Pelicans,Houston Rockets,NOP,HOU,2018-12-29,104.0,108.0
22018,1610612746,1610612759,LA Clippers,San Antonio Spurs,LAC,SAS,2018-12-29,111.0,122.0
22018,1610612748,1610612750,Miami Heat,Minnesota Timberwolves,MIA,MIN,2018-12-30,104.0,113.0
22018,1610612761,1610612741,Toronto Raptors,Chicago Bulls,TOR,CHI,2018-12-30,95.0,89.0
22018,1610612753,1610612765,Orlando Magic,Detroit Pistons,ORL,DET,2018-12-30,109.0,107.0
22018,1610612747,1610612758,Los Angeles Lakers,Sacramento Kings,LAL,SAC,2018-12-30,121.0,114.0
22018,1610612757,1610612755,Portland Trail Blazers,Philadelphia 76ers,POR,PHI,2018-12-30,129.0,95.0
22018,1610612742,1610612760,Dallas Mavericks,Oklahoma City Thunder,DAL,OKC,2018-12-30,105.0,103.0
22018,1610612745,1610612763,Houston Rockets,Memphis Grizzlies,HOU,MEM,2018-12-31,113.0,101.0
22018,1610612760,1610612742,Oklahoma City Thunder,Dallas Mavericks,OKC,DAL,2018-12-31,122.0,102.0
22018,1610612754,1610612737,Indiana Pacers,Atlanta Hawks,IND,ATL,2018-12-31,116.0,108.0
22018,1610612756,1610612744,Phoenix Suns,Golden State Warriors,PHX,GSW,2018-12-31,109.0,132.0
22018,1610612759,1610612738,San Antonio Spurs,Boston Celtics,SAS,BOS,2018-12-31,120.0,111.0
22018,1610612740,1610612750,New Orleans Pelicans,Minnesota Timberwolves,NOP,MIN,2018-12-31,123.0,114.0
22018,1610612766,1610612753,Charlotte Hornets,Orlando Magic,CHA,ORL,2018-12-31,125.0,100.0
22018,1610612749,1610612765,Milwaukee Bucks,Detroit Pistons,MIL,DET,2019-01-01,121.0,98.0
22018,1610612761,1610612762,Toronto Raptors,Utah Jazz,TOR,UTA,2019-01-01,122.0,116.0
22018,1610612758,1610612757,Sacramento Kings,Portland Trail Blazers,SAC,POR,2019-01-01,108.0,113.0
22018,1610612743,1610612752,Denver Nuggets,New York Knicks,DEN,NYK,2019-01-01,115.0,108.0
22018,1610612746,1610612755,LA Clippers,Philadelphia 76ers,LAC,PHI,2019-01-01,113.0,119.0
22018,1610612739,1610612748,Cleveland Cavaliers,Miami Heat,CLE,MIA,2019-01-02,92.0,117.0
22018,1610612738,1610612750,Boston Celtics,Minnesota Timberwolves,BOS,MIN,2019-01-02,115.0,102.0
22018,1610612751,1610612740,Brooklyn Nets,New Orleans Pelicans,BKN,NOP,2019-01-02,126.0,121.0
22018,1610612756,1610612755,Phoenix Suns,Philadelphia 76ers,PHX,PHI,2019-01-02,127.0,132.0
22018,1610612747,1610612760,Los Angeles Lakers,Oklahoma City Thunder,LAL,OKC,2019-01-02,100.0,107.0
22018,1610612764,1610612737,Washington Wizards,Atlanta Hawks,WAS,ATL,2019-01-02,114.0,98.0
22018,1610612766,1610612742,Charlotte Hornets,Dallas Mavericks,CHA,DAL,2019-01-02,84.0,122.0
22018,1610612741,1610612753,Chicago Bulls,Orlando Magic,CHI,ORL,2019-01-02,84.0,112.0
22018,1610612763,1610612765,Memphis Grizzlies,Detroit Pistons,MEM,DET,2019-01-02,94.0,101.0
22018,1610612758,1610612743,Sacramento Kings,Denver Nuggets,SAC,DEN,2019-01-03,113.0,117.0
22018,1610612759,1610612761,San Antonio Spurs,Toronto Raptors,SAS,TOR,2019-01-03,125.0,107.0
22018,1610612744,1610612745,Golden State Warriors,Houston Rockets,GSW,HOU,2019-01-03,134.0,135.0
22018,1610612749,1610612737,Milwaukee Bucks,Atlanta Hawks,MIL,ATL,2019-01-04,144.0,112.0
22018,1610612738,1610612742,Boston Celtics,Dallas Mavericks,BOS,DAL,2019-01-04,114.0,93.0
22018,1610612750,1610612753,Minnesota Timberwolves,Orlando Magic,MIN,ORL,2019-01-04,120.0,103.0
22018,1610612739,1610612762,Cleveland Cavaliers,Utah Jazz,CLE,UTA,2019-01-04,91.0,117.0
22018,1610612757,1610612760,Portland Trail Blazers,Oklahoma City Thunder,POR,OKC,2019-01-04,109.0,111.0
22018,1610612756,1610612746,Phoenix Suns,LA Clippers,PHX,LAC,2019-01-04,111.0,121.0
22018,1610612763,1610612751,Memphis Grizzlies,Brooklyn Nets,MEM,BKN,2019-01-04,100.0,109.0
22018,1610612741,1610612754,Chicago Bulls,Indiana Pacers,CHI,IND,2019-01-04,116.0,119.0
22018,1610612748,1610612764,Miami Heat,Washington Wizards,MIA,WAS,2019-01-04,115.0,109.0
22018,1610612747,1610612752,Los Angeles Lakers,New York Knicks,LAL,NYK,2019-01-04,112.0,119.0
22018,1610612743,1610612766,Denver Nuggets,Charlotte Hornets,DEN,CHA,2019-01-05,123.0,110.0
22018,1610612759,1610612763,San Antonio Spurs,Memphis Grizzlies,SAS,MEM,2019-01-05,108.0,88.0
22018,1610612758,1610612744,Sacramento Kings,Golden State Warriors,SAC,GSW,2019-01-05,123.0,127.0
22018,1610612757,1610612745,Portland Trail Blazers,Houston Rockets,POR,HOU,2019-01-05,110.0,101.0
22018,1610612739,1610612740,Cleveland Cavaliers,New Orleans Pelicans,CLE,NOP,2019-01-05,98.0,133.0
22018,1610612755,1610612742,Philadelphia 76ers,Dallas Mavericks,PHI,DAL,2019-01-05,106.0,100.0
22018,1610612765,1610612762,Detroit Pistons,Utah Jazz,DET,UTA,2019-01-05,105.0,110.0
22018,1610612749,1610612761,Milwaukee Bucks,Toronto Raptors,MIL,TOR,2019-01-05,116.0,123.0
22018,1610612756,1610612766,Phoenix Suns,Charlotte Hornets,PHX,CHA,2019-01-06,113.0,119.0
22018,1610612746,1610612753,LA Clippers,Orlando Magic,LAC,ORL,2019-01-06,106.0,96.0
22018,1610612741,1610612751,Chicago Bulls,Brooklyn Nets,CHI,BKN,2019-01-06,100.0,117.0
22018,1610612760,1610612764,Oklahoma City Thunder,Washington Wizards,OKC,WAS,2019-01-06,98.0,116.0
22018,1610612737,1610612748,Atlanta Hawks,Miami Heat,ATL,MIA,2019-01-06,106.0,82.0
22018,1610612761,1610612754,Toronto Raptors,Indiana Pacers,TOR,IND,2019-01-06,121.0,105.0
22018,1610612750,1610612747,Minnesota Timberwolves,Los Angeles Lakers,MIN,LAL,2019-01-06,108.0,86.0
22018,1610612749,1610612762,Milwaukee Bucks,Utah Jazz,MIL,UTA,2019-01-07,114.0,102.0
22018,1610612765,1610612759,Detroit Pistons,San Antonio Spurs,DET,SAS,2019-01-07,107.0,119.0
22018,1610612742,1610612747,Dallas Mavericks,Los Angeles Lakers,DAL,LAL,2019-01-07,97.0,107.0
22018,1610612738,1610612751,Boston Celtics,Brooklyn Nets,BOS,BKN,2019-01-07,116.0,95.0
22018,1610612745,1610612743,Houston Rockets,Denver Nuggets,HOU,DEN,2019-01-07,125.0,113.0
22018,1610612757,1610612752,Portland Trail Blazers,New York Knicks,POR,NYK,2019-01-07,111.0,101.0
22018,1610612758,1610612753,Sacramento Kings,Orlando Magic,SAC,ORL,2019-01-07,111.0,95.0
22018,1610612740,1610612763,New Orleans Pelicans,Memphis Grizzlies,NOP,MEM,2019-01-07,114.0,95.0
22018,1610612760,1610612750,Oklahoma City Thunder,Minnesota Timberwolves,OKC,MIN,2019-01-08,117.0,119.0
22018,1610612746,1610612766,LA Clippers,Charlotte Hornets,LAC,CHA,2019-01-08,128.0,109.0
22018,1610612739,1610612754,Cleveland Cavaliers,Indiana Pacers,CLE,IND,2019-01-08,115.0,123.0
22018,1610612755,1610612764,Philadelphia 76ers,Washington Wizards,PHI,WAS,2019-01-08,132.0,115.0
22018,1610612761,1610612737,Toronto Raptors,Atlanta Hawks,TOR,ATL,2019-01-08,104.0,101.0
22018,1610612756,1610612758,Phoenix Suns,Sacramento Kings,PHX,SAC,2019-01-08,115.0,111.0
22018,1610612744,1610612752,Golden State Warriors,New York Knicks,GSW,NYK,2019-01-08,122.0,95.0
22018,1610612748,1610612743,Miami Heat,Denver Nuggets,MIA,DEN,2019-01-08,99.0,103.0
22018,1610612762,1610612753,Utah Jazz,Orlando Magic,UTA,ORL,2019-01-09,106.0,93.0
22018,1610612742,1610612756,Dallas Mavericks,Phoenix Suns,DAL,PHX,2019-01-09,104.0,94.0
22018,1610612763,1610612759,Memphis Grizzlies,San Antonio Spurs,MEM,SAS,2019-01-09,96.0,86.0
22018,1610612747,1610612765,Los Angeles Lakers,Detroit Pistons,LAL,DET,2019-01-09,113.0,100.0
22018,1610612757,1610612741,Portland Trail Blazers,Chicago Bulls,POR,CHI,2019-01-09,124.0,112.0
22018,1610612740,1610612739,New Orleans Pelicans,Cleveland Cavaliers,NOP,CLE,2019-01-09,140.0,124.0
22018,1610612764,1610612755,Washington Wizards,Philadelphia 76ers,WAS,PHI,2019-01-09,123.0,106.0
22018,1610612745,1610612749,Houston Rockets,Milwaukee Bucks,HOU,MIL,2019-01-09,109.0,116.0
22018,1610612751,1610612737,Brooklyn Nets,Atlanta Hawks,BKN,ATL,2019-01-09,116.0,100.0
22018,1610612738,1610612754,Boston Celtics,Indiana Pacers,BOS,IND,2019-01-09,135.0,108.0
22018,1610612743,1610612746,Denver Nuggets,LA Clippers,DEN,LAC,2019-01-10,121.0,100.0
22018,1610612758,1610612765,Sacramento Kings,Detroit Pistons,SAC,DET,2019-01-10,112.0,102.0
22018,1610612759,1610612760,San Antonio Spurs,Oklahoma City Thunder,SAS,OKC,2019-01-10,154.0,147.0
22018,1610612748,1610612738,Miami Heat,Boston Celtics,MIA,BOS,2019-01-10,115.0,99.0
22018,1610612752,1610612754,New York Knicks,Indiana Pacers,NYK,IND,2019-01-11,106.0,121.0
22018,1610612744,1610612741,Golden State Warriors,Chicago Bulls,GSW,CHI,2019-01-11,146.0,109.0
22018,1610612761,1610612751,Toronto Raptors,Brooklyn Nets,TOR,BKN,2019-01-11,122.0,105.0
22018,1610612745,1610612739,Houston Rockets,Cleveland Cavaliers,HOU,CLE,2019-01-11,141.0,113.0
22018,1610612764,1610612749,Washington Wizards,Milwaukee Bucks,WAS,MIL,2019-01-11,113.0,106.0
22018,1610612762,1610612747,Utah Jazz,Los Angeles Lakers,UTA,LAL,2019-01-11,113.0,95.0
22018,1610612757,1610612766,Portland Trail Blazers,Charlotte Hornets,POR,CHA,2019-01-11,127.0,96.0
22018,1610612755,1610612737,Philadelphia 76ers,Atlanta Hawks,PHI,ATL,2019-01-11,121.0,123.0
22018,1610612750,1610612742,Minnesota Timberwolves,Dallas Mavericks,MIN,DAL,2019-01-11,115.0,119.0
22018,1610612748,1610612763,Miami Heat,Memphis Grizzlies,MIA,MEM,2019-01-12,112.0,108.0
22018,1610612760,1610612759,Oklahoma City Thunder,San Antonio Spurs,OKC,SAS,2019-01-12,122.0,112.0
22018,1610612758,1610612766,Sacramento Kings,Charlotte Hornets,SAC,CHA,2019-01-12,104.0,97.0
22018,1610612756,1610612743,Phoenix Suns,Denver Nuggets,PHX,DEN,2019-01-12,102.0,93.0
22018,1610612762,1610612741,Utah Jazz,Chicago Bulls,UTA,CHI,2019-01-12,110.0,102.0
22018,1610612753,1610612738,Orlando Magic,Boston Celtics,ORL,BOS,2019-01-12,105.0,103.0
22018,1610612750,1610612740,Minnesota Timberwolves,New Orleans Pelicans,MIN,NOP,2019-01-12,110.0,106.0
22018,1610612746,1610612765,LA Clippers,Detroit Pistons,LAC,DET,2019-01-12,104.0,109.0
22018,1610612737,1610612749,Atlanta Hawks,Milwaukee Bucks,ATL,MIL,2019-01-13,114.0,133.0
22018,1610612764,1610612761,Washington Wizards,Toronto Raptors,WAS,TOR,2019-01-13,138.0,140.0
22018,1610612742,1610612744,Dallas Mavericks,Golden State Warriors,DAL,GSW,2019-01-13,114.0,119.0
22018,1610612747,1610612739,Los Angeles Lakers,Cleveland Cavaliers,LAL,CLE,2019-01-13,95.0,101.0
22018,1610612743,1610612757,Denver Nuggets,Portland Trail Blazers,DEN,POR,2019-01-13,116.0,113.0
22018,1610612753,1610612745,Orlando Magic,Houston Rockets,ORL,HOU,2019-01-13,116.0,109.0
22018,1610612752,1610612755,New York Knicks,Philadelphia 76ers,NYK,PHI,2019-01-13,105.0,108.0
22018,1610612746,1610612740,LA Clippers,New Orleans Pelicans,LAC,NOP,2019-01-14,117.0,121.0
22018,1610612745,1610612763,Houston Rockets,Memphis Grizzlies,HOU,MEM,2019-01-14,112.0,94.0
22018,1610612751,1610612738,Brooklyn Nets,Boston Celtics,BKN,BOS,2019-01-14,109.0,102.0
22018,1610612758,1610612757,Sacramento Kings,Portland Trail Blazers,SAC,POR,2019-01-14,115.0,107.0
22018,1610612759,1610612766,San Antonio Spurs,Charlotte Hornets,SAS,CHA,2019-01-14,93.0,108.0
22018,1610612762,1610612765,Utah Jazz,Detroit Pistons,UTA,DET,2019-01-14,100.0,94.0
22018,1610612755,1610612750,Philadelphia 76ers,Minnesota Timberwolves,PHI,MIN,2019-01-15,149.0,107.0
22018,1610612743,1610612744,Denver Nuggets,Golden State Warriors,DEN,GSW,2019-01-15,111.0,142.0
22018,1610612754,1610612756,Indiana Pacers,Phoenix Suns,IND,PHX,2019-01-15,131.0,97.0
22018,1610612747,1610612741,Los Angeles Lakers,Chicago Bulls,LAL,CHI,2019-01-15,107.0,100.0
22018,1610612749,1610612748,Milwaukee Bucks,Miami Heat,MIL,MIA,2019-01-15,124.0,86.0
22018,1610612737,1610612760,Atlanta Hawks,Oklahoma City Thunder,ATL,OKC,2019-01-15,142.0,126.0
22018,1610612763,1610612749,Memphis Grizzlies,Milwaukee Bucks,MEM,MIL,2019-01-16,101.0,111.0
22018,1610612746,1610612762,LA Clippers,Utah Jazz,LAC,UTA,2019-01-16,109.0,129.0
22018,1610612745,1610612751,Houston Rockets,Brooklyn Nets,HOU,BKN,2019-01-16,142.0,145.0
22018,1610612744,1610612740,Golden State Warriors,New Orleans Pelicans,GSW,NOP,2019-01-16,147.0,140.0
22018,1610612757,1610612739,Portland Trail Blazers,Cleveland Cavaliers,POR,CLE,2019-01-16,129.0,112.0
22018,1610612738,1610612761,Boston Celtics,Toronto Raptors,BOS,TOR,2019-01-16,117.0,108.0
22018,1610612742,1610612759,Dallas Mavericks,San Antonio Spurs,DAL,SAS,2019-01-16,101.0,105.0
22018,1610612765,1610612753,Detroit Pistons,Orlando Magic,DET,ORL,2019-01-16,120.0,115.0
22018,1610612761,1610612756,Toronto Raptors,Phoenix Suns,TOR,PHX,2019-01-17,111.0,109.0
22018,1610612764,1610612752,Washington Wizards,New York Knicks,WAS,NYK,2019-01-17,101.0,100.0
22018,1610612743,1610612741,Denver Nuggets,Chicago Bulls,DEN,CHI,2019-01-17,135.0,105.0
22018,1610612760,1610612747,Oklahoma City Thunder,Los Angeles Lakers,OKC,LAL,2019-01-17,128.0,138.0
22018,1610612766,1610612758,Charlotte Hornets,Sacramento Kings,CHA,SAC,2019-01-17,114.0,95.0
22018,1610612754,1610612755,Indiana Pacers,Philadelphia 76ers,IND,PHI,2019-01-17,96.0,120.0
22018,1610612753,1610612751,Orlando Magic,Brooklyn Nets,ORL,BKN,2019-01-18,115.0,117.0
22018,1610612757,1610612740,Portland Trail Blazers,New Orleans Pelicans,POR,NOP,2019-01-18,128.0,112.0
22018,1610612765,1610612748,Detroit Pistons,Miami Heat,DET,MIA,2019-01-18,98.0,93.0
22018,1610612762,1610612739,Utah Jazz,Cleveland Cavaliers,UTA,CLE,2019-01-18,115.0,99.0
22018,1610612746,1610612744,LA Clippers,Golden State Warriors,LAC,GSW,2019-01-18,94.0,112.0
22018,1610612738,1610612763,Boston Celtics,Memphis Grizzlies,BOS,MEM,2019-01-18,122.0,116.0
22018,1610612750,1610612759,Minnesota Timberwolves,San Antonio Spurs,MIN,SAS,2019-01-18,113.0,116.0
22018,1610612737,1610612738,Atlanta Hawks,Boston Celtics,ATL,BOS,2019-01-19,105.0,113.0
22018,1610612755,1610612760,Philadelphia 76ers,Oklahoma City Thunder,PHI,OKC,2019-01-19,115.0,117.0
22018,1610612766,1610612756,Charlotte Hornets,Phoenix Suns,CHA,PHX,2019-01-19,135.0,115.0
22018,1610612743,1610612739,Denver Nuggets,Cleveland Cavaliers,DEN,CLE,2019-01-19,124.0,102.0
22018,1610612754,1610612742,Indiana Pacers,Dallas Mavericks,IND,DAL,2019-01-19,111.0,99.0
22018,1610612761,1610612763,Toronto Raptors,Memphis Grizzlies,TOR,MEM,2019-01-19,119.0,90.0
22018,1610612765,1610612758,Detroit Pistons,Sacramento Kings,DET,SAC,2019-01-19,101.0,103.0
22018,1610612753,1610612749,Orlando Magic,Milwaukee Bucks,ORL,MIL,2019-01-19,108.0,118.0
22018,1610612745,1610612747,Houston Rockets,Los Angeles Lakers,HOU,LAL,2019-01-19,138.0,134.0
22018,1610612741,1610612748,Chicago Bulls,Miami Heat,CHI,MIA,2019-01-19,103.0,117.0
22018,1610612754,1610612766,Indiana Pacers,Charlotte Hornets,IND,CHA,2019-01-20,120.0,95.0
22018,1610612750,1610612756,Minnesota Timberwolves,Phoenix Suns,MIN,PHX,2019-01-20,116.0,114.0
22018,1610612759,1610612746,San Antonio Spurs,LA Clippers,SAS,LAC,2019-01-20,95.0,103.0
22018,1610612738,1610612748,Boston Celtics,Miami Heat,BOS,MIA,2019-01-21,107.0,99.0
22018,1610612755,1610612745,Philadelphia 76ers,Houston Rockets,PHI,HOU,2019-01-21,121.0,93.0
22018,1610612764,1610612765,Washington Wizards,Detroit Pistons,WAS,DET,2019-01-21,101.0,87.0
22018,1610612737,1610612753,Atlanta Hawks,Orlando Magic,ATL,ORL,2019-01-21,103.0,122.0
22018,1610612739,1610612741,Cleveland Cavaliers,Chicago Bulls,CLE,CHI,2019-01-21,88.0,104.0
22018,1610612762,1610612757,Utah Jazz,Portland Trail Blazers,UTA,POR,2019-01-21,104.0,109.0
22018,1610612752,1610612760,New York Knicks,Oklahoma City Thunder,NYK,OKC,2019-01-21,109.0,127.0
22018,1610612749,1610612742,Milwaukee Bucks,Dallas Mavericks,MIL,DAL,2019-01-21,116.0,106.0
22018,1610612747,1610612744,Los Angeles Lakers,Golden State Warriors,LAL,GSW,2019-01-21,111.0,130.0
22018,1610612763,1610612740,Memphis Grizzlies,New Orleans Pelicans,MEM,NOP,2019-01-21,85.0,105.0
22018,1610612751,1610612758,Brooklyn Nets,Sacramento Kings,BKN,SAC,2019-01-21,123.0,94.0
22018,1610612760,1610612757,Oklahoma City Thunder,Portland Trail Blazers,OKC,POR,2019-01-22,123.0,114.0
22018,1610612756,1610612750,Phoenix Suns,Minnesota Timberwolves,PHX,MIN,2019-01-22,91.0,118.0
22018,1610612761,1610612758,Toronto Raptors,Sacramento Kings,TOR,SAC,2019-01-22,120.0,105.0
22018,1610612742,1610612746,Dallas Mavericks,LA Clippers,DAL,LAC,2019-01-22,106.0,98.0
22018,1610612752,1610612745,New York Knicks,Houston Rockets,NYK,HOU,2019-01-23,110.0,114.0
22018,1610612740,1610612765,New Orleans Pelicans,Detroit Pistons,NOP,DET,2019-01-23,94.0,98.0
22018,1610612738,1610612739,Boston Celtics,Cleveland Cavaliers,BOS,CLE,2019-01-23,123.0,103.0
22018,1610612754,1610612761,Indiana Pacers,Toronto Raptors,IND,TOR,2019-01-23,110.0,106.0
22018,1610612755,1610612759,Philadelphia 76ers,San Antonio Spurs,PHI,SAS,2019-01-23,122.0,120.0
22018,1610612763,1610612766,Memphis Grizzlies,Charlotte Hornets,MEM,CHA,2019-01-23,107.0,118.0
22018,1610612741,1610612737,Chicago Bulls,Atlanta Hawks,CHI,ATL,2019-01-23,101.0,121.0
22018,1610612762,1610612743,Utah Jazz,Denver Nuggets,UTA,DEN,2019-01-23,114.0,108.0
22018,1610612751,1610612753,Brooklyn Nets,Orlando Magic,BKN,ORL,2019-01-23,114.0,110.0
22018,1610612748,1610612746,Miami Heat,LA Clippers,MIA,LAC,2019-01-23,99.0,111.0
22018,1610612760,1610612740,Oklahoma City Thunder,New Orleans Pelicans,OKC,NOP,2019-01-24,122.0,116.0
22018,1610612764,1610612744,Washington Wizards,Golden State Warriors,WAS,GSW,2019-01-24,118.0,126.0
22018,1610612747,1610612750,Los Angeles Lakers,Minnesota Timberwolves,LAL,MIN,2019-01-24,105.0,120.0
22018,1610612756,1610612757,Phoenix Suns,Portland Trail Blazers,PHX,POR,2019-01-24,106.0,120.0
22018,1610612753,1610612764,Orlando Magic,Washington Wizards,ORL,WAS,2019-01-25,91.0,95.0
22018,1610612745,1610612761,Houston Rockets,Toronto Raptors,HOU,TOR,2019-01-25,121.0,119.0
22018,1610612749,1610612766,Milwaukee Bucks,Charlotte Hornets,MIL,CHA,2019-01-25,108.0,99.0
22018,1610612751,1610612752,Brooklyn Nets,New York Knicks,BKN,NYK,2019-01-25,109.0,99.0
22018,1610612743,1610612756,Denver Nuggets,Phoenix Suns,DEN,PHX,2019-01-25,132.0,95.0
22018,1610612762,1610612750,Utah Jazz,Minnesota Timberwolves,UTA,MIN,2019-01-25,106.0,102.0
22018,1610612742,1610612765,Dallas Mavericks,Detroit Pistons,DAL,DET,2019-01-25,106.0,101.0
22018,1610612763,1610612758,Memphis Grizzlies,Sacramento Kings,MEM,SAC,2019-01-25,96.0,99.0
22018,1610612741,1610612746,Chicago Bulls,LA Clippers,CHI,LAC,2019-01-25,101.0,106.0
22018,1610612739,1610612748,Cleveland Cavaliers,Miami Heat,CLE,MIA,2019-01-25,94.0,100.0
22018,1610612757,1610612737,Portland Trail Blazers,Atlanta Hawks,POR,ATL,2019-01-26,120.0,111.0
22018,1610612763,1610612754,Memphis Grizzlies,Indiana Pacers,MEM,IND,2019-01-26,106.0,103.0
22018,1610612743,1610612755,Denver Nuggets,Philadelphia 76ers,DEN,PHI,2019-01-26,126.0,110.0
22018,1610612738,1610612744,Boston Celtics,Golden State Warriors,BOS,GSW,2019-01-26,111.0,115.0
22018,1610612740,1610612759,New Orleans Pelicans,San Antonio Spurs,NOP,SAS,2019-01-26,114.0,126.0
22018,1610612746,1610612758,LA Clippers,Sacramento Kings,LAC,SAC,2019-01-27,122.0,108.0
22018,1610612750,1610612762,Minnesota Timberwolves,Utah Jazz,MIN,UTA,2019-01-27,111.0,125.0
22018,1610612760,1610612749,Oklahoma City Thunder,Milwaukee Bucks,OKC,MIL,2019-01-27,118.0,112.0
22018,1610612741,1610612739,Chicago Bulls,Cleveland Cavaliers,CHI,CLE,2019-01-27,101.0,104.0
22018,1610612745,1610612753,Houston Rockets,Orlando Magic,HOU,ORL,2019-01-27,103.0,98.0
22018,1610612742,1610612761,Dallas Mavericks,Toronto Raptors,DAL,TOR,2019-01-27,120.0,123.0
22018,1610612759,1610612764,San Antonio Spurs,Washington Wizards,SAS,WAS,2019-01-27,132.0,119.0
22018,1610612747,1610612756,Los Angeles Lakers,Phoenix Suns,LAL,PHX,2019-01-27,116.0,102.0
22018,1610612752,1610612748,New York Knicks,Miami Heat,NYK,MIA,2019-01-27,97.0,106.0
22018,1610612766,1610612752,Charlotte Hornets,New York Knicks,CHA,NYK,2019-01-28,101.0,92.0
22018,1610612763,1610612743,Memphis Grizzlies,Denver Nuggets,MEM,DEN,2019-01-28,92.0,95.0
22018,1610612754,1610612744,Indiana Pacers,Golden State Warriors,IND,GSW,2019-01-28,100.0,132.0
22018,1610612746,1610612737,LA Clippers,Atlanta Hawks,LAC,ATL,2019-01-28,118.0,123.0
22018,1610612738,1610612751,Boston Celtics,Brooklyn Nets,BOS,BKN,2019-01-28,112.0,104.0
22018,1610612759,1610612756,San Antonio Spurs,Phoenix Suns,SAS,PHX,2019-01-29,126.0,124.0
22018,1610612739,1610612764,Cleveland Cavaliers,Washington Wizards,CLE,WAS,2019-01-29,116.0,113.0
22018,1610612765,1610612749,Detroit Pistons,Milwaukee Bucks,DET,MIL,2019-01-29,105.0,115.0
22018,1610612747,1610612755,Los Angeles Lakers,Philadelphia 76ers,LAL,PHI,2019-01-29,105.0,121.0
22018,1610612753,1610612760,Orlando Magic,Oklahoma City Thunder,ORL,OKC,2019-01-29,117.0,126.0
22018,1610612751,1610612741,Brooklyn Nets,Chicago Bulls,BKN,CHI,2019-01-29,122.0,117.0
22018,1610612745,1610612740,Houston Rockets,New Orleans Pelicans,HOU,NOP,2019-01-29,116.0,121.0
22018,1610612750,1610612763,Minnesota Timberwolves,Memphis Grizzlies,MIN,MEM,2019-01-30,99.0,97.0
22018,1610612758,1610612737,Sacramento Kings,Atlanta Hawks,SAC,ATL,2019-01-30,135.0,113.0
22018,1610612757,1610612762,Portland Trail Blazers,Utah Jazz,POR,UTA,2019-01-30,132.0,105.0
22018,1610612738,1610612766,Boston Celtics,Charlotte Hornets,BOS,CHA,2019-01-30,126.0,94.0
22018,1610612764,1610612754,Washington Wizards,Indiana Pacers,WAS,IND,2019-01-30,107.0,89.0
22018,1610612740,1610612743,New Orleans Pelicans,Denver Nuggets,NOP,DEN,2019-01-30,99.0,105.0
22018,1610612748,1610612741,Miami Heat,Chicago Bulls,MIA,CHI,2019-01-30,89.0,105.0
22018,1610612752,1610612742,New York Knicks,Dallas Mavericks,NYK,DAL,2019-01-30,90.0,114.0
22018,1610612753,1610612754,Orlando Magic,Indiana Pacers,ORL,IND,2019-01-31,107.0,100.0
22018,1610612765,1610612742,Detroit Pistons,Dallas Mavericks,DET,DAL,2019-01-31,93.0,89.0
22018,1610612744,1610612755,Golden State Warriors,Philadelphia 76ers,GSW,PHI,2019-01-31,104.0,113.0
22018,1610612759,1610612751,San Antonio Spurs,Brooklyn Nets,SAS,BKN,2019-01-31,117.0,114.0
22018,1610612761,1610612749,Toronto Raptors,Milwaukee Bucks,TOR,MIL,2019-01-31,92.0,105.0
22018,1610612746,1610612747,LA Clippers,Los Angeles Lakers,LAC,LAL,2019-01-31,120.0,123.0
22018,1610612762,1610612737,Utah Jazz,Atlanta Hawks,UTA,ATL,2019-02-01,128.0,112.0
22018,1610612752,1610612738,New York Knicks,Boston Celtics,NYK,BOS,2019-02-01,99.0,113.0
22018,1610612766,1610612763,Charlotte Hornets,Memphis Grizzlies,CHA,MEM,2019-02-01,100.0,92.0
22018,1610612743,1610612745,Denver Nuggets,Houston Rockets,DEN,HOU,2019-02-01,136.0,122.0
22018,1610612748,1610612760,Miami Heat,Oklahoma City Thunder,MIA,OKC,2019-02-01,102.0,118.0
22018,1610612762,1610612745,Utah Jazz,Houston Rockets,UTA,HOU,2019-02-02,98.0,125.0
22018,1610612756,1610612737,Phoenix Suns,Atlanta Hawks,PHX,ATL,2019-02-02,112.0,118.0
22018,1610612750,1610612743,Minnesota Timberwolves,Denver Nuggets,MIN,DEN,2019-02-02,106.0,107.0
22018,1610612748,1610612754,Miami Heat,Indiana Pacers,MIA,IND,2019-02-02,88.0,95.0
22018,1610612744,1610612747,Golden State Warriors,Los Angeles Lakers,GSW,LAL,2019-02-02,115.0,101.0
22018,1610612765,1610612746,Detroit Pistons,LA Clippers,DET,LAC,2019-02-02,101.0,111.0
22018,1610612753,1610612751,Orlando Magic,Brooklyn Nets,ORL,BKN,2019-02-02,102.0,89.0
22018,1610612764,1610612749,Washington Wizards,Milwaukee Bucks,WAS,MIL,2019-02-02,115.0,131.0
22018,1610612759,1610612740,San Antonio Spurs,New Orleans Pelicans,SAS,NOP,2019-02-02,113.0,108.0
22018,1610612758,1610612755,Sacramento Kings,Philadelphia 76ers,SAC,PHI,2019-02-02,115.0,108.0
22018,1610612766,1610612741,Charlotte Hornets,Chicago Bulls,CHA,CHI,2019-02-02,125.0,118.0
22018,1610612739,1610612742,Cleveland Cavaliers,Dallas Mavericks,CLE,DAL,2019-02-02,98.0,111.0
22018,1610612738,1610612760,Boston Celtics,Oklahoma City Thunder,BOS,OKC,2019-02-03,134.0,129.0
22018,1610612752,1610612763,New York Knicks,Memphis Grizzlies,NYK,MEM,2019-02-03,84.0,96.0
22018,1610612761,1610612746,Toronto Raptors,LA Clippers,TOR,LAC,2019-02-03,121.0,103.0
22018,1610612756,1610612745,Phoenix Suns,Houston Rockets,PHX,HOU,2019-02-04,110.0,118.0
22018,1610612740,1610612754,New Orleans Pelicans,Indiana Pacers,NOP,IND,2019-02-04,107.0,109.0
22018,1610612765,1610612743,Detroit Pistons,Denver Nuggets,DET,DEN,2019-02-04,129.0,103.0
22018,1610612758,1610612759,Sacramento Kings,San Antonio Spurs,SAC,SAS,2019-02-04,127.0,112.0
22018,1610612751,1610612749,Brooklyn Nets,Milwaukee Bucks,BKN,MIL,2019-02-04,94.0,113.0
22018,1610612764,1610612737,Washington Wizards,Atlanta Hawks,WAS,ATL,2019-02-04,129.0,137.0
22018,1610612757,1610612748,Portland Trail Blazers,Miami Heat,POR,MIA,2019-02-05,108.0,118.0
22018,1610612755,1610612761,Philadelphia 76ers,Toronto Raptors,PHI,TOR,2019-02-05,107.0,119.0
22018,1610612754,1610612747,Indiana Pacers,Los Angeles Lakers,IND,LAL,2019-02-05,136.0,94.0
22018,1610612760,1610612753,Oklahoma City Thunder,Orlando Magic,OKC,ORL,2019-02-05,132.0,122.0
22018,1610612766,1610612746,Charlotte Hornets,LA Clippers,CHA,LAC,2019-02-05,115.0,117.0
22018,1610612752,1610612765,New York Knicks,Detroit Pistons,NYK,DET,2019-02-05,92.0,105.0
22018,1610612739,1610612738,Cleveland Cavaliers,Boston Celtics,CLE,BOS,2019-02-05,96.0,103.0
22018,1610612763,1610612750,Memphis Grizzlies,Minnesota Timberwolves,MEM,MIN,2019-02-05,108.0,106.0
22018,1610612742,1610612766,Dallas Mavericks,Charlotte Hornets,DAL,CHA,2019-02-06,99.0,93.0
22018,1610612741,1610612740,Chicago Bulls,New Orleans Pelicans,CHI,NOP,2019-02-06,120.0,125.0
22018,1610612751,1610612743,Brooklyn Nets,Denver Nuggets,BKN,DEN,2019-02-06,135.0,130.0
22018,1610612758,1610612745,Sacramento Kings,Houston Rockets,SAC,HOU,2019-02-06,101.0,127.0
22018,1610612762,1610612756,Utah Jazz,Phoenix Suns,UTA,PHX,2019-02-06,116.0,88.0
22018,1610612744,1610612759,Golden State Warriors,San Antonio Spurs,GSW,SAS,2019-02-06,141.0,102.0
22018,1610612749,1610612764,Milwaukee Bucks,Washington Wizards,MIL,WAS,2019-02-06,148.0,129.0
22018,1610612737,1610612761,Atlanta Hawks,Toronto Raptors,ATL,TOR,2019-02-07,101.0,119.0
22018,1610612753,1610612750,Orlando Magic,Minnesota Timberwolves,ORL,MIN,2019-02-07,122.0,112.0
22018,1610612754,1610612746,Indiana Pacers,LA Clippers,IND,LAC,2019-02-07,116.0,92.0
22018,1610612757,1610612759,Portland Trail Blazers,San Antonio Spurs,POR,SAS,2019-02-07,127.0,118.0
22018,1610612760,1610612763,Oklahoma City Thunder,Memphis Grizzlies,OKC,MEM,2019-02-07,117.0,95.0
22018,1610612738,1610612747,Boston Celtics,Los Angeles Lakers,BOS,LAL,2019-02-07,128.0,129.0
22018,1610612756,1610612744,Phoenix Suns,Golden State Warriors,PHX,GSW,2019-02-08,107.0,117.0
22018,1610612740,1610612750,New Orleans Pelicans,Minnesota Timberwolves,NOP,MIN,2019-02-08,122.0,117.0
22018,1610612755,1610612743,Philadelphia 76ers,Denver Nuggets,PHI,DEN,2019-02-08,117.0,110.0
22018,1610612765,1610612752,Detroit Pistons,New York Knicks,DET,NYK,2019-02-08,120.0,103.0
22018,1610612764,1610612739,Washington Wizards,Cleveland Cavaliers,WAS,CLE,2019-02-08,119.0,106.0
22018,1610612758,1610612748,Sacramento Kings,Miami Heat,SAC,MIA,2019-02-08,102.0,96.0
22018,1610612742,1610612749,Dallas Mavericks,Milwaukee Bucks,DAL,MIL,2019-02-08,107.0,122.0
22018,1610612751,1610612741,Brooklyn Nets,Chicago Bulls,BKN,CHI,2019-02-08,106.0,125.0
22018,1610612754,1610612739,Indiana Pacers,Cleveland Cavaliers,IND,CLE,2019-02-09,105.0,90.0
22018,1610612749,1610612753,Milwaukee Bucks,Orlando Magic,MIL,ORL,2019-02-09,83.0,103.0
22018,1610612737,1610612766,Atlanta Hawks,Charlotte Hornets,ATL,CHA,2019-02-09,120.0,129.0
22018,1610612762,1610612759,Utah Jazz,San Antonio Spurs,UTA,SAS,2019-02-09,125.0,105.0
22018,1610612738,1610612746,Boston Celtics,LA Clippers,BOS,LAC,2019-02-09,112.0,123.0
22018,1610612741,1610612764,Chicago Bulls,Washington Wizards,CHI,WAS,2019-02-09,125.0,134.0
22018,1610612745,1610612760,Houston Rockets,Oklahoma City Thunder,HOU,OKC,2019-02-09,112.0,117.0
22018,1610612763,1610612740,Memphis Grizzlies,New Orleans Pelicans,MEM,NOP,2019-02-09,99.0,90.0
22018,1610612752,1610612761,New York Knicks,Toronto Raptors,NYK,TOR,2019-02-09,99.0,104.0
22018,1610612755,1610612747,Philadelphia 76ers,Los Angeles Lakers,PHI,LAL,2019-02-10,143.0,120.0
22018,1610612737,1610612753,Atlanta Hawks,Orlando Magic,ATL,ORL,2019-02-10,108.0,124.0
22018,1610612744,1610612748,Golden State Warriors,Miami Heat,GSW,MIA,2019-02-10,120.0,118.0
22018,1610612742,1610612757,Dallas Mavericks,Portland Trail Blazers,DAL,POR,2019-02-10,102.0,101.0
22018,1610612758,1610612756,Sacramento Kings,Phoenix Suns,SAC,PHX,2019-02-10,117.0,104.0
22018,1610612760,1610612757,Oklahoma City Thunder,Portland Trail Blazers,OKC,POR,2019-02-11,120.0,111.0
22018,1610612754,1610612766,Indiana Pacers,Charlotte Hornets,IND,CHA,2019-02-11,99.0,90.0
22018,1610612761,1610612751,Toronto Raptors,Brooklyn Nets,TOR,BKN,2019-02-11,127.0,125.0
22018,1610612765,1610612764,Detroit Pistons,Washington Wizards,DET,WAS,2019-02-11,121.0,112.0
22018,1610612741,1610612749,Chicago Bulls,Milwaukee Bucks,CHI,MIL,2019-02-11,99.0,112.0
22018,1610612750,1610612746,Minnesota Timberwolves,LA Clippers,MIN,LAC,2019-02-11,130.0,120.0
22018,1610612745,1610612742,Houston Rockets,Dallas Mavericks,HOU,DAL,2019-02-11,120.0,104.0
22018,1610612739,1610612752,Cleveland Cavaliers,New York Knicks,CLE,NYK,2019-02-11,107.0,104.0
22018,1610612743,1610612748,Denver Nuggets,Miami Heat,DEN,MIA,2019-02-11,103.0,87.0
22018,1610612763,1610612759,Memphis Grizzlies,San Antonio Spurs,MEM,SAS,2019-02-12,107.0,108.0
22018,1610612740,1610612753,New Orleans Pelicans,Orlando Magic,NOP,ORL,2019-02-12,88.0,118.0
22018,1610612737,1610612747,Atlanta Hawks,Los Angeles Lakers,ATL,LAL,2019-02-12,117.0,113.0
22018,1610612755,1610612738,Philadelphia 76ers,Boston Celtics,PHI,BOS,2019-02-12,109.0,112.0
22018,1610612744,1610612762,Golden State Warriors,Utah Jazz,GSW,UTA,2019-02-12,115.0,108.0
22018,1610612750,1610612745,Minnesota Timberwolves,Houston Rockets,MIN,HOU,2019-02-13,121.0,111.0
22018,1610612761,1610612764,Toronto Raptors,Washington Wizards,TOR,WAS,2019-02-13,129.0,120.0
22018,1610612752,1610612755,New York Knicks,Philadelphia 76ers,NYK,PHI,2019-02-13,111.0,126.0
22018,1610612738,1610612765,Boston Celtics,Detroit Pistons,BOS,DET,2019-02-13,118.0,110.0
22018,1610612757,1610612744,Portland Trail Blazers,Golden State Warriors,POR,GSW,2019-02-13,129.0,107.0
22018,1610612746,1610612756,LA Clippers,Phoenix Suns,LAC,PHX,2019-02-13,134.0,107.0
22018,1610612743,1610612758,Denver Nuggets,Sacramento Kings,DEN,SAC,2019-02-13,120.0,118.0
22018,1610612741,1610612763,Chicago Bulls,Memphis Grizzlies,CHI,MEM,2019-02-13,122.0,110.0
22018,1610612739,1610612751,Cleveland Cavaliers,Brooklyn Nets,CLE,BKN,2019-02-13,139.0,148.0
22018,1610612754,1610612749,Indiana Pacers,Milwaukee Bucks,IND,MIL,2019-02-13,97.0,106.0
22018,1610612742,1610612748,Dallas Mavericks,Miami Heat,DAL,MIA,2019-02-13,101.0,112.0
22018,1610612737,1610612752,Atlanta Hawks,New York Knicks,ATL,NYK,2019-02-14,91.0,106.0
22018,1610612740,1610612760,New Orleans Pelicans,Oklahoma City Thunder,NOP,OKC,2019-02-14,131.0,122.0
22018,1610612753,1610612766,Orlando Magic,Charlotte Hornets,ORL,CHA,2019-02-14,127.0,89.0
22018,1610612739,1610612756,Cleveland Cavaliers,Phoenix Suns,CLE,PHX,2019-02-21,111.0,98.0
22018,1610612744,1610612758,Golden State Warriors,Sacramento Kings,GSW,SAC,2019-02-21,125.0,123.0
22018,1610612747,1610612745,Los Angeles Lakers,Houston Rockets,LAL,HOU,2019-02-21,111.0,106.0
22018,1610612749,1610612738,Milwaukee Bucks,Boston Celtics,MIL,BOS,2019-02-21,98.0,97.0
22018,1610612755,1610612748,Philadelphia 76ers,Miami Heat,PHI,MIA,2019-02-21,106.0,102.0
22018,1610612751,1610612757,Brooklyn Nets,Portland Trail Blazers,BKN,POR,2019-02-21,99.0,113.0
22018,1610612761,1610612759,Toronto Raptors,San Antonio Spurs,TOR,SAS,2019-02-22,120.0,117.0
22018,1610612737,1610612765,Atlanta Hawks,Detroit Pistons,ATL,DET,2019-02-22,122.0,125.0
22018,1610612754,1610612740,Indiana Pacers,New Orleans Pelicans,IND,NOP,2019-02-22,126.0,111.0
22018,1610612760,1610612762,Oklahoma City Thunder,Utah Jazz,OKC,UTA,2019-02-22,148.0,147.0
22018,1610612752,1610612750,New York Knicks,Minnesota Timberwolves,NYK,MIN,2019-02-22,104.0,115.0
22018,1610612742,1610612743,Dallas Mavericks,Denver Nuggets,DAL,DEN,2019-02-22,104.0,114.0
22018,1610612753,1610612741,Orlando Magic,Chicago Bulls,ORL,CHI,2019-02-22,109.0,110.0
22018,1610612763,1610612746,Memphis Grizzlies,LA Clippers,MEM,LAC,2019-02-22,106.0,112.0
22018,1610612766,1610612764,Charlotte Hornets,Washington Wizards,CHA,WAS,2019-02-22,123.0,110.0
22018,1610612755,1610612757,Philadelphia 76ers,Portland Trail Blazers,PHI,POR,2019-02-23,115.0,130.0
22018,1610612762,1610612742,Utah Jazz,Dallas Mavericks,UTA,DAL,2019-02-23,125.0,109.0
22018,1610612741,1610612738,Chicago Bulls,Boston Celtics,CHI,BOS,2019-02-23,126.0,116.0
22018,1610612748,1610612765,Miami Heat,Detroit Pistons,MIA,DET,2019-02-23,96.0,119.0
22018,1610612737,1610612756,Atlanta Hawks,Phoenix Suns,ATL,PHX,2019-02-23,120.0,112.0
22018,1610612744,1610612745,Golden State Warriors,Houston Rockets,GSW,HOU,2019-02-23,112.0,118.0
22018,1610612764,1610612754,Washington Wizards,Indiana Pacers,WAS,IND,2019-02-23,112.0,119.0
22018,1610612739,1610612763,Cleveland Cavaliers,Memphis Grizzlies,CLE,MEM,2019-02-23,112.0,107.0
22018,1610612760,1610612758,Oklahoma City Thunder,Sacramento Kings,OKC,SAC,2019-02-23,116.0,119.0
22018,1610612749,1610612750,Milwaukee Bucks,Minnesota Timberwolves,MIL,MIN,2019-02-23,140.0,128.0
22018,1610612740,1610612747,New Orleans Pelicans,Los Angeles Lakers,NOP,LAL,2019-02-23,128.0,115.0
22018,1610612766,1610612751,Charlotte Hornets,Brooklyn Nets,CHA,BKN,2019-02-23,115.0,117.0
22018,1610612743,1610612746,Denver Nuggets,LA Clippers,DEN,LAC,2019-02-24,123.0,96.0
22018,1610612752,1610612759,New York Knicks,San Antonio Spurs,NYK,SAS,2019-02-24,130.0,118.0
22018,1610612761,1610612753,Toronto Raptors,Orlando Magic,TOR,ORL,2019-02-24,98.0,113.0
22018,1610612741,1610612749,Chicago Bulls,Milwaukee Bucks,CHI,MIL,2019-02-25,106.0,117.0
22018,1610612740,1610612755,New Orleans Pelicans,Philadelphia 76ers,NOP,PHI,2019-02-25,110.0,111.0
22018,1610612745,1610612737,Houston Rockets,Atlanta Hawks,HOU,ATL,2019-02-25,119.0,111.0
22018,1610612763,1610612747,Memphis Grizzlies,Los Angeles Lakers,MEM,LAL,2019-02-25,110.0,105.0
22018,1610612766,1610612744,Charlotte Hornets,Golden State Warriors,CHA,GSW,2019-02-25,110.0,121.0
22018,1610612746,1610612742,LA Clippers,Dallas Mavericks,LAC,DAL,2019-02-25,121.0,112.0
22018,1610612750,1610612758,Minnesota Timberwolves,Sacramento Kings,MIN,SAC,2019-02-25,112.0,105.0
22018,1610612765,1610612754,Detroit Pistons,Indiana Pacers,DET,IND,2019-02-25,113.0,109.0
22018,1610612739,1610612757,Cleveland Cavaliers,Portland Trail Blazers,CLE,POR,2019-02-25,110.0,123.0
22018,1610612748,1610612756,Miami Heat,Phoenix Suns,MIA,PHX,2019-02-25,121.0,124.0
22018,1610612751,1610612759,Brooklyn Nets,San Antonio Spurs,BKN,SAS,2019-02-25,101.0,85.0
22018,1610612743,1610612760,Denver Nuggets,Oklahoma City Thunder,DEN,OKC,2019-02-26,121.0,112.0
22018,1610612761,1610612738,Toronto Raptors,Boston Celtics,TOR,BOS,2019-02-26,118.0,95.0
22018,1610612752,1610612753,New York Knicks,Orlando Magic,NYK,ORL,2019-02-26,108.0,103.0
22018,1610612751,1610612764,Brooklyn Nets,Washington Wizards,BKN,WAS,2019-02-27,116.0,125.0
22018,1610612737,1610612750,Atlanta Hawks,Minnesota Timberwolves,ATL,MIN,2019-02-27,131.0,123.0
22018,1610612738,1610612757,Boston Celtics,Portland Trail Blazers,BOS,POR,2019-02-27,92.0,97.0
22018,1610612766,1610612745,Charlotte Hornets,Houston Rockets,CHA,HOU,2019-02-27,113.0,118.0
22018,1610612748,1610612744,Miami Heat,Golden State Warriors,MIA,GSW,2019-02-27,126.0,125.0
22018,1610612742,1610612754,Dallas Mavericks,Indiana Pacers,DAL,IND,2019-02-27,110.0,101.0
22018,1610612762,1610612746,Utah Jazz,LA Clippers,UTA,LAC,2019-02-27,111.0,105.0
22018,1610612759,1610612765,San Antonio Spurs,Detroit Pistons,SAS,DET,2019-02-27,105.0,93.0
22018,1610612758,1610612749,Sacramento Kings,Milwaukee Bucks,SAC,MIL,2019-02-27,140.0,141.0
22018,1610612763,1610612741,Memphis Grizzlies,Chicago Bulls,MEM,CHI,2019-02-27,107.0,109.0
22018,1610612747,1610612740,Los Angeles Lakers,New Orleans Pelicans,LAL,NOP,2019-02-27,125.0,119.0
22018,1610612760,1610612755,Oklahoma City Thunder,Philadelphia 76ers,OKC,PHI,2019-02-28,104.0,108.0
22018,1610612752,1610612739,New York Knicks,Cleveland Cavaliers,NYK,CLE,2019-02-28,118.0,125.0
22018,1610612745,1610612748,Houston Rockets,Miami Heat,HOU,MIA,2019-02-28,121.0,118.0
22018,1610612743,1610612762,Denver Nuggets,Utah Jazz,DEN,UTA,2019-02-28,104.0,111.0
22018,1610612753,1610612744,Orlando Magic,Golden State Warriors,ORL,GSW,2019-02-28,103.0,96.0
22018,1610612754,1610612750,Indiana Pacers,Minnesota Timberwolves,IND,MIN,2019-02-28,122.0,115.0
22018,1610612756,1610612740,Phoenix Suns,New Orleans Pelicans,PHX,NOP,2019-03-01,116.0,130.0
22018,1610612747,1610612749,Los Angeles Lakers,Milwaukee Bucks,LAL,MIL,2019-03-01,120.0,131.0
22018,1610612751,1610612766,Brooklyn Nets,Charlotte Hornets,BKN,CHA,2019-03-01,112.0,123.0
22018,1610612758,1610612746,Sacramento Kings,LA Clippers,SAC,LAC,2019-03-01,109.0,116.0
22018,1610612738,1610612764,Boston Celtics,Washington Wizards,BOS,WAS,2019-03-01,107.0,96.0
22018,1610612761,1610612757,Toronto Raptors,Portland Trail Blazers,TOR,POR,2019-03-01,119.0,117.0
22018,1610612737,1610612741,Atlanta Hawks,Chicago Bulls,ATL,CHI,2019-03-01,161.0,168.0
22018,1610612759,1610612760,San Antonio Spurs,Oklahoma City Thunder,SAS,OKC,2019-03-02,116.0,102.0
22018,1610612742,1610612763,Dallas Mavericks,Memphis Grizzlies,DAL,MEM,2019-03-02,81.0,111.0
22018,1610612754,1610612753,Indiana Pacers,Orlando Magic,IND,ORL,2019-03-02,112.0,117.0
22018,1610612762,1610612749,Utah Jazz,Milwaukee Bucks,UTA,MIL,2019-03-02,115.0,111.0
22018,1610612756,1610612747,Phoenix Suns,Los Angeles Lakers,PHX,LAL,2019-03-02,118.0,109.0
22018,1610612739,1610612765,Cleveland Cavaliers,Detroit Pistons,CLE,DET,2019-03-02,93.0,129.0
22018,1610612748,1610612751,Miami Heat,Brooklyn Nets,MIA,BKN,2019-03-02,117.0,88.0
22018,1610612743,1610612740,Denver Nuggets,New Orleans Pelicans,DEN,NOP,2019-03-02,112.0,120.0
22018,1610612755,1610612744,Philadelphia 76ers,Golden State Warriors,PHI,GSW,2019-03-02,117.0,120.0
22018,1610612765,1610612761,Detroit Pistons,Toronto Raptors,DET,TOR,2019-03-03,112.0,107.0
22018,1610612746,1610612752,LA Clippers,New York Knicks,LAC,NYK,2019-03-03,128.0,107.0
22018,1610612760,1610612763,Oklahoma City Thunder,Memphis Grizzlies,OKC,MEM,2019-03-03,99.0,95.0
22018,1610612741,1610612737,Chicago Bulls,Atlanta Hawks,CHI,ATL,2019-03-03,118.0,123.0
22018,1610612766,1610612757,Charlotte Hornets,Portland Trail Blazers,CHA,POR,2019-03-03,108.0,118.0
22018,1610612738,1610612745,Boston Celtics,Houston Rockets,BOS,HOU,2019-03-03,104.0,115.0
22018,1610612764,1610612750,Washington Wizards,Minnesota Timberwolves,WAS,MIN,2019-03-03,135.0,121.0
22018,1610612739,1610612753,Cleveland Cavaliers,Orlando Magic,CLE,ORL,2019-03-03,107.0,93.0
22018,1610612748,1610612737,Miami Heat,Atlanta Hawks,MIA,ATL,2019-03-04,114.0,113.0
22018,1610612747,1610612746,Los Angeles Lakers,LA Clippers,LAL,LAC,2019-03-04,105.0,113.0
22018,1610612762,1610612740,Utah Jazz,New Orleans Pelicans,UTA,NOP,2019-03-04,112.0,115.0
22018,1610612759,1610612743,San Antonio Spurs,Denver Nuggets,SAS,DEN,2019-03-04,104.0,103.0
22018,1610612756,1610612749,Phoenix Suns,Milwaukee Bucks,PHX,MIL,2019-03-04,114.0,105.0
22018,1610612758,1610612752,Sacramento Kings,New York Knicks,SAC,NYK,2019-03-04,115.0,108.0
22018,1610612751,1610612742,Brooklyn Nets,Dallas Mavericks,BKN,DAL,2019-03-04,127.0,88.0
22018,1610612744,1610612738,Golden State Warriors,Boston Celtics,GSW,BOS,2019-03-05,95.0,128.0
22018,1610612755,1610612753,Philadelphia 76ers,Orlando Magic,PHI,ORL,2019-03-05,114.0,106.0
22018,1610612761,1610612745,Toronto Raptors,Houston Rockets,TOR,HOU,2019-03-05,95.0,107.0
22018,1610612763,1610612757,Memphis Grizzlies,Portland Trail Blazers,MEM,POR,2019-03-05,120.0,111.0
22018,1610612754,1610612741,Indiana Pacers,Chicago Bulls,IND,CHI,2019-03-05,105.0,96.0
22018,1610612750,1610612760,Minnesota Timberwolves,Oklahoma City Thunder,MIN,OKC,2019-03-05,131.0,120.0
22018,1610612741,1610612755,Chicago Bulls,Philadelphia 76ers,CHI,PHI,2019-03-06,108.0,107.0
22018,1610612765,1610612750,Detroit Pistons,Minnesota Timberwolves,DET,MIN,2019-03-06,131.0,114.0
22018,1610612740,1610612762,New Orleans Pelicans,Utah Jazz,NOP,UTA,2019-03-06,104.0,114.0
22018,1610612764,1610612742,Washington Wizards,Dallas Mavericks,WAS,DAL,2019-03-06,132.0,123.0
22018,1610612756,1610612752,Phoenix Suns,New York Knicks,PHX,NYK,2019-03-06,107.0,96.0
22018,1610612747,1610612743,Los Angeles Lakers,Denver Nuggets,LAL,DEN,2019-03-06,99.0,115.0
22018,1610612758,1610612738,Sacramento Kings,Boston Celtics,SAC,BOS,2019-03-06,109.0,111.0
22018,1610612751,1610612739,Brooklyn Nets,Cleveland Cavaliers,BKN,CLE,2019-03-06,113.0,107.0
22018,1610612737,1610612759,Atlanta Hawks,San Antonio Spurs,ATL,SAS,2019-03-06,104.0,111.0
22018,1610612766,1610612748,Charlotte Hornets,Miami Heat,CHA,MIA,2019-03-06,84.0,91.0
22018,1610612757,1610612760,Portland Trail Blazers,Oklahoma City Thunder,POR,OKC,2019-03-07,121.0,129.0
22018,1610612749,1610612754,Milwaukee Bucks,Indiana Pacers,MIL,IND,2019-03-07,117.0,98.0
22018,1610612745,1610612755,Houston Rockets,Philadelphia 76ers,HOU,PHI,2019-03-08,107.0,91.0
22018,1610612740,1610612761,New Orleans Pelicans,Toronto Raptors,NOP,TOR,2019-03-08,104.0,127.0
22018,1610612741,1610612765,Chicago Bulls,Detroit Pistons,CHI,DET,2019-03-08,104.0,112.0
22018,1610612766,1610612764,Charlotte Hornets,Washington Wizards,CHA,WAS,2019-03-08,112.0,111.0
22018,1610612744,1610612743,Golden State Warriors,Denver Nuggets,GSW,DEN,2019-03-08,122.0,105.0
22018,1610612753,1610612742,Orlando Magic,Dallas Mavericks,ORL,DAL,2019-03-08,111.0,106.0
22018,1610612748,1610612739,Miami Heat,Cleveland Cavaliers,MIA,CLE,2019-03-08,126.0,110.0
22018,1610612746,1610612760,LA Clippers,Oklahoma City Thunder,LAC,OKC,2019-03-08,118.0,110.0
22018,1610612763,1610612762,Memphis Grizzlies,Utah Jazz,MEM,UTA,2019-03-08,114.0,104.0
22018,1610612749,1610612766,Milwaukee Bucks,Charlotte Hornets,MIL,CHA,2019-03-09,131.0,114.0
22018,1610612752,1610612758,New York Knicks,Sacramento Kings,NYK,SAC,2019-03-09,94.0,102.0
22018,1610612747,1610612738,Los Angeles Lakers,Boston Celtics,LAL,BOS,2019-03-09,107.0,120.0
22018,1610612737,1610612751,Atlanta Hawks,Brooklyn Nets,ATL,BKN,2019-03-09,112.0,114.0
22018,1610612757,1610612756,Portland Trail Blazers,Phoenix Suns,POR,PHX,2019-03-09,127.0,120.0
22018,1610612750,1610612764,Minnesota Timberwolves,Washington Wizards,MIN,WAS,2019-03-09,135.0,130.0
22018,1610612737,1610612740,Atlanta Hawks,New Orleans Pelicans,ATL,NOP,2019-03-10,128.0,116.0
22018,1610612748,1610612761,Miami Heat,Toronto Raptors,MIA,TOR,2019-03-10,104.0,125.0
22018,1610612742,1610612745,Dallas Mavericks,Houston Rockets,DAL,HOU,2019-03-10,93.0,94.0
22018,1610612755,1610612754,Philadelphia 76ers,Indiana Pacers,PHI,IND,2019-03-10,106.0,89.0
22018,1610612765,1610612741,Detroit Pistons,Chicago Bulls,DET,CHI,2019-03-10,131.0,108.0
22018,1610612759,1610612749,San Antonio Spurs,Milwaukee Bucks,SAS,MIL,2019-03-10,121.0,114.0
22018,1610612750,1610612752,Minnesota Timberwolves,New York Knicks,MIN,NYK,2019-03-10,103.0,92.0
22018,1610612763,1610612753,Memphis Grizzlies,Orlando Magic,MEM,ORL,2019-03-10,105.0,97.0
22018,1610612744,1610612756,Golden State Warriors,Phoenix Suns,GSW,PHX,2019-03-10,111.0,115.0
22018,1610612739,1610612761,Cleveland Cavaliers,Toronto Raptors,CLE,TOR,2019-03-11,126.0,101.0
22018,1610612751,1610612765,Brooklyn Nets,Detroit Pistons,BKN,DET,2019-03-11,103.0,75.0
22018,1610612746,1610612738,LA Clippers,Boston Celtics,LAC,BOS,2019-03-11,140.0,115.0
22018,1610612745,1610612766,Houston Rockets,Charlotte Hornets,HOU,CHA,2019-03-11,118.0,106.0
22018,1610612762,1610612760,Utah Jazz,Oklahoma City Thunder,UTA,OKC,2019-03-11,89.0,98.0
22018,1610612764,1610612758,Washington Wizards,Sacramento Kings,WAS,SAC,2019-03-11,121.0,115.0
22018,1610612746,1610612757,LA Clippers,Portland Trail Blazers,LAC,POR,2019-03-12,104.0,125.0
22018,1610612742,1610612759,Dallas Mavericks,San Antonio Spurs,DAL,SAS,2019-03-12,105.0,112.0
22018,1610612755,1610612739,Philadelphia 76ers,Cleveland Cavaliers,PHI,CLE,2019-03-12,106.0,99.0
22018,1610612740,1610612749,New Orleans Pelicans,Milwaukee Bucks,NOP,MIL,2019-03-12,113.0,130.0
22018,1610612754,1610612752,Indiana Pacers,New York Knicks,IND,NYK,2019-03-12,103.0,98.0
22018,1610612743,1610612750,Denver Nuggets,Minnesota Timberwolves,DEN,MIN,2019-03-12,133.0,107.0
22018,1610612741,1610612747,Chicago Bulls,Los Angeles Lakers,CHI,LAL,2019-03-12,107.0,123.0
22018,1610612737,1610612763,Atlanta Hawks,Memphis Grizzlies,ATL,MEM,2019-03-13,132.0,111.0
22018,1610612756,1610612762,Phoenix Suns,Utah Jazz,PHX,UTA,2019-03-13,97.0,114.0
22018,1610612745,1610612744,Houston Rockets,Golden State Warriors,HOU,GSW,2019-03-13,104.0,106.0
22018,1610612764,1610612753,Washington Wizards,Orlando Magic,WAS,ORL,2019-03-13,100.0,90.0
22018,1610612748,1610612765,Miami Heat,Detroit Pistons,MIA,DET,2019-03-13,108.0,74.0
22018,1610612760,1610612751,Oklahoma City Thunder,Brooklyn Nets,OKC,BKN,2019-03-13,108.0,96.0
22018,1610612738,1610612758,Boston Celtics,Sacramento Kings,BOS,SAC,2019-03-14,126.0,120.0
22018,1610612761,1610612747,Toronto Raptors,Los Angeles Lakers,TOR,LAL,2019-03-14,111.0,98.0
22018,1610612754,1610612760,Indiana Pacers,Oklahoma City Thunder,IND,OKC,2019-03-14,108.0,106.0
22018,1610612762,1610612750,Utah Jazz,Minnesota Timberwolves,UTA,MIN,2019-03-14,120.0,100.0
22018,1610612753,1610612739,Orlando Magic,Cleveland Cavaliers,ORL,CLE,2019-03-14,120.0,91.0
22018,1610612743,1610612742,Denver Nuggets,Dallas Mavericks,DEN,DAL,2019-03-14,100.0,99.0
22018,1610612740,1610612757,New Orleans Pelicans,Portland Trail Blazers,NOP,POR,2019-03-15,110.0,122.0
22018,1610612746,1610612741,LA Clippers,Chicago Bulls,LAC,CHI,2019-03-15,128.0,121.0
22018,1610612764,1610612766,Washington Wizards,Charlotte Hornets,WAS,CHA,2019-03-15,110.0,116.0
22018,1610612765,1610612747,Detroit Pistons,Los Angeles Lakers,DET,LAL,2019-03-15,111.0,97.0
22018,1610612755,1610612758,Philadelphia 76ers,Sacramento Kings,PHI,SAC,2019-03-15,123.0,114.0
22018,1610612745,1610612756,Houston Rockets,Phoenix Suns,HOU,PHX,2019-03-15,108.0,102.0
22018,1610612748,1610612749,Miami Heat,Milwaukee Bucks,MIA,MIL,2019-03-15,98.0,113.0
22018,1610612759,1610612752,San Antonio Spurs,New York Knicks,SAS,NYK,2019-03-15,109.0,83.0
22018,1610612742,1610612739,Dallas Mavericks,Cleveland Cavaliers,DAL,CLE,2019-03-16,121.0,116.0
22018,1610612738,1610612737,Boston Celtics,Atlanta Hawks,BOS,ATL,2019-03-16,129.0,120.0
22018,1610612764,1610612763,Washington Wizards,Memphis Grizzlies,WAS,MEM,2019-03-16,135.0,128.0
22018,1610612743,1610612754,Denver Nuggets,Indiana Pacers,DEN,IND,2019-03-16,102.0,100.0
22018,1610612762,1610612751,Utah Jazz,Brooklyn Nets,UTA,BKN,2019-03-16,114.0,98.0
22018,1610612760,1610612744,Oklahoma City Thunder,Golden State Warriors,OKC,GSW,2019-03-16,88.0,110.0
22018,1610612740,1610612756,New Orleans Pelicans,Phoenix Suns,NOP,PHX,2019-03-16,136.0,138.0
22018,1610612759,1610612757,San Antonio Spurs,Portland Trail Blazers,SAS,POR,2019-03-16,108.0,103.0
22018,1610612765,1610612761,Detroit Pistons,Toronto Raptors,DET,TOR,2019-03-17,110.0,107.0
22018,1610612758,1610612741,Sacramento Kings,Chicago Bulls,SAC,CHI,2019-03-17,129.0,102.0
22018,1610612748,1610612766,Miami Heat,Charlotte Hornets,MIA,CHA,2019-03-17,93.0,75.0
22018,1610612749,1610612755,Milwaukee Bucks,Philadelphia 76ers,MIL,PHI,2019-03-17,125.0,130.0
22018,1610612746,1610612751,LA Clippers,Brooklyn Nets,LAC,BKN,2019-03-17,119.0,116.0
22018,1610612753,1610612737,Orlando Magic,Atlanta Hawks,ORL,ATL,2019-03-17,101.0,91.0
22018,1610612745,1610612750,Houston Rockets,Minnesota Timberwolves,HOU,MIN,2019-03-17,117.0,102.0
22018,1610612752,1610612747,New York Knicks,Los Angeles Lakers,NYK,LAL,2019-03-17,124.0,123.0
22018,1610612756,1610612741,Phoenix Suns,Chicago Bulls,PHX,CHI,2019-03-18,101.0,116.0
22018,1610612760,1610612748,Oklahoma City Thunder,Miami Heat,OKC,MIA,2019-03-18,107.0,116.0
22018,1610612742,1610612740,Dallas Mavericks,New Orleans Pelicans,DAL,NOP,2019-03-18,125.0,129.0
22018,1610612739,1610612765,Cleveland Cavaliers,Detroit Pistons,CLE,DET,2019-03-18,126.0,119.0
22018,1610612757,1610612754,Portland Trail Blazers,Indiana Pacers,POR,IND,2019-03-18,106.0,98.0
22018,1610612764,1610612762,Washington Wizards,Utah Jazz,WAS,UTA,2019-03-18,95.0,116.0
22018,1610612759,1610612744,San Antonio Spurs,Golden State Warriors,SAS,GSW,2019-03-18,111.0,105.0
22018,1610612761,1610612752,Toronto Raptors,New York Knicks,TOR,NYK,2019-03-18,128.0,92.0
22018,1610612738,1610612743,Boston Celtics,Denver Nuggets,BOS,DEN,2019-03-18,105.0,114.0
22018,1610612746,1610612754,LA Clippers,Indiana Pacers,LAC,IND,2019-03-19,115.0,109.0
22018,1610612737,1610612745,Atlanta Hawks,Houston Rockets,ATL,HOU,2019-03-19,105.0,121.0
22018,1610612766,1610612755,Charlotte Hornets,Philadelphia 76ers,CHA,PHI,2019-03-19,114.0,118.0
22018,1610612750,1610612744,Minnesota Timberwolves,Golden State Warriors,MIN,GSW,2019-03-19,107.0,117.0
22018,1610612749,1610612747,Milwaukee Bucks,Los Angeles Lakers,MIL,LAL,2019-03-19,115.0,101.0
22018,1610612758,1610612751,Sacramento Kings,Brooklyn Nets,SAC,BKN,2019-03-19,121.0,123.0
22018,1610612752,1610612762,New York Knicks,Utah Jazz,NYK,UTA,2019-03-20,116.0,137.0
22018,1610612739,1610612749,Cleveland Cavaliers,Milwaukee Bucks,CLE,MIL,2019-03-20,107.0,102.0
22018,1610612753,1610612740,Orlando Magic,New Orleans Pelicans,ORL,NOP,2019-03-20,119.0,96.0
22018,1610612757,1610612742,Portland Trail Blazers,Dallas Mavericks,POR,DAL,2019-03-20,126.0,118.0
22018,1610612763,1610612745,Memphis Grizzlies,Houston Rockets,MEM,HOU,2019-03-20,126.0,125.0
22018,1610612755,1610612738,Philadelphia 76ers,Boston Celtics,PHI,BOS,2019-03-20,118.0,115.0
22018,1610612760,1610612761,Oklahoma City Thunder,Toronto Raptors,OKC,TOR,2019-03-20,114.0,123.0
22018,1610612741,1610612764,Chicago Bulls,Washington Wizards,CHI,WAS,2019-03-20,126.0,120.0
22018,1610612759,1610612748,San Antonio Spurs,Miami Heat,SAS,MIA,2019-03-20,105.0,110.0
22018,1610612766,1610612750,Charlotte Hornets,Minnesota Timberwolves,CHA,MIN,2019-03-21,113.0,106.0
22018,1610612737,1610612762,Atlanta Hawks,Utah Jazz,ATL,UTA,2019-03-21,117.0,114.0
22018,1610612756,1610612765,Phoenix Suns,Detroit Pistons,PHX,DET,2019-03-21,98.0,118.0
22018,1610612744,1610612754,Golden State Warriors,Indiana Pacers,GSW,IND,2019-03-21,112.0,89.0
22018,1610612758,1610612742,Sacramento Kings,Dallas Mavericks,SAC,DAL,2019-03-21,116.0,100.0
22018,1610612764,1610612743,Washington Wizards,Denver Nuggets,WAS,DEN,2019-03-21,108.0,113.0
22018,1610612753,1610612763,Orlando Magic,Memphis Grizzlies,ORL,MEM,2019-03-22,123.0,119.0
22018,1610612752,1610612743,New York Knicks,Denver Nuggets,NYK,DEN,2019-03-22,93.0,111.0
22018,1610612761,1610612760,Toronto Raptors,Oklahoma City Thunder,TOR,OKC,2019-03-22,109.0,116.0
22018,1610612745,1610612759,Houston Rockets,San Antonio Spurs,HOU,SAS,2019-03-22,111.0,105.0
22018,1610612739,1610612746,Cleveland Cavaliers,LA Clippers,CLE,LAC,2019-03-22,108.0,110.0
22018,1610612747,1610612751,Los Angeles Lakers,Brooklyn Nets,LAL,BKN,2019-03-22,106.0,111.0
22018,1610612749,1610612748,Milwaukee Bucks,Miami Heat,MIL,MIA,2019-03-22,116.0,87.0
22018,1610612758,1610612756,Sacramento Kings,Phoenix Suns,SAC,PHX,2019-03-23,112.0,103.0
22018,1610612741,1610612762,Chicago Bulls,Utah Jazz,CHI,UTA,2019-03-23,83.0,114.0
22018,1610612744,1610612742,Golden State Warriors,Dallas Mavericks,GSW,DAL,2019-03-23,91.0,126.0
22018,1610612763,1610612750,Memphis Grizzlies,Minnesota Timberwolves,MEM,MIN,2019-03-23,99.0,112.0
22018,1610612757,1610612765,Portland Trail Blazers,Detroit Pistons,POR,DET,2019-03-23,117.0,112.0
22018,1610612766,1610612738,Charlotte Hornets,Boston Celtics,CHA,BOS,2019-03-23,124.0,117.0
22018,1610612764,1610612748,Washington Wizards,Miami Heat,WAS,MIA,2019-03-23,108.0,113.0
22018,1610612737,1610612755,Atlanta Hawks,Philadelphia 76ers,ATL,PHI,2019-03-23,129.0,127.0
22018,1610612747,1610612758,Los Angeles Lakers,Sacramento Kings,LAL,SAC,2019-03-24,111.0,106.0
22018,1610612754,1610612743,Indiana Pacers,Denver Nuggets,IND,DEN,2019-03-24,124.0,88.0
22018,1610612738,1610612759,Boston Celtics,San Antonio Spurs,BOS,SAS,2019-03-24,96.0,115.0
22018,1610612761,1610612766,Toronto Raptors,Charlotte Hornets,TOR,CHA,2019-03-24,114.0,115.0
22018,1610612752,1610612746,New York Knicks,LA Clippers,NYK,LAC,2019-03-24,113.0,124.0
22018,1610612740,1610612745,New Orleans Pelicans,Houston Rockets,NOP,HOU,2019-03-24,90.0,113.0
22018,1610612749,1610612739,Milwaukee Bucks,Cleveland Cavaliers,MIL,CLE,2019-03-24,127.0,105.0
22018,1610612744,1610612765,Golden State Warriors,Detroit Pistons,GSW,DET,2019-03-24,121.0,114.0
22018,1610612763,1610612760,Memphis Grizzlies,Oklahoma City Thunder,MEM,OKC,2019-03-25,115.0,103.0
22018,1610612762,1610612756,Utah Jazz,Phoenix Suns,UTA,PHX,2019-03-25,125.0,92.0
22018,1610612757,1610612751,Portland Trail Blazers,Brooklyn Nets,POR,BKN,2019-03-25,148.0,144.0
22018,1610612753,1610612755,Orlando Magic,Philadelphia 76ers,ORL,PHI,2019-03-25,119.0,98.0
22018,1610612749,1610612745,Milwaukee Bucks,Houston Rockets,MIL,HOU,2019-03-26,108.0,94.0
22018,1610612743,1610612765,Denver Nuggets,Detroit Pistons,DEN,DET,2019-03-26,95.0,92.0
22018,1610612742,1610612758,Dallas Mavericks,Sacramento Kings,DAL,SAC,2019-03-26,121.0,125.0
22018,1610612740,1610612737,New Orleans Pelicans,Atlanta Hawks,NOP,ATL,2019-03-26,120.0,130.0
22018,1610612761,1610612741,Toronto Raptors,Chicago Bulls,TOR,CHI,2019-03-26,112.0,103.0
22018,1610612750,1610612746,Minnesota Timberwolves,LA Clippers,MIN,LAC,2019-03-26,111.0,122.0
22018,1610612766,1610612759,Charlotte Hornets,San Antonio Spurs,CHA,SAS,2019-03-26,125.0,116.0
22018,1610612739,1610612738,Cleveland Cavaliers,Boston Celtics,CLE,BOS,2019-03-26,106.0,116.0
22018,1610612748,1610612753,Miami Heat,Orlando Magic,MIA,ORL,2019-03-26,99.0,104.0
22018,1610612747,1610612764,Los Angeles Lakers,Washington Wizards,LAL,WAS,2019-03-26,124.0,106.0
22018,1610612763,1610612744,Memphis Grizzlies,Golden State Warriors,MEM,GSW,2019-03-27,103.0,118.0
22018,1610612762,1610612747,Utah Jazz,Los Angeles Lakers,UTA,LAL,2019-03-27,115.0,100.0
22018,1610612756,1610612764,Phoenix Suns,Washington Wizards,PHX,WAS,2019-03-27,121.0,124.0
22018,1610612741,1610612757,Chicago Bulls,Portland Trail Blazers,CHI,POR,2019-03-27,98.0,118.0
22018,1610612760,1610612754,Oklahoma City Thunder,Indiana Pacers,OKC,IND,2019-03-27,107.0,99.0
22018,1610612748,1610612742,Miami Heat,Dallas Mavericks,MIA,DAL,2019-03-28,105.0,99.0
22018,1610612752,1610612761,New York Knicks,Toronto Raptors,NYK,TOR,2019-03-28,92.0,117.0
22018,1610612745,1610612743,Houston Rockets,Denver Nuggets,HOU,DEN,2019-03-28,112.0,85.0
22018,1610612755,1610612751,Philadelphia 76ers,Brooklyn Nets,PHI,BKN,2019-03-28,123.0,110.0
22018,1610612765,1610612753,Detroit Pistons,Orlando Magic,DET,ORL,2019-03-28,115.0,98.0
22018,1610612749,1610612746,Milwaukee Bucks,LA Clippers,MIL,LAC,2019-03-28,128.0,118.0
22018,1610612759,1610612739,San Antonio Spurs,Cleveland Cavaliers,SAS,CLE,2019-03-28,116.0,110.0
22018,1610612740,1610612758,New Orleans Pelicans,Sacramento Kings,NOP,SAC,2019-03-28,121.0,118.0
22018,1610612738,1610612754,Boston Celtics,Indiana Pacers,BOS,IND,2019-03-29,114.0,112.0
22018,1610612737,1610612757,Atlanta Hawks,Portland Trail Blazers,ATL,POR,2019-03-29,98.0,118.0
22018,1610612747,1610612766,Los Angeles Lakers,Charlotte Hornets,LAL,CHA,2019-03-29,129.0,115.0
22018,1610612760,1610612743,Oklahoma City Thunder,Denver Nuggets,OKC,DEN,2019-03-29,105.0,115.0
22018,1610612750,1610612744,Minnesota Timberwolves,Golden State Warriors,MIN,GSW,2019-03-29,131.0,130.0
22018,1610612762,1610612764,Utah Jazz,Washington Wizards,UTA,WAS,2019-03-29,128.0,124.0
22018,1610612754,1610612753,Indiana Pacers,Orlando Magic,IND,ORL,2019-03-30,116.0,121.0
22018,1610612750,1610612755,Minnesota Timberwolves,Philadelphia 76ers,MIN,PHI,2019-03-30,109.0,118.0
22018,1610612752,1610612748,New York Knicks,Miami Heat,NYK,MIA,2019-03-30,92.0,100.0
22018,1610612756,1610612763,Phoenix Suns,Memphis Grizzlies,PHX,MEM,2019-03-30,115.0,120.0
22018,1610612745,1610612758,Houston Rockets,Sacramento Kings,HOU,SAC,2019-03-30,119.0,108.0
22018,1610612751,1610612738,Brooklyn Nets,Boston Celtics,BKN,BOS,2019-03-30,110.0,96.0
22018,1610612746,1610612739,LA Clippers,Cleveland Cavaliers,LAC,CLE,2019-03-30,132.0,108.0
22018,1610612765,1610612757,Detroit Pistons,Portland Trail Blazers,DET,POR,2019-03-30,99.0,90.0
22018,1610612741,1610612761,Chicago Bulls,Toronto Raptors,CHI,TOR,2019-03-30,101.0,124.0
22018,1610612759,1610612758,San Antonio Spurs,Sacramento Kings,SAS,SAC,2019-03-31,106.0,113.0
22018,1610612760,1610612742,Oklahoma City Thunder,Dallas Mavericks,OKC,DAL,2019-03-31,103.0,106.0
22018,1610612737,1610612749,Atlanta Hawks,Milwaukee Bucks,ATL,MIL,2019-03-31,136.0,135.0
22018,1610612743,1610612764,Denver Nuggets,Washington Wizards,DEN,WAS,2019-03-31,90.0,95.0
22018,1610612744,1610612766,Golden State Warriors,Charlotte Hornets,GSW,CHA,2019-03-31,137.0,90.0
22018,1610612740,1610612747,New Orleans Pelicans,Los Angeles Lakers,NOP,LAL,2019-03-31,102.0,130.0
22018,1610612746,1610612763,LA Clippers,Memphis Grizzlies,LAC,MEM,2019-03-31,113.0,96.0
22018,1610612756,1610612739,Phoenix Suns,Cleveland Cavaliers,PHX,CLE,2019-04-01,122.0,113.0
22018,1610612742,1610612755,Dallas Mavericks,Philadelphia 76ers,DAL,PHI,2019-04-01,122.0,102.0
22018,1610612752,1610612741,New York Knicks,Chicago Bulls,NYK,CHI,2019-04-01,113.0,105.0
22018,1610612751,1610612749,Brooklyn Nets,Milwaukee Bucks,BKN,MIL,2019-04-01,121.0,131.0
22018,1610612761,1610612753,Toronto Raptors,Orlando Magic,TOR,ORL,2019-04-01,121.0,109.0
22018,1610612750,1610612757,Minnesota Timberwolves,Portland Trail Blazers,MIN,POR,2019-04-01,122.0,132.0
22018,1610612738,1610612748,Boston Celtics,Miami Heat,BOS,MIA,2019-04-01,110.0,105.0
22018,1610612754,1610612765,Indiana Pacers,Detroit Pistons,IND,DET,2019-04-01,111.0,102.0
22018,1610612762,1610612766,Utah Jazz,Charlotte Hornets,UTA,CHA,2019-04-01,111.0,102.0
22018,1610612758,1610612745,Sacramento Kings,Houston Rockets,SAC,HOU,2019-04-02,105.0,130.0
22018,1610612759,1610612737,San Antonio Spurs,Atlanta Hawks,SAS,ATL,2019-04-02,117.0,111.0
22018,1610612760,1610612747,Oklahoma City Thunder,Los Angeles Lakers,OKC,LAL,2019-04-02,119.0,103.0
22018,1610612744,1610612743,Golden State Warriors,Denver Nuggets,GSW,DEN,2019-04-02,116.0,102.0
22018,1610612746,1610612745,LA Clippers,Houston Rockets,LAC,HOU,2019-04-03,103.0,135.0
22018,1610612751,1610612761,Brooklyn Nets,Toronto Raptors,BKN,TOR,2019-04-03,105.0,115.0
22018,1610612743,1610612759,Denver Nuggets,San Antonio Spurs,DEN,SAS,2019-04-03,113.0,85.0
22018,1610612757,1610612763,Portland Trail Blazers,Memphis Grizzlies,POR,MEM,2019-04-03,116.0,89.0
22018,1610612753,1610612752,Orlando Magic,New York Knicks,ORL,NYK,2019-04-03,114.0,100.0
22018,1610612765,1610612754,Detroit Pistons,Indiana Pacers,DET,IND,2019-04-03,89.0,108.0
22018,1610612764,1610612741,Washington Wizards,Chicago Bulls,WAS,CHI,2019-04-03,114.0,115.0
22018,1610612740,1610612766,New Orleans Pelicans,Charlotte Hornets,NOP,CHA,2019-04-03,109.0,115.0
22018,1610612742,1610612750,Dallas Mavericks,Minnesota Timberwolves,DAL,MIN,2019-04-03,108.0,110.0
22018,1610612737,1610612755,Atlanta Hawks,Philadelphia 76ers,ATL,PHI,2019-04-03,130.0,122.0
22018,1610612748,1610612738,Miami Heat,Boston Celtics,MIA,BOS,2019-04-03,102.0,112.0
22018,1610612756,1610612762,Phoenix Suns,Utah Jazz,PHX,UTA,2019-04-03,97.0,118.0
22018,1610612758,1610612739,Sacramento Kings,Cleveland Cavaliers,SAC,CLE,2019-04-04,117.0,104.0
22018,1610612747,1610612744,Los Angeles Lakers,Golden State Warriors,LAL,GSW,2019-04-04,90.0,108.0
22018,1610612755,1610612749,Philadelphia 76ers,Milwaukee Bucks,PHI,MIL,2019-04-04,122.0,128.0
22018,1610612744,1610612739,Golden State Warriors,Cleveland Cavaliers,GSW,CLE,2019-04-05,120.0,114.0
22018,1610612745,1610612752,Houston Rockets,New York Knicks,HOU,NYK,2019-04-05,120.0,96.0
22018,1610612764,1610612759,Washington Wizards,San Antonio Spurs,WAS,SAS,2019-04-05,112.0,129.0
22018,1610612760,1610612765,Oklahoma City Thunder,Detroit Pistons,OKC,DET,2019-04-05,123.0,110.0
22018,1610612753,1610612737,Orlando Magic,Atlanta Hawks,ORL,ATL,2019-04-05,149.0,113.0
22018,1610612766,1610612761,Charlotte Hornets,Toronto Raptors,CHA,TOR,2019-04-05,113.0,111.0
22018,1610612762,1610612758,Utah Jazz,Sacramento Kings,UTA,SAC,2019-04-05,119.0,98.0
22018,1610612746,1610612747,LA Clippers,Los Angeles Lakers,LAC,LAL,2019-04-05,117.0,122.0
22018,1610612750,1610612748,Minnesota Timberwolves,Miami Heat,MIN,MIA,2019-04-05,111.0,109.0
22018,1610612756,1610612740,Phoenix Suns,New Orleans Pelicans,PHX,NOP,2019-04-05,133.0,126.0
22018,1610612754,1610612738,Indiana Pacers,Boston Celtics,IND,BOS,2019-04-05,97.0,117.0
22018,1610612742,1610612763,Dallas Mavericks,Memphis Grizzlies,DAL,MEM,2019-04-05,112.0,122.0
22018,1610612743,1610612757,Denver Nuggets,Portland Trail Blazers,DEN,POR,2019-04-05,119.0,110.0
22018,1610612741,1610612755,Chicago Bulls,Philadelphia 76ers,CHI,PHI,2019-04-06,96.0,116.0
22018,1610612749,1610612751,Milwaukee Bucks,Brooklyn Nets,MIL,BKN,2019-04-06,128.0,133.0
22018,1610612763,1610612742,Memphis Grizzlies,Dallas Mavericks,MEM,DAL,2019-04-07,127.0,129.0
22018,1610612745,1610612756,Houston Rockets,Phoenix Suns,HOU,PHX,2019-04-07,149.0,113.0
22018,1610612761,1610612748,Toronto Raptors,Miami Heat,TOR,MIA,2019-04-07,117.0,109.0
22018,1610612749,1610612737,Milwaukee Bucks,Atlanta Hawks,MIL,ATL,2019-04-07,115.0,107.0
22018,1610612752,1610612764,New York Knicks,Washington Wizards,NYK,WAS,2019-04-07,113.0,110.0
22018,1610612744,1610612746,Golden State Warriors,LA Clippers,GSW,LAC,2019-04-07,131.0,104.0
22018,1610612750,1610612760,Minnesota Timberwolves,Oklahoma City Thunder,MIN,OKC,2019-04-07,126.0,132.0
22018,1610612747,1610612762,Los Angeles Lakers,Utah Jazz,LAL,UTA,2019-04-07,113.0,109.0
22018,1610612758,1610612740,Sacramento Kings,New Orleans Pelicans,SAC,NOP,2019-04-07,129.0,133.0
22018,1610612765,1610612766,Detroit Pistons,Charlotte Hornets,DET,CHA,2019-04-07,91.0,104.0
22018,1610612738,1610612753,Boston Celtics,Orlando Magic,BOS,ORL,2019-04-07,108.0,116.0
22018,1610612754,1610612751,Indiana Pacers,Brooklyn Nets,IND,BKN,2019-04-07,96.0,108.0
22018,1610612739,1610612759,Cleveland Cavaliers,San Antonio Spurs,CLE,SAS,2019-04-07,90.0,112.0
22018,1610612757,1610612743,Portland Trail Blazers,Denver Nuggets,POR,DEN,2019-04-07,115.0,108.0
22018,1610612765,1610612763,Detroit Pistons,Memphis Grizzlies,DET,MEM,2019-04-09,100.0,93.0
22018,1610612748,1610612755,Miami Heat,Philadelphia 76ers,MIA,PHI,2019-04-09,122.0,99.0
22018,1610612762,1610612743,Utah Jazz,Denver Nuggets,UTA,DEN,2019-04-09,118.0,108.0
22018,1610612747,1610612757,Los Angeles Lakers,Portland Trail Blazers,LAL,POR,2019-04-09,101.0,104.0
22018,1610612739,1610612766,Cleveland Cavaliers,Charlotte Hornets,CLE,CHA,2019-04-09,97.0,124.0
22018,1610612760,1610612745,Oklahoma City Thunder,Houston Rockets,OKC,HOU,2019-04-09,112.0,111.0
22018,1610612742,1610612756,Dallas Mavericks,Phoenix Suns,DAL,PHX,2019-04-09,120.0,109.0
22018,1610612750,1610612761,Minnesota Timberwolves,Toronto Raptors,MIN,TOR,2019-04-09,100.0,120.0
22018,1610612740,1610612744,New Orleans Pelicans,Golden State Warriors,NOP,GSW,2019-04-09,103.0,112.0
22018,1610612764,1610612738,Washington Wizards,Boston Celtics,WAS,BOS,2019-04-09,110.0,116.0
22018,1610612741,1610612752,Chicago Bulls,New York Knicks,CHI,NYK,2019-04-09,86.0,96.0
22018,1610612743,1610612750,Denver Nuggets,Minnesota Timberwolves,DEN,MIN,2019-04-10,99.0,95.0
22018,1610612737,1610612754,Atlanta Hawks,Indiana Pacers,ATL,IND,2019-04-10,134.0,135.0
22018,1610612763,1610612744,Memphis Grizzlies,Golden State Warriors,MEM,GSW,2019-04-10,132.0,117.0
22018,1610612749,1610612760,Milwaukee Bucks,Oklahoma City Thunder,MIL,OKC,2019-04-10,116.0,127.0
22018,1610612755,1610612741,Philadelphia 76ers,Chicago Bulls,PHI,CHI,2019-04-10,125.0,109.0
22018,1610612757,1610612758,Portland Trail Blazers,Sacramento Kings,POR,SAC,2019-04-10,136.0,131.0
22018,1610612766,1610612753,Charlotte Hornets,Orlando Magic,CHA,ORL,2019-04-10,114.0,122.0
22018,1610612751,1610612748,Brooklyn Nets,Miami Heat,BKN,MIA,2019-04-10,113.0,94.0
22018,1610612759,1610612742,San Antonio Spurs,Dallas Mavericks,SAS,DAL,2019-04-10,105.0,94.0
22018,1610612752,1610612765,New York Knicks,Detroit Pistons,NYK,DET,2019-04-10,89.0,115.0
22018,1610612746,1610612762,LA Clippers,Utah Jazz,LAC,UTA,2019-04-10,143.0,137.0
42018,1610612744,1610612746,Golden State Warriors,LA Clippers,GSW,LAC,2019-04-13,121.0,104.0
42018,1610612761,1610612753,Toronto Raptors,Orlando Magic,TOR,ORL,2019-04-13,101.0,104.0
42018,1610612755,1610612751,Philadelphia 76ers,Brooklyn Nets,PHI,BKN,2019-04-13,102.0,111.0
42018,1610612743,1610612759,Denver Nuggets,San Antonio Spurs,DEN,SAS,2019-04-13,96.0,101.0
42018,1610612738,1610612754,Boston Celtics,Indiana Pacers,BOS,IND,2019-04-14,84.0,74.0
42018,1610612757,1610612760,Portland Trail Blazers,Oklahoma City Thunder,POR,OKC,2019-04-14,104.0,99.0
42018,1610612749,1610612765,Milwaukee Bucks,Detroit Pistons,MIL,DET,2019-04-14,121.0,86.0
42018,1610612745,1610612762,Houston Rockets,Utah Jazz,HOU,UTA,2019-04-14,122.0,90.0
42018,1610612755,1610612751,Philadelphia 76ers,Brooklyn Nets,PHI,BKN,2019-04-15,145.0,123.0
42018,1610612744,1610612746,Golden State Warriors,LA Clippers,GSW,LAC,2019-04-15,131.0,135.0
42018,1610612761,1610612753,Toronto Raptors,Orlando Magic,TOR,ORL,2019-04-16,111.0,82.0
42018,1610612743,1610612759,Denver Nuggets,San Antonio Spurs,DEN,SAS,2019-04-16,114.0,105.0
42018,1610612757,1610612760,Portland Trail Blazers,Oklahoma City Thunder,POR,OKC,2019-04-16,114.0,94.0
42018,1610612738,1610612754,Boston Celtics,Indiana Pacers,BOS,IND,2019-04-17,99.0,91.0
42018,1610612745,1610612762,Houston Rockets,Utah Jazz,HOU,UTA,2019-04-17,118.0,98.0
42018,1610612749,1610612765,Milwaukee Bucks,Detroit Pistons,MIL,DET,2019-04-17,120.0,99.0
42018,1610612746,1610612744,LA Clippers,Golden State Warriors,LAC,GSW,2019-04-18,105.0,132.0
42018,1610612759,1610612743,San Antonio Spurs,Denver Nuggets,SAS,DEN,2019-04-18,118.0,108.0
42018,1610612751,1610612755,Brooklyn Nets,Philadelphia 76ers,BKN,PHI,2019-04-18,115.0,131.0
42018,1610612760,1610612757,Oklahoma City Thunder,Portland Trail Blazers,OKC,POR,2019-04-19,120.0,108.0
42018,1610612753,1610612761,Orlando Magic,Toronto Raptors,ORL,TOR,2019-04-19,93.0,98.0
42018,1610612754,1610612738,Indiana Pacers,Boston Celtics,IND,BOS,2019-04-19,96.0,104.0
42018,1610612759,1610612743,San Antonio Spurs,Denver Nuggets,SAS,DEN,2019-04-20,103.0,117.0
42018,1610612751,1610612755,Brooklyn Nets,Philadelphia 76ers,BKN,PHI,2019-04-20,108.0,112.0
42018,1610612765,1610612749,Detroit Pistons,Milwaukee Bucks,DET,MIL,2019-04-20,103.0,119.0
42018,1610612762,1610612745,Utah Jazz,Houston Rockets,UTA,HOU,2019-04-20,101.0,104.0
42018,1610612754,1610612738,Indiana Pacers,Boston Celtics,IND,BOS,2019-04-21,106.0,110.0
42018,1610612746,1610612744,LA Clippers,Golden State Warriors,LAC,GSW,2019-04-21,105.0,113.0
42018,1610612753,1610612761,Orlando Magic,Toronto Raptors,ORL,TOR,2019-04-21,85.0,107.0
42018,1610612760,1610612757,Oklahoma City Thunder,Portland Trail Blazers,OKC,POR,2019-04-21,98.0,111.0
42018,1610612762,1610612745,Utah Jazz,Houston Rockets,UTA,HOU,2019-04-22,107.0,91.0
42018,1610612765,1610612749,Detroit Pistons,Milwaukee Bucks,DET,MIL,2019-04-22,104.0,127.0
42018,1610612761,1610612753,Toronto Raptors,Orlando Magic,TOR,ORL,2019-04-23,115.0,96.0
42018,1610612755,1610612751,Philadelphia 76ers,Brooklyn Nets,PHI,BKN,2019-04-23,122.0,100.0
42018,1610612757,1610612760,Portland Trail Blazers,Oklahoma City Thunder,POR,OKC,2019-04-23,118.0,115.0
42018,1610612743,1610612759,Denver Nuggets,San Antonio Spurs,DEN,SAS,2019-04-23,108.0,90.0
42018,1610612744,1610612746,Golden State Warriors,LA Clippers,GSW,LAC,2019-04-24,121.0,129.0
42018,1610612745,1610612762,Houston Rockets,Utah Jazz,HOU,UTA,2019-04-24,100.0,93.0
42018,1610612759,1610612743,San Antonio Spurs,Denver Nuggets,SAS,DEN,2019-04-25,120.0,103.0
42018,1610612746,1610612744,LA Clippers,Golden State Warriors,LAC,GSW,2019-04-26,110.0,129.0
42018,1610612761,1610612755,Toronto Raptors,Philadelphia 76ers,TOR,PHI,2019-04-27,108.0,95.0
42018,1610612743,1610612759,Denver Nuggets,San Antonio Spurs,DEN,SAS,2019-04-27,90.0,86.0
42018,1610612749,1610612738,Milwaukee Bucks,Boston Celtics,MIL,BOS,2019-04-28,90.0,112.0
42018,1610612744,1610612745,Golden State Warriors,Houston Rockets,GSW,HOU,2019-04-28,104.0,100.0
42018,1610612761,1610612755,Toronto Raptors,Philadelphia 76ers,TOR,PHI,2019-04-29,89.0,94.0
42018,1610612743,1610612757,Denver Nuggets,Portland Trail Blazers,DEN,POR,2019-04-29,121.0,113.0
42018,1610612744,1610612745,Golden State Warriors,Houston Rockets,GSW,HOU,2019-04-30,115.0,109.0
42018,1610612749,1610612738,Milwaukee Bucks,Boston Celtics,MIL,BOS,2019-04-30,123.0,102.0
42018,1610612743,1610612757,Denver Nuggets,Portland Trail Blazers,DEN,POR,2019-05-01,90.0,97.0
42018,1610612755,1610612761,Philadelphia 76ers,Toronto Raptors,PHI,TOR,2019-05-02,116.0,95.0
42018,1610612738,1610612749,Boston Celtics,Milwaukee Bucks,BOS,MIL,2019-05-03,116.0,123.0
42018,1610612757,1610612743,Portland Trail Blazers,Denver Nuggets,POR,DEN,2019-05-03,140.0,137.0
42018,1610612745,1610612744,Houston Rockets,Golden State Warriors,HOU,GSW,2019-05-04,126.0,121.0
42018,1610612757,1610612743,Portland Trail Blazers,Denver Nuggets,POR,DEN,2019-05-05,112.0,116.0
42018,1610612755,1610612761,Philadelphia 76ers,Toronto Raptors,PHI,TOR,2019-05-05,96.0,101.0
42018,1610612738,1610612749,Boston Celtics,Milwaukee Bucks,BOS,MIL,2019-05-06,101.0,113.0
42018,1610612745,1610612744,Houston Rockets,Golden State Warriors,HOU,GSW,2019-05-06,112.0,108.0
42018,1610612761,1610612755,Toronto Raptors,Philadelphia 76ers,TOR,PHI,2019-05-07,125.0,89.0
42018,1610612743,1610612757,Denver Nuggets,Portland Trail Blazers,DEN,POR,2019-05-07,124.0,98.0
42018,1610612744,1610612745,Golden State Warriors,Houston Rockets,GSW,HOU,2019-05-08,104.0,99.0
42018,1610612749,1610612738,Milwaukee Bucks,Boston Celtics,MIL,BOS,2019-05-08,116.0,91.0
42018,1610612757,1610612743,Portland Trail Blazers,Denver Nuggets,POR,DEN,2019-05-09,119.0,108.0
42018,1610612755,1610612761,Philadelphia 76ers,Toronto Raptors,PHI,TOR,2019-05-09,112.0,101.0
42018,1610612745,1610612744,Houston Rockets,Golden State Warriors,HOU,GSW,2019-05-10,113.0,118.0
42018,1610612743,1610612757,Denver Nuggets,Portland Trail Blazers,DEN,POR,2019-05-12,96.0,100.0
42018,1610612761,1610612755,Toronto Raptors,Philadelphia 76ers,TOR,PHI,2019-05-12,92.0,90.0
42018,1610612744,1610612757,Golden State Warriors,Portland Trail Blazers,GSW,POR,2019-05-14,116.0,94.0
42018,1610612749,1610612761,Milwaukee Bucks,Toronto Raptors,MIL,TOR,2019-05-15,108.0,100.0
42018,1610612744,1610612757,Golden State Warriors,Portland Trail Blazers,GSW,POR,2019-05-16,114.0,111.0
42018,1610612749,1610612761,Milwaukee Bucks,Toronto Raptors,MIL,TOR,2019-05-17,125.0,103.0
42018,1610612757,1610612744,Portland Trail Blazers,Golden State Warriors,POR,GSW,2019-05-18,99.0,110.0
42018,1610612761,1610612749,Toronto Raptors,Milwaukee Bucks,TOR,MIL,2019-05-19,118.0,112.0
42018,1610612757,1610612744,Portland Trail Blazers,Golden State Warriors,POR,GSW,2019-05-20,117.0,119.0
42018,1610612761,1610612749,Toronto Raptors,Milwaukee Bucks,TOR,MIL,2019-05-21,120.0,102.0
42018,1610612749,1610612761,Milwaukee Bucks,Toronto Raptors,MIL,TOR,2019-05-23,99.0,105.0
42018,1610612761,1610612749,Toronto Raptors,Milwaukee Bucks,TOR,MIL,2019-05-25,100.0,94.0
42018,1610612761,1610612744,Toronto Raptors,Golden State Warriors,TOR,GSW,2019-05-30,118.0,109.0
42018,1610612761,1610612744,Toronto Raptors,Golden State Warriors,TOR,GSW,2019-06-02,104.0,109.0
42018,1610612744,1610612761,Golden State Warriors,Toronto Raptors,GSW,TOR,2019-06-05,109.0,123.0
42018,1610612744,1610612761,Golden State Warriors,Toronto Raptors,GSW,TOR,2019-06-07,92.0,105.0
42018,1610612761,1610612744,Toronto Raptors,Golden State Warriors,TOR,GSW,2019-06-10,105.0,106.0
42018,1610612744,1610612761,Golden State Warriors,Toronto Raptors,GSW,TOR,2019-06-13,110.0,114.0
